03003000
03004000
03005000
03000001
03001001
03002001
03003001
03004001
03005001
03000002
03001002
03002002
03004002
03005002
03000003
03001003
03002003
03004003
02000000
03000004
03003004
03005004
03001005
03002005
03003005
03004005
03005005
03000006
03001006
03002006
03003006
03005006
03000007
03001007
03002007
03003007
03004007
03000008
03003008
03004008
03005008
03000009
03001009
03002009
03003009
03004009
03005009
0300100A
0300200A
0300300A
0300400A
0300500A
0300000B
0300100B
0300200B
0300400B
0300000C
0300300C
0300400C
0300500C
0300000D
0300100D
0300200D
0300300D
0300400D
0300500D
0300000E
0300100E
0300200E
0300500E
0300100F
0300200F
0300300F
0300400F
03000010
03003010
03005010
03000011
03001011
03002011
03003011
03004011
03005011
03000012
03001012
03002012
03003012
03004012
03005012
03000013
03001013
03002013
03004013
03003014
03004014
03005014
03000015
03001015
03002015
03003015
03004015
03005015
03000016
03001016
03002016
03003016
03004016
03005016
03000017
03001017
03002017
03003017
03004017
03000018
03003018
03005018
03001019
03002019
03004019
03005019
0300001A
0300101A
0300201A
0300301A
0300501A
0300001B
0300101B
0300201B
0300301B
0300401B
0300001C
0300401C
0300501C
0300001D
0300101D
0300201D
0300301D
0300401D
0300501D
0300101E
0300201E
0300301E
0300401E
0300501E
0300001F
0300101F
0300201F
0300301F
0300401F
03000020
03003020
03004020
03005020
03000021
03001021
03002021
03003021
03004021
03005021
03000022
03001022
03002022
03005022
03001023
03002023
03003023
03004023
03000024
03003024
03005024
03000025
03001025
03002025
03004025
03005025
03000026
03001026
03002026
03003026
03004026
03005026
03000027
03001027
03002027
03003027
03004027
03003028
03004028
03005028
03000029
03001029
03002029
03003029
03004029
03005029
0300002A
0300102A
0300202A
0300302A
0300402A
0300502A
0300002B
0300102B
0300202B
0300402B
0300002C
0300302C
0300402C
0300502C
0300102D
0300202D
0300302D
0300502D
0300002E
0300102E
0300202E
0300302E
0300502E
0300002F
0300102F
0300202F
0300402F
03000030
03003030
03004030
03005030
03000031
03001031
03002031
03003031
03004031
03005031
03001032
03002032
03004032
03005032
03000033
03001033
03002033
03003033
03004033
03000034
03003034
03004034
03005034
03000035
03001035
03002035
03003035
03004035
03005035
03000036
03001036
03002036
03003036
03004036
03005036
03001037
03002037
03003037
03004037
03000038
03003038
03005038
03000039
03001039
03002039
03003039
03005039
0300003A
0300103A
0300203A
0300403A
0300503A
0300003B
0300103B
0300203B
0300403B
0300303C
0300403C
0300503C
0300003D
0300103D
0300203D
0300303D
0300403D
0300503D
0300003E
0300103E
0300203E
0300303E
0300403E
0300503E
0300003F
0300103F
0300203F
0300303F
0300403F
03000040
03003040
03004040
03005040
03001041
03002041
03004041
03005041
03000042
03001042
03002042
03003042
03004042
03005042
03000043
03001043
03002043
03003043
03000044
03003044
03005044
03000045
03001045
03002045
03003045
03004045
03005045
03001046
03002046
03003046
03004046
03005046
03000047
03001047
03002047
03004047
03000048
03003048
03004048
03005048
03000049
03001049
03002049
03004049
03005049
0300004A
0300104A
0300204A
0300304A
0300404A
0300504A
0300104B
0300204B
0300304B
0300404B
0300004C
0300304C
0300404C
0300504C
0300004D
0300104D
0300204D
0300304D
0300404D
0300504D
0300004E
0300104E
0300204E
0300304E
0300504E
0300004F
0300104F
0300204F
0300304F
03004050
03005050
03000051
03001051
03002051
03003051
03004051
03005051
03000052
03001052
03002052
03003052
03004052
03005052
03000053
03001053
03002053
03004053
03000054
03003054
03004054
03005054
03001055
03002055
03003055
03004055
03005055
03000056
03001056
03002056
03003056
03004056
03005056
03000057
03001057
03002057
03003057
03004057
03000058
03003058
03005058
03000059
03001059
03002059
03003059
03004059
03005059
0300105A
0300205A
0300405A
0300505A
0300005B
0300105B
0300205B
0300005C
0300305C
0300405C
0300505C
0300005D
0300105D
0300205D
0300305D
0300405D
0300505D
0300005E
0300105E
0300205E
0300305E
0300405E
0300505E
0300105F
0300205F
0300305F
0300405F
03000060
03003060
03004060
03005060
03000061
03001061
03002061
03003061
03004061
03005061
03000062
03001062
03002062
03003062
03004062
03005062
03000063
03001063
03002063
03003063
03004064
03005064
03000065
03001065
03002065
03003065
03005065
03000066
03001066
03002066
03004066
03005066
03000067
03001067
03002067
03003067
03004067
03000068
03003068
03004068
03005068
03001069
03002069
03003069
03004069
03005069
0300006A
0300106A
0300206A
0300306A
0300406A
0300506A
0300006B
0300106B
0300206B
0300406B
0300006C
0300306C
0300406C
0300506C
0300006D
0300106D
0300206D
0300306D
0300506D
0300106E
0300206E
0300306E
0300406E
0300506E
0300006F
0300106F
0300206F
0300306F
03000070
03003070
03004070
03005070
03000071
03001071
03002071
03003071
03004071
03005071
03000072
03001072
03002072
03004072
03005072
03001073
03002073
03003073
03004073
03000074
03004074
03005074
03000075
03001075
03002075
03003075
03004075
03005075
03000076
03001076
03002076
03003076
03004076
03005076
03000077
03001077
03002077
03003077
03003078
03004078
03005078
03000079
03001079
03002079
03003079
03004079
03005079
0300007A
0300107A
0300207A
0300507A
0300007B
0300107B
0300207B
0300307B
0300407B
0300007C
0300307C
0300407C
0300507C
0300107D
0300207D
0300307D
0300407D
0300507D
0300007E
0300107E
0300207E
0300307E
0300407E
0300507E
0300007F
0300107F
0300207F
0300407F
03000080
03003080
03004080
03005080
03000081
03001081
03002081
03003081
03005081
03001082
03002082
03003082
03004082
03005082
03000083
03001083
03002083
03004083
03000084
03003084
03004084
03005084
03000085
03001085
03002085
03003085
03005085
03000086
03001086
03002086
03003086
03004086
03005086
03001087
03002087
03003087
03004087
03000088
03004088
03005088
03000089
03001089
03002089
03003089
03004089
03005089
0300008A
0300108A
0300208A
0300308A
0300408A
0300508A
0300008B
0300108B
0300208B
0300308B
0300408C
0300508C
0300008D
0300108D
0300208D
0300308D
0300408D
0300508D
0300008E
0300108E
0300208E
0300308E
0300408E
0300508E
0300008F
0300108F
0300208F
0300308F
0300408F
03000090
03003090
03004090
03005090
03001091
03002091
03003091
03005091
03000092
03001092
03002092
03004092
03005092
03000093
03001093
03002093
03003093
03004093
03000094
03004094
03005094
03000095
03001095
03002095
03003095
03005095
03001096
03002096
03003096
03004096
03005096
03000097
03001097
03002097
03003097
03004097
03000098
03003098
03004098
03005098
03000099
03001099
03002099
03003099
03004099
03005099
0300009A
0300109A
0300209A
0300309A
0300409A
0300509A
0300109B
0300209B
0300409B
0300009C
0300309C
0300509C
0300009D
0300109D
0300209D
0300309D
0300409D
0300509D
0300009E
0300109E
0300209E
0300409E
0300509E
0300009F
0300109F
0300209F
0300309F
030030A0
030040A0
030050A0
030000A1
030010A1
030020A1
030030A1
030040A1
030050A1
030000A2
030010A2
030020A2
030030A2
030040A2
030050A2
030000A3
030010A3
030020A3
030040A3
030000A4
030030A4
030040A4
030050A4
030010A5
030020A5
030030A5
030040A5
030050A5
030000A6
030010A6
030020A6
030030A6
030040A6
030050A6
030000A7
030010A7
030020A7
030030A7
030000A8
030040A8
030050A8
030000A9
030010A9
030020A9
030030A9
030040A9
030050A9
030010AA
030020AA
030030AA
030050AA
030000AB
030010AB
030020AB
030030AB
030040AB
030000AC
030030AC
030040AC
030050AC
030000AD
030010AD
030020AD
030040AD
030050AD
030000AE
030010AE
030020AE
030030AE
030040AE
030050AE
030010AF
030020AF
030030AF
030040AF
030000B0
030040B0
030050B0
030000B1
030010B1
030020B1
030030B1
030040B1
030050B1
030000B2
030010B2
030020B2
030030B2
030050B2
030000B3
030010B3
030020B3
030030B3
030040B3
030030B4
030040B4
030050B4
030000B5
030010B5
030020B5
030030B5
030050B5
030000B6
030010B6
030020B6
030030B6
030040B6
030050B6
030000B7
030010B7
030020B7
030040B7
030000B8
030030B8
030040B8
030050B8
030010B9
030020B9
030030B9
030040B9
030050B9
030000BA
030010BA
030020BA
030040BA
030050BA
030000BB
030010BB
030020BB
030030BB
030040BB
030000BC
030030BC
030040BC
030050BC
030000BD
030010BD
030020BD
030030BD
030050BD
030010BE
030020BE
030030BE
030040BE
030050BE
030000BF
030010BF
030020BF
030030BF
030000C0
030040C0
030050C0
030000C1
030010C1
030020C1
030030C1
030040C1
030050C1
030000C2
030010C2
030020C2
030030C2
030040C2
030050C2
030010C3
030020C3
030030C3
030040C3
030000C4
030040C4
030050C4
030000C5
030010C5
030020C5
030030C5
030040C5
030050C5
030000C6
030010C6
030020C6
030030C6
030040C6
030050C6
030000C7
030010C7
030020C7
030030C7
010000C8
03000000
03001000
03003000
03004000
03005000
03001001
03002001
03003001
03004001
03005001
03000002
03001002
03002002
03003002
03005002
03000003
03002003
03004003
02000000
03000004
03001004
03003004
03004004
03005004
03000005
03001005
03002005
03003005
03005005
03001006
03002006
03003006
03004006
03005006
03000007
03002007
03003007
03004007
03000008
03001008
03003008
03004008
03005008
03000009
03001009
03002009
03004009
03005009
0300000A
0300100A
0300200A
0300400A
0300500A
0300200B
0300300B
0300400B
0300000C
0300100C
0300300C
0300500C
0300000D
0300100D
0300200D
0300300D
0300400D
0300500D
0300000E
0300100E
0300200E
0300300E
0300400E
0300500E
0300000F
0300200F
0300300F
0300400F
03001010
03003010
03005010
03000011
03001011
03002011
03003011
03004011
03005011
03000012
03001012
03002012
03003012
03004012
03005012
03000013
03002013
03004013
03000014
03001014
03003014
03004014
03005014
03001015
03002015
03004015
03005015
03000016
03001016
03002016
03003016
03004016
03005016
03000017
03002017
03000018
03001018
03003018
03004018
03005018
03000019
03001019
03002019
03003019
03004019
03005019
0300101A
0300201A
0300301A
0300401A
0300501A
0300001B
0300201B
0300301B
0300401B
0300001C
0300101C
0300301C
0300501C
0300001D
0300101D
0300201D
0300301D
0300401D
0300501D
0300001E
0300101E
0300201E
0300301E
0300401E
0300501E
0300201F
0300301F
0300401F
03000020
03001020
03003020
03004020
03005020
03000021
03001021
03002021
03004021
03005021
03000022
03001022
03002022
03003022
03005022
03000023
03002023
03004023
03001024
03004024
03005024
03000025
03001025
03002025
03003025
03004025
03005025
03000026
03001026
03002026
03003026
03005026
03000027
03002027
03003027
03004027
03000028
03001028
03003028
03004028
03005028
03001029
03002029
03003029
03004029
03005029
0300002A
0300102A
0300202A
0300302A
0300402A
0300502A
0300002B
0300202B
0300302B
0300402B
0300002C
0300102C
0300302C
0300502C
0300002D
0300102D
0300202D
0300302D
0300402D
0300502D
0300102E
0300202E
0300302E
0300502E
0300002F
0300202F
0300402F
03000030
03001030
03004030
03005030
03000031
03001031
03002031
03003031
03004031
03005031
03000032
03001032
03002032
03004032
03005032
03002033
03003033
03004033
03000034
03001034
03003034
03004034
03005034
03000035
03001035
03002035
03003035
03005035
03000036
03001036
03002036
03003036
03004036
03005036
03000037
03002037
03003037
03004037
03001038
03003038
03005038
03000039
03001039
03002039
03003039
03004039
03005039
0300003A
0300103A
0300203A
0300303A
0300403A
0300503A
0300003B
0300203B
0300303B
0300403B
0300003C
0300103C
0300403C
0300503C
0300103D
0300203D
0300403D
0300503D
0300003E
0300103E
0300203E
0300303E
0300503E
0300003F
0300203F
0300303F
0300403F
03000040
03001040
03003040
03004040
03005040
03000041
03001041
03002041
03004041
03005041
03001042
03002042
03003042
03004042
03005042
03000043
03002043
03003043
03000044
03001044
03003044
03004044
03005044
03000045
03001045
03002045
03003045
03004045
03005045
03000046
03001046
03002046
03003046
03004046
03005046
03002047
03003047
03004047
03000048
03001048
03003048
03004048
03005048
03000049
03001049
03002049
03005049
0300004A
0300104A
0300204A
0300404A
0300504A
0300004B
0300204B
0300304B
0300404B
0300104C
0300304C
0300404C
0300504C
0300004D
0300104D
0300204D
0300304D
0300404D
0300504D
0300004E
0300104E
0300204E
0300304E
0300404E
0300504E
0300004F
0300204F
0300304F
03000050
03001050
03003050
03004050
03005050
03001051
03002051
03004051
03005051
03000052
03001052
03002052
03003052
03004052
03005052
03000053
03002053
03004053
03000054
03001054
03003054
03004054
03005054
03000055
03001055
03002055
03003055
03005055
03001056
03002056
03003056
03004056
03005056
03000057
03002057
03003057
03004057
03000058
03001058
03003058
03004058
03005058
03000059
03001059
03002059
03003059
03005059
0300005A
0300105A
0300205A
0300305A
0300405A
0300505A
0300205B
0300405B
0300005C
0300105C
0300405C
0300505C
0300005D
0300105D
0300205D
0300305D
0300405D
0300505D
0300005E
0300105E
0300205E
0300305E
0300405E
0300505E
0300005F
0300205F
0300305F
0300405F
03001060
03003060
03005060
03000061
03001061
03002061
03003061
03004061
03005061
03000062
03001062
03002062
03003062
03005062
03000063
03002063
03004063
03000064
03001064
03003064
03004064
03005064
03001065
03002065
03003065
03004065
03005065
03000066
03001066
03002066
03003066
03004066
03005066
03000067
03002067
03004067
03000068
03001068
03003068
03004068
03005068
03000069
03001069
03002069
03003069
03004069
03005069
0300106A
0300206A
0300306A
0300506A
0300006B
0300206B
0300306B
0300406B
0300006C
0300106C
0300406C
0300506C
0300006D
0300106D
0300206D
0300306D
0300506D
0300006E
0300106E
0300206E
0300306E
0300406E
0300506E
0300206F
0300306F
0300406F
03000070
03001070
03003070
03004070
03005070
03000071
03001071
03002071
03004071
03005071
03000072
03001072
03002072
03003072
03004072
03005072
03000073
03002073
03003073
03004073
03001074
03003074
03005074
03000075
03001075
03002075
03003075
03004075
03005075
03000076
03001076
03002076
03004076
03005076
03000077
03002077
03003077
03004077
03000078
03001078
03003078
03005078
03001079
03002079
03003079
03004079
03005079
0300007A
0300107A
0300207A
0300407A
0300507A
0300007B
0300207B
0300307B
0300407B
0300007C
0300107C
0300307C
0300407C
0300507C
0300007D
0300107D
0300207D
0300307D
0300407D
0300507D
0300107E
0300207E
0300307E
0300507E
0300007F
0300207F
0300307F
0300407F
03000080
03001080
03004080
03005080
03000081
03001081
03002081
03003081
03004081
03005081
03000082
03001082
03002082
03003082
03004082
03005082
03002083
03003083
03004083
03000084
03001084
03005084
03000085
03001085
03002085
03003085
03004085
03005085
03000086
03001086
03002086
03003086
03004086
03005086
03000087
03002087
03003087
03001088
03003088
03004088
03005088
03000089
03001089
03002089
03004089
03005089
0300008A
0300108A
0300208A
0300308A
0300408A
0300508A
0300008B
0300208B
0300308B
0300408B
0300008C
0300108C
0300308C
0300408C
0300508C
0300108D
0300208D
0300308D
0300408D
0300508D
0300008E
0300108E
0300208E
0300408E
0300508E
0300008F
0300208F
0300308F
03000090
03001090
03003090
03005090
03000091
03001091
03002091
03003091
03004091
03005091
03001092
03002092
03003092
03004092
03005092
03000093
03002093
03004093
03000094
03001094
03003094
03004094
03005094
03000095
03001095
03002095
03004095
03005095
03000096
03001096
03002096
03003096
03004096
03005096
03002097
03003097
03004097
03000098
03001098
03003098
03004098
03005098
03000099
03001099
03002099
03003099
03005099
0300009A
0300109A
0300209A
0300309A
0300509A
0300009B
0300209B
0300309B
0300409B
0300109C
0300309C
0300409C
0300509C
0300009D
0300109D
0300209D
0300409D
0300509D
0300009E
0300109E
0300209E
0300309E
0300409E
0300509E
0300009F
0300209F
0300409F
030000A0
030010A0
030030A0
030040A0
030050A0
030010A1
030020A1
030030A1
030040A1
030050A1
030000A2
030010A2
030020A2
030030A2
030040A2
030050A2
030000A3
030020A3
030000A4
030010A4
030030A4
030050A4
030000A5
030010A5
030020A5
030030A5
030040A5
030050A5
030010A6
030020A6
030030A6
030040A6
030050A6
030000A7
030020A7
030030A7
030040A7
030000A8
030010A8
030030A8
030040A8
030050A8
030000A9
030010A9
030020A9
030030A9
030040A9
030050A9
030000AA
030010AA
030020AA
030030AA
030040AA
030050AA
030020AB
030040AB
030000AC
030010AC
030040AC
030050AC
030000AD
030010AD
030020AD
030030AD
030050AD
030000AE
030010AE
030020AE
030030AE
030040AE
030050AE
030000AF
030020AF
030030AF
030040AF
030010B0
030030B0
030050B0
030000B1
030010B1
030020B1
030040B1
030050B1
030000B2
030010B2
030020B2
030030B2
030040B2
030050B2
030000B3
030020B3
030030B3
030040B3
030000B4
030010B4
030030B4
030040B4
030050B4
030010B5
030020B5
030030B5
030040B5
030050B5
030000B6
030010B6
030020B6
030030B6
030040B6
030050B6
030000B7
030020B7
030030B7
030040B7
030000B8
030010B8
030040B8
030050B8
030000B9
030010B9
030020B9
030030B9
030050B9
030010BA
030020BA
030050BA
030000BB
030020BB
030030BB
030040BB
030000BC
030010BC
030030BC
030040BC
030050BC
030000BD
030010BD
030020BD
030030BD
030040BD
030050BD
030000BE
030010BE
030020BE
030030BE
030040BE
030050BE
030020BF
030030BF
030040BF
030000C0
030010C0
030040C0
030050C0
030000C1
030010C1
030020C1
030030C1
030040C1
030050C1
030000C2
030010C2
030020C2
030030C2
030040C2
030050C2
030000C3
030020C3
030030C3
030010C4
030040C4
030050C4
030000C5
030010C5
030020C5
030030C5
030050C5
030000C6
030010C6
030020C6
030030C6
030040C6
030050C6
030000C7
030020C7
030030C7
030040C7
010000C8
03000000
03001000
03002000
03003000
03005000
03000001
03001001
03003001
03004001
03002002
03004002
03005002
03000003
03001003
03002003
03003003
03004003
03005003
02000000
03000004
03001004
03002004
03004004
03005004
03000005
03001005
03003005
03004005
03000006
03002006
03003006
03004006
03005006
03001007
03002007
03003007
03004007
03005007
03000008
03001008
03002008
03003008
03004008
03005008
03000009
03001009
03003009
0300000A
0300200A
0300300A
0300500A
0300000B
0300100B
0300200B
0300400B
0300500B
0300100C
0300200C
0300300C
0300400C
0300500C
0300000D
0300100D
0300400D
0300000E
0300200E
0300300E
0300400E
0300500E
0300000F
0300100F
0300200F
0300300F
0300400F
0300500F
03000010
03001010
03002010
03003010
03004010
03005010
03001011
03003011
03004011
03000012
03002012
03003012
03004012
03005012
03000013
03001013
03002013
03003013
03005013
03000014
03001014
03002014
03003014
03004014
03005014
03000015
03001015
03004015
03002016
03003016
03005016
03000017
03001017
03002017
03004017
03005017
03000018
03001018
03002018
03003018
03004018
03005018
03000019
03001019
03003019
03004019
0300001A
0300201A
0300301A
0300401A
0300501A
0300101B
0300201B
0300301B
0300401B
0300501B
0300001C
0300101C
0300201C
0300301C
0300401C
0300501C
0300001D
0300101D
0300401D
0300001E
0300201E
0300301E
0300501E
0300001F
0300101F
0300201F
0300301F
0300401F
0300501F
03001020
03002020
03003020
03004020
03005020
03000021
03001021
03003021
03000022
03002022
03003022
03004022
03005022
03000023
03001023
03002023
03004023
03005023
03000024
03001024
03002024
03003024
03004024
03005024
03001025
03004025
03000026
03002026
03003026
03004026
03005026
03000027
03001027
03002027
03003027
03004027
03005027
03000028
03001028
03002028
03003028
03005028
03000029
03001029
03003029
03004029
0300202A
0300302A
0300502A
0300002B
0300102B
0300202B
0300302B
0300402B
0300502B
0300002C
0300102C
0300202C
0300402C
0300502C
0300002D
0300102D
0300302D
0300402D
0300002E
0300202E
0300302E
0300402E
0300502E
0300102F
0300202F
0300302F
0300402F
0300502F
03000030
03001030
03002030
03004030
03005030
03000031
03001031
03003031
03000032
03002032
03003032
03004032
03005032
03000033
03001033
03002033
03003033
03004033
03005033
03001034
03002034
03005034
03000035
03001035
03003035
03004035
03000036
03002036
03003036
03004036
03005036
03000037
03001037
03002037
03003037
03004037
03005037
03000038
03001038
03002038
03003038
03004038
03005038
03001039
03003039
03004039
0300003A
0300203A
0300403A
0300503A
0300003B
0300103B
0300203B
0300303B
0300503B
0300003C
0300103C
0300203C
0300303C
0300403C
0300503C
0300003D
0300103D
0300203E
0300303E
0300403E
0300503E
0300003F
0300103F
0300203F
0300303F
0300403F
0300503F
03000040
03001040
03002040
03003040
03004040
03005040
03000041
03001041
03003041
03004041
03000042
03002042
03003042
03004042
03005042
03001043
03002043
03004043
03005043
03000044
03001044
03002044
03003044
03004044
03005044
03000045
03001045
03003045
03000046
03002046
03004046
03005046
03000047
03001047
03002047
03003047
03005047
03001048
03002048
03003048
03004048
03005048
03000049
03001049
03003049
03004049
0300004A
0300204A
0300304A
0300404A
0300504A
0300004B
0300104B
0300204B
0300304B
0300404B
0300504B
0300004C
0300104C
0300204C
0300404C
0300504C
0300104D
0300304D
0300404D
0300004E
0300204E
0300304E
0300404E
0300504E
0300004F
0300104F
0300204F
0300304F
0300404F
0300504F
03000050
03001050
03002050
03005050
03000051
03001051
03003051
03004051
03002052
03003052
03005052
03000053
03001053
03002053
03003053
03004053
03005053
03000054
03001054
03002054
03004054
03005054
03000055
03001055
03003055
03004055
03000056
03002056
03003056
03004056
03005056
03001057
03002057
03003057
03004057
03005057
03000058
03001058
03002058
03003058
03004058
03005058
03000059
03001059
03003059
03004059
0300005A
0300205A
0300405A
0300505A
0300005B
0300105B
0300205B
0300305B
0300505B
0300105C
0300205C
0300305C
0300405C
0300505C
0300005D
0300105D
0300005E
0300205E
0300305E
0300405E
0300505E
0300005F
0300105F
0300205F
0300305F
0300405F
0300505F
03000060
03001060
03002060
03003060
03004060
03005060
03001061
03003061
03004061
03000062
03002062
03003062
03004062
03005062
03000063
03001063
03002063
03004063
03005063
03000064
03001064
03002064
03003064
03004064
03005064
03000065
03001065
03003065
03004065
03002066
03003066
03005066
03000067
03001067
03002067
03005067
03000068
03001068
03002068
03003068
03004068
03005068
03000069
03001069
03003069
03004069
0300006A
0300206A
0300306A
0300406A
0300506A
0300106B
0300206B
0300306B
0300406B
0300506B
0300006C
0300106C
0300206C
0300406C
0300506C
0300006D
0300106D
0300306D
0300406D
0300006E
0300206E
0300306E
0300406E
0300506E
0300006F
0300106F
0300206F
0300306F
0300406F
0300506F
03001070
03002070
03003070
03005070
03000071
03001071
03004071
03000072
03002072
03003072
03005072
03000073
03001073
03002073
03003073
03004073
03005073
03000074
03001074
03002074
03003074
03004074
03005074
03001075
03003075
03004075
03000076
03002076
03004076
03005076
03000077
03001077
03002077
03003077
03004077
03005077
03000078
03001078
03002078
03003078
03004078
03005078
03000079
03001079
03003079
03004079
0300207A
0300407A
0300507A
0300007B
0300107B
0300207B
0300307B
0300507B
0300007C
0300107C
0300207C
0300307C
0300507C
0300007D
0300107D
0300307D
0300407D
0300007E
0300207E
0300307E
0300407E
0300507E
0300107F
0300207F
0300307F
0300407F
0300507F
03000080
03001080
03002080
03004080
03005080
03000081
03001081
03003081
03004081
03000082
03002082
03003082
03004082
03005082
03000083
03001083
03002083
03003083
03004083
03005083
03001084
03002084
03004084
03005084
03000085
03001085
03003085
03000086
03002086
03003086
03004086
03005086
03000087
03001087
03002087
03003087
03005087
03000088
03001088
03002088
03003088
03004088
03005088
03001089
03004089
0300008A
0300208A
0300308A
0300408A
0300508A
0300008B
0300108B
0300208B
0300308B
0300408B
0300508B
0300008C
0300108C
0300208C
0300308C
0300408C
0300508C
0300008D
0300108D
0300308D
0300408D
0300208E
0300408E
0300508E
0300008F
0300108F
0300208F
0300308F
0300508F
03000090
03001090
03002090
03003090
03004090
03005090
03000091
03001091
03003091
03004091
03000092
03002092
03005092
03001093
03002093
03003093
03004093
03005093
03000094
03001094
03002094
03003094
03004094
03005094
03000095
03001095
03003095
03004095
03000096
03002096
03003096
03004096
03005096
03000097
03001097
03002097
03003097
03004097
03005097
03001098
03002098
03004098
03005098
03000099
03001099
03003099
0300009A
0300209A
0300409A
0300509A
0300009B
0300109B
0300209B
0300309B
0300409B
0300509B
0300009C
0300109C
0300209C
0300309C
0300409C
0300509C
0300109D
0300309D
0300009E
0300209E
0300309E
0300409E
0300509E
0300009F
0300109F
0300209F
0300309F
0300409F
0300509F
030000A0
030010A0
030020A0
030030A0
030040A0
030050A0
030000A1
030010A1
030030A1
030040A1
030020A2
030040A2
030050A2
030000A3
030010A3
030020A3
030050A3
030000A4
030010A4
030020A4
030030A4
030040A4
030050A4
030000A5
030010A5
030030A5
030040A5
030000A6
030020A6
030030A6
030040A6
030050A6
030010A7
030020A7
030030A7
030040A7
030050A7
030000A8
030010A8
030020A8
030030A8
030050A8
030000A9
030010A9
030030A9
030040A9
030000AA
030020AA
030040AA
030050AA
030000AB
030010AB
030020AB
030030AB
030040AB
030050AB
030010AC
030020AC
030030AC
030040AC
030050AC
030000AD
030010AD
030000AE
030020AE
030030AE
030040AE
030050AE
030000AF
030010AF
030020AF
030030AF
030040AF
030050AF
030000B0
030010B0
030020B0
030030B0
030040B0
030050B0
030010B1
030030B1
030040B1
030000B2
030020B2
030030B2
030040B2
030050B2
030000B3
030010B3
030020B3
030050B3
030000B4
030010B4
030020B4
030030B4
030040B4
030050B4
030000B5
030010B5
030030B5
030040B5
030020B6
030040B6
030050B6
030000B7
030010B7
030020B7
030030B7
030050B7
030000B8
030010B8
030020B8
030030B8
030040B8
030050B8
030000B9
030010B9
030030B9
030040B9
030000BA
030020BA
030030BA
030040BA
030050BA
030010BB
030020BB
030030BB
030040BB
030050BB
030000BC
030010BC
030020BC
030040BC
030050BC
030000BD
030010BD
030030BD
030040BD
030000BE
030020BE
030030BE
030050BE
030000BF
030010BF
030020BF
030040BF
030050BF
030010C0
030020C0
030030C0
030040C0
030050C0
030000C1
030010C1
030030C1
030040C1
030000C2
030020C2
030030C2
030050C2
030000C3
030010C3
030020C3
030030C3
030040C3
030050C3
030000C4
030010C4
030020C4
030030C4
030040C4
030050C4
030010C5
030030C5
030040C5
030000C6
030020C6
030040C6
030050C6
030000C7
030010C7
030020C7
030040C7
030050C7
010000C8
03000000
03001000
03002001
03003001
03004001
03005001
03000002
03001002
03003002
03004002
03000003
03001003
03002003
03005003
02001000
03003004
03004004
03000005
03002005
03003005
03005005
03001006
03004006
03000007
03001007
03002007
03003007
03004007
03005007
03000008
03004008
03002009
03003009
03005009
0300000A
0300100A
0300300A
0300100B
0300200B
0300400B
0300500B
0300000C
0300300C
0300400C
0300000D
0300100D
0300200D
0300300D
0300400D
0300500D
0300000F
0300100F
0300200F
0300300F
0300500F
03000010
03001010
03004010
03002011
03003011
03004011
03005011
03000012
03003012
03004012
03001013
03002013
03005013
03000014
03001014
03003014
03004014
03000015
03002015
03005015
03003016
03004016
03000017
03001017
03002017
03003017
03004017
03005017
03001018
03003018
03000019
03002019
03004019
03005019
0300001A
0300101A
0300401A
0300201B
0300301B
0300501B
0300001C
0300101C
0300301C
0300401C
0300001D
0300201D
0300301D
0300501D
0300101E
0300401E
0300201F
0300301F
0300401F
0300501F
03000020
03001020
03004020
03000021
03002021
03003021
03005021
03000022
03001022
03004022
03001023
03002023
03003023
03004023
03005023
03003024
03000025
03002025
03005025
03000026
03001026
03003026
03004026
03005026
03000027
03001027
03002027
03003027
03004027
03004028
03005028
03000029
03001029
03002029
03003029
03005029
0300402A
0300002B
0300102B
0300202B
0300302B
0300402B
0300502B
0300002C
0300102C
0300202C
0300302C
0300502D
0300002E
0300202E
0300302E
0300402E
0300102F
0300202F
0300402F
0300502F
03000030
03001030
03003030
03004030
03000031
03002031
03003031
03005031
03004032
03000033
03001033
03002033
03003033
03005033
03001034
03003034
03004034
03000035
03002035
03004035
03005035
03000036
03001036
03002037
03003037
03005037
03000038
03001038
03003038
03004038
03001039
03002039
03003039
03004039
03005039
0300003A
0300403A
0300003B
0300203B
0300303B
0300403B
0300503B
0300103C
0300003D
0300103D
0300203D
0300303D
0300503D
0300003E
0300303E
0300403E
0300103F
0300203F
0300403F
0300503F
03003040
03000041
03001041
03002041
03004041
03005041
03000042
03001042
03003042
03004042
03000043
03002043
03003043
03005043
03004044
03001045
03002045
03003045
03005045
03000046
03001046
03004046
03000047
03002047
03003047
03004047
03005047
03000048
03003048
03004048
03001049
03002049
03003049
03005049
0300004A
0300104A
0300404A
0300204B
0300504B
0300004C
0300304C
0300404C
0300004D
0300104D
0300204D
0300304D
0300404D
0300504D
0300104E
0300304E
0300004F
0300204F
0300404F
0300504F
03000050
03001050
03004050
03002051
03003051
03005051
03000052
03001052
03003052
03004052
03001053
03002053
03003053
03004053
03005053
03000054
03000055
03002055
03003055
03004055
03005055
03001056
03004056
03000057
03001057
03002057
03003057
03005057
03003058
03004058
03000059
03002059
03004059
03005059
0300005A
0300105A
0300305A
0300505A
0300105B
0300205B
0300005C
0300305C
0300405C
0300505C
0300005D
0300105D
0300205D
0300305D
0300405D
0300305E
0300405E
0300505E
0300005F
0300105F
0300205F
03001060
03002060
03004060
03005060
03000061
03003061
03004061
03000062
03002062
03003062
03005062
03001063
03002063
03000064
03001064
03003064
03004064
03005064
03003065
03004065
03000066
03002066
03003066
03004066
03005066
03000067
03001067
03001068
03002068
03005068
03000069
03003069
03004069
0300006A
0300106A
0300206A
0300306A
0300406A
0300506A
0300306B
0300406B
0300006C
0300106C
0300206C
0300506C
0300106D
0300306D
0300406D
0300006E
0300206E
0300506E
0300006F
0300306F
0300406F
03001070
03002070
03003070
03004070
03005070
03000071
03001071
03002072
03003072
03004072
03005072
03000073
03000074
03001074
03002074
03003074
03004074
03005074
03001075
03003075
03004075
03000076
03002076
03005076
03000077
03003077
03004077
03001078
03002078
03003078
03004078
03005078
03000079
03001079
0300207A
0300307A
0300407A
0300507A
0300007B
0300107B
0300307B
0300007C
0300207C
0300407C
0300507C
0300107D
0300407D
0300007E
0300207E
0300307E
0300407E
0300507E
0300107F
0300307F
03000080
03002080
03003080
03005080
03000081
03001081
03004081
03002082
03003082
03004082
03005082
03000083
03001083
03004083
03000084
03002084
03003084
03004084
03005084
03001085
03003085
03000086
03002086
03005086
03001087
03003087
03004087
03000088
03002088
03004088
03005088
03000089
03001089
03003089
03004089
0300208A
0300308A
0300508A
0300008B
0300108B
0300308B
0300408B
0300208C
0300508C
0300008D
0300108D
0300408D
0300508D
0300008E
0300208E
0300308E
0300408E
0300108F
0300308F
0300508F
03000090
03002090
03003090
03004090
03005090
03000091
03001091
03004091
03002092
03000093
03001093
03002093
03003093
03004093
03005093
03003094
03000095
03001095
03002095
03003095
03004095
03005095
03000096
03002096
03004096
03001097
03003097
03005097
03000098
03002098
03004098
03001099
03003099
03004099
03005099
0300009A
0300209A
0300009B
0300109B
0300309B
0300509B
0300109C
0300209C
0300309C
0300409C
0300009D
0300309D
0300409D
0300509D
0300009E
0300209E
0300409E
0300109F
0300309F
0300509F
030010A0
030020A0
030040A0
030000A1
030030A1
030040A1
030050A1
030000A2
030010A2
030020A2
030000A3
030030A3
030050A3
030010A4
030020A4
030040A4
030010A5
030030A5
030040A5
030050A5
030000A6
030020A6
030030A6
030040A6
030000A7
030010A7
030030A7
030050A7
030000A8
030020A8
030040A8
030010A9
030030A9
030050A9
030000AA
030020AA
030040AA
030010AB
030030AB
030040AB
030050AB
030000AC
030020AC
030030AC
030000AD
030010AD
030040AD
030050AD
030020AE
030040AE
030000AF
030010AF
030030AF
030050AF
030010B0
030020B0
030030B0
030040B0
030000B1
030030B1
030050B1
030000B2
030020B2
030040B2
030010B3
030030B3
030040B3
030050B3
030000B4
030010B4
030020B4
030040B4
030030B5
030050B5
030000B6
030010B6
030020B6
030030B6
030040B6
030000B7
030050B7
030010B8
030020B8
030030B8
030040B8
030000B9
030010B9
030040B9
030050B9
030020BA
030030BA
030040BA
030000BB
030010BB
030030BB
030050BB
030000BC
030020BC
030030BC
030010BD
030040BD
030050BD
030000BE
030010BE
030020BE
030040BE
030000BF
030030BF
030040BF
030050BF
030020C0
030030C0
030040C0
030010C1
030030C1
030050C1
030000C2
030010C2
030020C2
030050C2
030000C3
030030C3
030040C3
030000C4
030020C4
030040C4
030050C4
030010C5
030030C5
030050C5
030010C6
030020C6
030040C6
030000C7
030020C7
030030C7
030040C7
010000C8
03000000
03000001
03002001
03003001
03004001
03005001
03001002
03004002
03000003
03001003
03002003
03003003
03005003
02001000
03003004
03004004
03000005
03002005
03004005
03005005
03000006
03001006
03003006
03005006
03001007
03002007
03000008
03003008
03004008
03005008
03000009
03001009
03002009
03003009
03004009
0300300A
0300400A
0300500A
0300000B
0300100B
0300200B
0300100C
0300200C
0300400C
0300500C
0300000D
0300300D
0300400D
0300000E
0300200E
0300300E
0300500E
0300100F
0300200F
03000010
03001010
03003010
03004010
03005010
03003011
03004011
03000012
03002012
03003012
03004012
03005012
03000013
03001013
03001014
03002014
03005014
03000015
03003015
03004015
03000016
03001016
03002016
03003016
03004016
03005016
03003017
03004017
03000018
03001018
03002018
03005018
03001019
03003019
03004019
0300001A
0300201A
0300501A
0300001B
0300301B
0300401B
0300101C
0300201C
0300301C
0300401C
0300501C
0300001D
0300101D
0300201E
0300301E
0300401E
0300501E
0300001F
03000020
03001020
03002020
03003020
03004020
03005020
03001021
03003021
03004021
03000022
03002022
03005022
03000023
03003023
03004023
03001024
03002024
03003024
03004024
03005024
03000025
03001025
03002026
03003026
03004026
03005026
03000027
03001027
03003027
03000028
03002028
03004028
03005028
03001029
03004029
0300002A
0300202A
0300302A
0300402A
0300502A
0300102B
0300302B
0300002C
0300202C
0300302C
0300502C
0300002D
0300102D
0300402D
0300202E
0300302E
0300402E
0300502E
0300002F
0300102F
0300402F
03000030
03002030
03003030
03004030
03005030
03001031
03003031
03000032
03002032
03005032
03001033
03003033
03004033
03000034
03002034
03004034
03005034
03000035
03001035
03003035
03004035
03002036
03003036
03005036
03000037
03001037
03003037
03004037
03002038
03005038
03000039
03001039
03004039
03005039
0300003A
0300203A
0300303A
0300403A
0300103B
0300303B
0300503B
0300003C
0300203C
0300303C
0300403C
0300503C
0300003D
0300103D
0300403D
0300203E
0300003F
0300103F
0300203F
0300303F
0300403F
0300503F
03003040
03000041
03001041
03002041
03003041
03004041
03005041
03000042
03002042
03004042
03001043
03003043
03005043
03000044
03002044
03004044
03001045
03003045
03004045
03005045
03000046
03002046
03000047
03001047
03003047
03005047
03001048
03002048
03003048
03004048
03000049
03003049
03004049
03005049
0300004A
0300204A
0300404A
0300104B
0300304B
0300504B
0300104C
0300204C
0300404C
0300004D
0300304D
0300404D
0300504D
0300004E
0300104E
0300204E
0300004F
0300304F
0300504F
03001050
03002050
03004050
03001051
03003051
03004051
03005051
03000052
03002052
03003052
03004052
03000053
03001053
03003053
03005053
03000054
03002054
03004054
03001055
03003055
03005055
03000056
03002056
03004056
03001057
03003057
03004057
03005057
03000058
03002058
03003058
03000059
03001059
03004059
03005059
0300205A
0300405A
0300005B
0300105B
0300305B
0300505B
0300105C
0300205C
0300305C
0300405C
0300005D
0300305D
0300505D
0300005E
0300205E
0300405E
0300105F
0300305F
0300405F
0300505F
03000060
03001060
03002060
03004060
03003061
03005061
03000062
03001062
03002062
03003062
03004062
03000063
03005063
03001064
03002064
03003064
03004064
03000065
03001065
03004065
03005065
03002066
03003066
03004066
03000067
03001067
03003067
03005067
03000068
03002068
03003068
03001069
03004069
03005069
0300006A
0300106A
0300206A
0300406A
0300006B
0300306B
0300406B
0300506B
0300206C
0300306C
0300406C
0300106D
0300306D
0300506D
0300006E
0300106E
0300206E
0300506E
0300006F
0300306F
0300406F
03000070
03002070
03004070
03005070
03001071
03003071
03005071
03001072
03002072
03004072
03000073
03002073
03003073
03004073
03000074
03001074
03003074
03005074
03000075
03002075
03004075
03001076
03002076
03003076
03004076
03005076
03000077
03001077
03003077
03003078
03004078
03005078
03000079
03002079
0300007A
0300107A
0300407A
0300507A
0300007B
0300107B
0300207B
0300307B
0300307C
0300407C
0300507C
0300207D
0300307D
0300407D
0300007E
0300107E
0300407E
0300507E
0300007F
0300107F
0300207F
03000080
03003080
03004080
03005080
03001081
03002081
03003081
03003082
03005082
03000083
03001083
03002083
03004083
03000084
03001084
03003084
03004084
03005084
03000085
03002085
03004085
03003086
03004086
03005086
03000087
03001087
03002087
03001088
03003088
03004088
03005088
03000089
03002089
03003089
0300008A
0300308A
0300508A
0300008B
0300108B
0300208B
0300408B
0300108C
0300308C
0300408C
0300508C
0300208D
0300408D
0300008E
0300108E
0300308E
0300508E
0300008F
0300208F
0300308F
0300408F
03000090
03001090
03004090
03005090
03001091
03002091
03003091
03004092
03005092
03000093
03002093
03004093
03000094
03001094
03003094
03005094
03000095
03001095
03002095
03003095
03003096
03004096
03005096
03002097
03003097
03004097
03000098
03001098
03003098
03004098
03005098
03000099
03001099
03002099
03004099
0300009A
0300509A
0300109B
0300209B
0300309B
0300409B
0300509C
0300009D
0300109D
0300209D
0300309D
0300409D
0300009E
0300109E
0300309E
0300509E
0300009F
0300209F
0300409F
030030A0
030040A0
030050A0
030010A1
030020A1
030040A1
030000A2
030010A2
030030A2
030050A2
030000A3
030020A3
030030A3
030040A3
030050A3
030000A4
030030A4
030010A5
030020A5
030040A5
030050A5
030010A6
030020A6
030030A6
030040A6
030050A6
030000A7
030000A8
030010A8
030020A8
030030A8
030040A8
030000A9
030020A9
030050A9
030010AA
030030AA
030040AA
030000AB
030010AB
030020AB
030030AB
030040AB
030050AB
030040AC
030000AD
030020AD
030030AD
030050AD
030000AE
030010AE
030030AE
030010AF
030020AF
030040AF
030050AF
030000B0
030030B0
030040B0
030000B1
030020B1
030050B1
030010B2
030030B2
030040B2
030010B3
030020B3
030030B3
030040B3
030050B3
030000B4
030040B4
030000B5
030010B5
030020B5
030030B5
030050B5
030000B6
030010B7
030020B7
030030B7
030040B7
030050B7
030010B8
030030B8
030040B8
030000B9
030020B9
030050B9
030000BA
030030BA
030040BA
030000BB
030010BB
030020BB
030030BB
030040BB
030050BB
030010BC
030040BC
030000BD
030020BD
030030BD
030050BD
030000BF
030010BF
030020BF
030030BF
030040BF
030050BF
030000C0
030010C0
030040C0
030000C1
030020C1
030030C1
030050C1
030010C2
030030C2
030040C2
030020C3
030030C3
030040C3
030050C3
030000C4
030010C4
030040C4
030000C5
030010C5
030020C5
030030C5
030050C5
030000C6
030040C6
030020C7
030030C7
030050C7
010000C8
03000000
03001000
03002000
03000001
03003001
03004001
03005001
03000002
03001002
03002002
03004002
03005002
03000003
03001003
03002003
03003003
03004003
03005003
02000000
03001004
03002004
03003004
03004004
03000005
03003005
03004005
03005005
03000006
03001006
03002006
03003006
03004006
03005006
03000007
03001007
03002007
03003007
03004007
03005007
03000008
03001008
03002008
03003008
03004008
03005009
0300000A
0300100A
0300200A
0300400A
0300500A
0300000B
0300100B
0300200B
0300300B
0300400B
0300500B
0300000C
0300100C
0300200C
0300300C
0300000D
0300300D
0300400D
0300500D
0300100E
0300200E
0300300E
0300400E
0300500E
0300000F
0300100F
0300200F
0300300F
0300400F
0300500F
03000010
03001010
03002010
03003010
03004010
03000011
03003011
03004011
03005011
03000012
03001012
03002012
03003012
03004012
03005012
03001013
03002013
03004013
03005013
03000014
03001014
03002014
03004014
03000015
03003015
03005015
03000016
03001016
03002016
03003016
03005016
03000017
03001017
03002017
03003017
03004017
03005017
03001018
03002018
03003018
03004018
03000019
03003019
03004019
03005019
0300001A
0300101A
0300201A
0300401A
0300501A
0300001B
0300101B
0300201B
0300301B
0300401B
0300501B
0300001C
0300101C
0300201C
0300301C
0300401C
0300301D
0300401D
0300501D
0300001E
0300101E
0300201E
0300301E
0300401E
0300501E
0300001F
0300101F
0300201F
0300301F
0300501F
03000020
03001020
03002020
03003020
03000021
03004021
03005021
03001022
03002022
03004022
03005022
03000023
03001023
03002023
03003023
03004023
03005023
03000024
03001024
03002024
03003024
03004024
03000025
03003025
03004025
03005025
03000026
03001026
03002026
03003026
03004026
03005026
03001027
03002027
03003027
03004027
03005027
03000028
03001028
03002028
03003028
03004028
03000029
03003029
03005029
0300002A
0300102A
0300202A
0300502A
0300002B
0300102B
0300202B
0300302B
0300402B
0300502B
0300102C
0300202C
0300302C
0300402C
0300002D
0300402D
0300502D
0300002E
0300102E
0300202E
0300302E
0300402E
0300502E
0300002F
0300102F
0300202F
0300302F
0300402F
0300502F
03000030
03001030
03002030
03003030
03004030
03003031
03004031
03005031
03000032
03001032
03002032
03003032
03004032
03005032
03000033
03001033
03002033
03005033
03000034
03001034
03002034
03003034
03000035
03003035
03004035
03005035
03001036
03002036
03003036
03004036
03005036
03000037
03001037
03002037
03004037
03005037
03000038
03001038
03002038
03003038
03004038
03000039
03003039
03004039
03005039
0300003A
0300103A
0300203A
0300303A
0300403A
0300503A
0300103B
0300203B
0300303B
0300403B
0300503B
0300003C
0300103C
0300203C
0300403C
0300003D
0300303D
0300503D
0300003E
0300103E
0300203E
0300303E
0300403E
0300503E
0300003F
0300103F
0300203F
0300303F
0300503F
03001040
03002040
03003040
03004040
03000041
03004041
03005041
03000042
03001042
03002042
03003042
03004042
03005042
03000043
03001043
03002043
03003043
03004043
03005043
03000044
03001044
03002044
03003044
03004044
03004045
03005045
03000046
03001046
03002046
03003046
03004046
03005046
03000047
03001047
03002047
03003047
03004047
03005047
03000048
03001048
03002048
03003048
03000049
03003049
03005049
0300104A
0300204A
0300404A
0300504A
0300004B
0300104B
0300204B
0300304B
0300404B
0300504B
0300004C
0300104C
0300204C
0300304C
0300404C
0300004D
0300304D
0300404D
0300504D
0300004E
0300104E
0300204E
0300304E
0300404E
0300504E
0300104F
0300204F
0300404F
0300504F
03000050
03001050
03002050
03003050
03004050
03000051
03003051
03004051
03005051
03000052
03001052
03002052
03005052
03000053
03001053
03002053
03003053
03004053
03005053
03001054
03002054
03003054
03000055
03003055
03004055
03005055
03000056
03001056
03002056
03003056
03004056
03005056
03000057
03001057
03002057
03003057
03004057
03005057
03000058
03001058
03002058
03003058
03004058
03004059
03005059
0300005A
0300105A
0300205A
0300405A
0300505A
0300005B
0300105B
0300205B
0300305B
0300405B
0300505B
0300005C
0300105C
0300205C
0300305C
0300405C
0300005D
0300305D
0300505D
0300105E
0300205E
0300305E
0300505E
0300005F
0300105F
0300205F
0300305F
0300405F
0300505F
03000060
03001060
03002060
03003060
03004060
03000061
03003061
03004061
03005061
03000062
03001062
03002062
03004062
03005062
03001063
03002063
03003063
03004063
03005063
03000064
03001064
03002064
03004064
03000065
03003065
03004065
03005065
03000066
03001066
03002066
03003066
03004066
03005066
03000067
03001067
03002067
03003067
03005067
03001068
03002068
03003068
03004068
03000069
03003069
03005069
0300006A
0300106A
0300206A
0300406A
0300506A
0300006B
0300106B
0300206B
0300306B
0300406B
0300506B
0300006C
0300106C
0300206C
0300306C
0300406C
0300306D
0300406D
0300506D
0300006E
0300106E
0300206E
0300306E
0300406E
0300506E
0300006F
0300106F
0300206F
0300406F
0300506F
03000070
03001070
03002070
03003070
03004070
03000071
03003071
03004071
03005071
03001072
03002072
03003072
03005072
03000073
03001073
03002073
03004073
03005073
03000074
03001074
03002074
03003074
03004074
03000075
03003075
03005075
03000076
03001076
03002076
03003076
03004076
03005076
03001077
03002077
03003077
03004077
03005077
03000078
03001078
03002078
03003078
03004078
03000079
03004079
03005079
0300007A
0300107A
0300207A
0300307A
0300407A
0300507A
0300007B
0300107B
0300207B
0300307B
0300407B
0300507B
0300107C
0300207C
0300407C
0300007D
0300307D
0300507D
0300007E
0300107E
0300207E
0300307E
0300407E
0300507E
0300007F
0300107F
0300207F
0300307F
0300407F
0300507F
03000080
03001080
03002080
03003080
03003081
03004081
03005081
03000082
03001082
03002082
03003082
03004082
03005082
03000083
03001083
03002083
03004083
03005083
03000084
03001084
03002084
03003084
03004084
03000085
03003085
03004085
03005085
03001086
03002086
03004086
03005086
03000087
03001087
03002087
03003087
03005087
03000088
03001088
03002088
03003088
03004088
03000089
03003089
03004089
03005089
0300008A
0300108A
0300208A
0300308A
0300408A
0300508A
0300108B
0300208B
0300308B
0300508B
0300008C
0300108C
0300208C
0300408C
0300008D
0300308D
0300408D
0300508D
0300008E
0300108E
0300208E
0300308E
0300408E
0300508E
0300008F
0300108F
0300208F
0300308F
0300408F
0300508F
03001090
03002090
03003090
03004090
03000091
03005091
03000092
03001092
03002092
03003092
03004092
03005092
03000093
03001093
03002093
03003093
03004093
03005093
03000094
03001094
03002094
03004094
03003095
03005095
03000096
03001096
03002096
03003096
03004096
03005096
03000097
03001097
03002097
03003097
03004097
03005097
03000098
03001098
03002098
03003098
03004098
03000099
03003099
03004099
03005099
0300109A
0300209A
0300309A
0300409A
0300509A
0300009B
0300109B
0300209B
0300509B
0300009C
0300109C
0300209C
0300309C
0300409C
0300009D
0300309D
0300409D
0300509D
0300009E
0300109E
0300209E
0300509E
0300109F
0300209F
0300309F
0300409F
0300509F
030000A0
030010A0
030020A0
030030A0
030040A0
030000A1
030030A1
030040A1
030050A1
030000A2
030010A2
030020A2
030030A2
030040A2
030050A2
030000A3
030010A3
030020A3
030040A3
030050A3
030010A4
030020A4
030030A4
030040A4
030000A5
030030A5
030040A5
030050A5
030000A6
030010A6
030020A6
030030A6
030050A6
030000A7
030010A7
030020A7
030030A7
030040A7
030050A7
030000A8
030010A8
030020A8
030030A8
030040A9
030050A9
030000AA
030010AA
030020AA
030030AA
030040AA
030050AA
030000AB
030010AB
030020AB
030040AB
030050AB
030000AC
030010AC
030020AC
030030AC
030040AC
030000AD
030030AD
030040AD
030050AD
030010AE
030020AE
030030AE
030040AE
030050AE
030000AF
030010AF
030020AF
030030AF
030040AF
030050AF
030000B0
030010B0
030020B0
030030B0
030040B0
030000B1
030030B1
030050B1
030000B2
030010B2
030020B2
030040B2
030050B2
030010B3
030020B3
030030B3
030050B3
030000B4
030010B4
030020B4
030030B4
030040B4
030000B5
030040B5
030050B5
030000B6
030010B6
030020B6
030030B6
030040B6
030050B6
030000B7
030010B7
030020B7
030030B7
030040B7
030050B7
030010B8
030020B8
030030B8
030040B8
030000B9
030030B9
030040B9
030050B9
030000BA
030010BA
030020BA
030040BA
030050BA
030000BB
030010BB
030020BB
030030BB
030040BB
030050BB
030000BC
030010BC
030020BC
030030BC
030030BD
030040BD
030050BD
030000BE
030010BE
030020BE
030030BE
030050BE
030000BF
030010BF
030020BF
030040BF
030050BF
030000C0
030010C0
030020C0
030030C0
030040C0
030000C1
030030C1
030040C1
030050C1
030010C2
030020C2
030030C2
030040C2
030050C2
030000C3
030010C3
030020C3
030040C3
030050C3
030000C4
030010C4
030020C4
030030C4
030040C4
030000C5
030030C5
030040C5
030050C5
030000C6
030010C6
030020C6
030030C6
030040C6
030050C6
030010C7
030020C7
030030C7
030050C7
010000C8
03000000
03001000
03004000
03005000
03002001
03003001
03005001
03000002
03001002
03002002
03003002
03004002
03000003
03001003
03002003
03003003
03005003
02000000
03000004
03001004
03003004
03004004
03005004
03000005
03002005
03003005
03004005
03005005
03001006
03002006
03003006
03004006
03000007
03001007
03002007
03004007
03005007
03000008
03001008
03003008
03004008
03005008
03000009
03002009
03003009
03004009
03005009
0300000A
0300100A
0300200A
0300400A
0300100B
0300200B
0300300B
0300400B
0300500B
0300000C
0300100C
0300300C
0300500C
0300000D
0300200D
0300300D
0300500D
0300000E
0300100E
0300200E
0300300E
0300400E
0300000F
0300100F
0300200F
0300400F
0300500F
03001010
03003010
03004010
03005010
03000011
03002011
03003011
03004011
03005011
03000012
03001012
03002012
03003012
03004012
03000013
03001013
03002013
03003013
03004013
03005013
03000014
03001014
03003014
03004014
03005014
03002015
03003015
03004015
03005015
03000016
03001016
03002016
03000017
03001017
03002017
03004017
03005017
03000018
03001018
03003018
03005018
03000019
03002019
03003019
03004019
03005019
0300101A
0300201A
0300301A
0300401A
0300001B
0300101B
0300201B
0300301B
0300401B
0300501B
0300001C
0300101C
0300301C
0300401C
0300501C
0300001D
0300201D
0300301D
0300401D
0300501D
0300001E
0300101E
0300201E
0300301E
0300401E
0300101F
0300201F
0300301F
0300401F
0300501F
03000020
03001020
03005020
03000021
03002021
03004021
03005021
03000022
03001022
03002022
03003022
03004022
03000023
03001023
03002023
03003023
03005023
03001024
03003024
03004024
03005024
03000025
03002025
03003025
03004025
03005025
03000026
03001026
03002026
03003026
03004026
03000027
03001027
03002027
03003027
03004027
03005027
03000028
03001028
03003028
03004028
03005028
03002029
03004029
03005029
0300002A
0300102A
0300202A
0300302A
0300002B
0300102B
0300202B
0300402B
0300502B
0300002C
0300102C
0300302C
0300402C
0300502C
0300002D
0300202D
0300302D
0300402D
0300502D
0300102E
0300202E
0300302E
0300002F
0300102F
0300202F
0300302F
0300402F
0300502F
03000030
03001030
03003030
03004030
03005030
03000031
03002031
03003031
03004031
03005031
03000032
03001032
03002032
03003032
03004032
03001033
03002033
03004033
03005033
03000034
03001034
03004034
03005034
03000035
03002035
03003035
03005035
03000036
03001036
03002036
03003036
03004036
03000037
03001037
03002037
03003037
03004037
03005037
03001038
03003038
03005038
03000039
03002039
03003039
03004039
03005039
0300003A
0300103A
0300203A
0300303A
0300403A
0300003B
0300103B
0300203B
0300303B
0300403B
0300503B
0300003C
0300103C
0300403C
0300503C
0300203D
0300403D
0300503D
0300003E
0300103E
0300203E
0300303E
0300403E
0300003F
0300103F
0300203F
0300303F
0300403F
0300503F
03000040
03001040
03003040
03005040
03000041
03002041
03003041
03005041
03001042
03002042
03003042
03004042
03000043
03001043
03002043
03003043
03004043
03005043
03000044
03001044
03003044
03004044
03005044
03000045
03002045
03004045
03005045
03000046
03001046
03002046
03003046
03004046
03001047
03002047
03004047
03005047
03000048
03001048
03003048
03004048
03005048
03000049
03002049
03003049
03004049
03005049
0300004A
0300104A
0300204A
0300304A
0300004B
0300104B
0300204B
0300304B
0300404B
0300504B
0300104C
0300304C
0300504C
0300004D
0300204D
0300404D
0300504D
0300004E
0300104E
0300204E
0300304E
0300404E
0300004F
0300104F
0300204F
0300304F
0300404F
0300504F
03000050
03001050
03003050
03004050
03005050
03002051
03004051
03005051
03000052
03001052
03002052
03003052
03004052
03000053
03001053
03002053
03003053
03004053
03005053
03000054
03001054
03003054
03004054
03005054
03000055
03002055
03003055
03005055
03001056
03002056
03003056
03004056
03000057
03001057
03002057
03005057
03000058
03001058
03003058
03004058
03005058
03000059
03002059
03004059
03005059
0300005A
0300105A
0300205A
0300305A
0300405A
0300105B
0300205B
0300305B
0300405B
0300505B
0300005C
0300105C
0300305C
0300405C
0300505C
0300005D
0300205D
0300305D
0300405D
0300505D
0300005E
0300105E
0300205E
0300305E
0300405E
0300005F
0300105F
0300205F
0300305F
0300405F
0300505F
03001060
03005060
03000061
03002061
03003061
03004061
03005061
03000062
03001062
03002062
03003062
03000063
03001063
03002063
03003063
03004063
03005063
03000064
03001064
03004064
03005064
03002065
03003065
03004065
03005065
03000066
03001066
03002066
03003066
03004066
03000067
03001067
03002067
03003067
03004067
03005067
03000068
03001068
03004068
03005068
03000069
03002069
03003069
03004069
03005069
0300106A
0300206A
0300306A
0300406A
0300006B
0300106B
0300206B
0300306B
0300506B
0300006C
0300106C
0300306C
0300406C
0300506C
0300006D
0300206D
0300306D
0300506D
0300006E
0300106E
0300206E
0300306E
0300406E
0300106F
0300206F
0300406F
0300506F
03000070
03001070
03003070
03004070
03005070
03000071
03002071
03004071
03005071
03000072
03001072
03002072
03003072
03004072
03000073
03001073
03002073
03003073
03004073
03005073
03001074
03003074
03004074
03005074
03000075
03002075
03003075
03004075
03005075
03000076
03001076
03002076
03003076
03000077
03001077
03002077
03003077
03004077
03005077
03000078
03001078
03003078
03005078
03002079
03004079
03005079
0300007A
0300107A
0300207A
0300407A
0300007B
0300107B
0300207B
0300307B
0300407B
0300507B
0300007C
0300107C
0300307C
0300407C
0300507C
0300007D
0300207D
0300307D
0300407D
0300507D
0300107E
0300207E
0300307E
0300407E
0300007F
0300107F
0300207F
0300307F
0300407F
0300507F
03000080
03001080
03003080
03004080
03005080
03000081
03002081
03003081
03005081
03000082
03001082
03002082
03003082
03001083
03002083
03004083
03005083
03000084
03001084
03004084
03005084
03000085
03002085
03003085
03004085
03005085
03000086
03001086
03002086
03003086
03004086
03000087
03001087
03002087
03003087
03004087
03005087
03001088
03003088
03004088
03005088
03000089
03002089
03003089
03004089
03005089
0300008A
0300108A
0300208A
0300308A
0300408A
0300008B
0300108B
0300208B
0300308B
0300508B
0300008C
0300108C
0300508C
0300208D
0300408D
0300508D
0300008E
0300108E
0300208E
0300308E
0300408E
0300008F
0300108F
0300208F
0300308F
0300408F
0300508F
03000090
03001090
03003090
03004090
03005090
03000091
03002091
03003091
03004091
03005091
03001092
03002092
03003092
03004092
03000093
03001093
03002093
03003093
03004093
03005093
03000094
03001094
03003094
03004094
03005094
03000095
03002095
03003095
03005095
03000096
03001096
03002096
03004096
03001097
03002097
03005097
03000098
03001098
03003098
03004098
03005098
03000099
03002099
03003099
03004099
03005099
0300009A
0300109A
0300209A
0300309A
0300409A
0300009B
0300109B
0300209B
0300309B
0300409B
0300509B
0300109C
0300309C
0300409C
0300509C
0300009D
0300209D
0300409D
0300509D
0300009E
0300109E
0300209E
0300309E
0300409E
0300009F
0300109F
0300209F
0300309F
0300409F
0300509F
030000A0
030010A0
030030A0
030050A0
030020A1
030030A1
030050A1
030000A2
030010A2
030020A2
030030A2
030040A2
030000A3
030010A3
030020A3
030040A3
030050A3
030000A4
030010A4
030030A4
030040A4
030050A4
030000A5
030020A5
030040A5
030050A5
030010A6
030020A6
030030A6
030040A6
030000A7
030010A7
030020A7
030030A7
030040A7
030050A7
030000A8
030010A8
030030A8
030040A8
030050A8
030000A9
030020A9
030030A9
030040A9
030050A9
030000AA
030010AA
030020AA
030030AA
030010AB
030020AB
030030AB
030040AB
030050AB
030000AC
030010AC
030050AC
030000AD
030020AD
030030AD
030040AD
030050AD
030000AE
030010AE
030020AE
030040AE
030000AF
030010AF
030020AF
030030AF
030040AF
030050AF
030010B0
030030B0
030040B0
030050B0
030000B1
030020B1
030030B1
030040B1
030050B1
030000B2
030010B2
030020B2
030030B2
030040B2
030000B3
030010B3
030020B3
030030B3
030040B3
030050B3
030000B4
030010B4
030030B4
030040B4
030050B4
030020B5
030030B5
030050B5
030000B6
030010B6
030020B6
030000B7
030010B7
030020B7
030040B7
030050B7
030000B8
030010B8
030030B8
030040B8
030050B8
030000B9
030020B9
030030B9
030040B9
030050B9
030010BA
030020BA
030030BA
030040BA
030000BB
030010BB
030020BB
030030BB
030040BB
030050BB
030000BC
030010BC
030030BC
030040BC
030050BC
030000BD
030020BD
030030BD
030040BD
030050BD
030000BE
030010BE
030020BE
030040BE
030010BF
030020BF
030030BF
030050BF
030000C0
030010C0
030030C0
030040C0
030050C0
030000C1
030020C1
030030C1
030040C1
030050C1
030000C2
030010C2
030020C2
030000C3
030010C3
030020C3
030030C3
030040C3
030050C3
030010C4
030030C4
030040C4
030050C4
030000C5
030020C5
030030C5
030040C5
030050C5
030000C6
030010C6
030020C6
030030C6
030040C6
030000C7
030010C7
030020C7
030040C7
030050C7
010000C8
03001000
03003000
03004000
03000001
03002001
03004001
03005001
03001002
03003002
03000003
03002003
03003003
03004003
03005003
02001000
03000004
03001004
03001005
03002005
03003005
03004005
03005005
03000006
03004006
03001007
03002007
03003007
03005007
03000008
03003008
03004008
03000009
03001009
03002009
03004009
03005009
0300100A
0300300A
0300000B
0300200B
0300400B
0300500B
0300300C
0300400C
0300000D
0300100D
0300200D
0300300D
0300400D
0300500D
0300000E
0300100E
0300200F
0300300F
0300500F
03000010
03001010
03004010
03005010
03002011
03003011
03004011
03000012
03001012
03003012
03004012
03005012
03000013
03001013
03002013
03003013
03004014
03005014
03000015
03002015
03001016
03002016
03003016
03004016
03005016
03000017
03001017
03003017
03004017
03000018
03002018
03005018
03002019
03003019
03004019
0300001A
0300101A
0300301A
0300401A
0300501A
0300101B
0300001C
0300201C
0300301C
0300401C
0300501C
0300001D
0300101D
0300201E
0300301E
0300401E
0300501E
0300001F
0300101F
0300301F
0300401F
03000020
03001020
03002020
03005020
03003021
03004021
03000022
03002022
03003022
03005022
03001023
03004023
03000024
03001024
03002024
03003024
03004024
03005024
03000025
03004025
03002026
03003026
03005026
03000027
03001027
03003027
03001028
03002028
03004028
03005028
03000029
03003029
03004029
0300002A
0300102A
0300202A
0300302A
0300402A
0300502A
0300002C
0300102C
0300202C
0300302C
0300502C
0300002D
0300102D
0300402D
0300202E
0300302E
0300402E
0300502E
0300002F
0300302F
0300402F
03001030
03002030
03005030
03000031
03001031
03003031
03004031
03000032
03002032
03005032
03003033
03004033
03000034
03001034
03002034
03003034
03004034
03005034
03001035
03003035
03000036
03002036
03004036
03005036
03000037
03001037
03004037
03002038
03003038
03005038
03000039
03001039
03003039
03004039
0300003A
0300203A
0300303A
0300503A
0300103B
0300403B
0300203C
0300303C
0300403C
0300503C
0300003D
0300103D
0300403D
0300003E
0300203E
0300303E
0300503E
0300003F
0300103F
0300403F
03001040
03002040
03003040
03004040
03005040
03003041
03000042
03002042
03005042
03000043
03001043
03003043
03004043
03005043
03000044
03001044
03002044
03003044
03004044
03004045
03005045
03000046
03001046
03002046
03003046
03005046
03004047
03000048
03001048
03002048
03003048
03004048
03005048
03000049
03001049
03002049
03003049
0300504A
0300004B
0300204B
0300304B
0300404B
0300104C
0300204C
0300404C
0300504C
0300004D
0300104D
0300304D
0300404D
0300004E
0300204E
0300304E
0300504E
0300404F
03000050
03001050
03002050
03003050
03005050
03001051
03003051
03004051
03000052
03002052
03004052
03005052
03000053
03001053
03002054
03003054
03005054
03000055
03001055
03003055
03004055
03001056
03002056
03003056
03004056
03005056
03000057
03004057
03000058
03002058
03003058
03004058
03005058
03001059
0300005A
0300105A
0300205A
0300305A
0300505A
0300005B
0300305B
0300405B
0300105C
0300205C
0300405C
0300505C
0300305D
0300005E
0300105E
0300205E
0300405E
0300505E
0300005F
0300105F
0300305F
0300405F
03000060
03002060
03003060
03005060
03004061
03001062
03002062
03003062
03005062
03000063
03001063
03004063
03000064
03002064
03003064
03004064
03005064
03000065
03003065
03004065
03001066
03002066
03003066
03005066
03000067
03001067
03004067
03002068
03005068
03000069
03003069
03004069
0300006A
0300106A
0300206A
0300306A
0300406A
0300506A
0300106B
0300306B
0300006C
0300206C
0300406C
0300506C
0300006D
0300106D
0300406D
0300206E
0300306E
0300506E
0300006F
0300106F
0300306F
0300406F
03001070
03002070
03003070
03004070
03005070
03000071
03000072
03002072
03003072
03004072
03005072
03001073
03004073
03000074
03001074
03002074
03003074
03005074
03003075
03004075
03000076
03002076
03004076
03005076
03000077
03001077
03003077
03005077
03001078
03002078
03000079
03003079
03004079
03005079
0300007A
0300107A
0300207A
0300307A
0300407A
0300307B
0300407B
0300507B
0300007C
0300107C
0300207C
0300107D
0300207D
0300407D
0300507D
0300007E
0300307E
0300407E
0300007F
0300207F
0300307F
0300507F
03001080
03002080
03000081
03001081
03003081
03004081
03005081
03003082
03004082
03000083
03002083
03003083
03004083
03005083
03000084
03001084
03001085
03002085
03005085
03000086
03003086
03004086
03000087
03001087
03002087
03003087
03004087
03005087
03003088
03004088
03000089
03001089
03002089
03005089
0300108A
0300308A
0300408A
0300008B
0300208B
0300508B
0300008C
0300308C
0300408C
0300108D
0300208D
0300308D
0300408D
0300508D
0300008E
0300108E
0300208F
0300308F
0300408F
0300508F
03000090
03000091
03001091
03002091
03003091
03004091
03005091
03001092
03003092
03004092
03000093
03002093
03005093
03000094
03003094
03004094
03001095
03002095
03003095
03004095
03005095
03000096
03001096
03002097
03003097
03004097
03005097
03000098
03001098
03003098
03000099
03002099
03004099
03005099
0300109A
0300409A
0300009B
0300209B
0300309B
0300409B
0300509B
0300109C
0300309C
0300009D
0300209D
0300309D
0300509D
0300009E
0300109E
0300409E
0300209F
0300309F
0300409F
0300509F
030000A0
030010A0
030040A0
030000A1
030020A1
030030A1
030040A1
030050A1
030010A2
030030A2
030000A3
030020A3
030050A3
030010A4
030030A4
030040A4
030000A5
030020A5
030040A5
030050A5
030000A6
030010A6
030030A6
030040A6
030020A7
030030A7
030050A7
030000A8
030010A8
030030A8
030040A8
030020A9
030050A9
030000AA
030010AA
030040AA
030050AA
030000AB
030020AB
030030AB
030040AB
030010AC
030030AC
030050AC
030000AD
030020AD
030030AD
030040AD
030050AD
030000AE
030010AE
030040AE
030020AF
030000B0
030010B0
030020B0
030030B0
030040B0
030050B0
030030B1
030000B2
030010B2
030020B2
030030B2
030040B2
030050B2
030000B3
030020B3
030040B3
030010B4
030030B4
030050B4
030000B5
030020B5
030040B5
030010B6
030030B6
030040B6
030050B6
030000B7
030020B7
030000B8
030010B8
030030B8
030050B8
030010B9
030020B9
030030B9
030040B9
030000BA
030030BA
030040BA
030050BA
030000BB
030020BB
030040BB
030010BC
030030BC
030050BC
030010BD
030020BD
030040BD
030000BE
030030BE
030040BE
030050BE
030000BF
030010BF
030020BF
030000C0
030030C0
030050C0
030010C1
030020C1
030040C1
030010C2
030030C2
030040C2
030050C2
030000C3
030020C3
030030C3
030040C3
030000C4
030010C4
030030C4
030050C4
030000C5
030020C5
030040C5
030010C6
030030C6
030050C6
030000C7
030020C7
030040C7
010000C8
03000000
03002000
03004000
03005000
03003001
03004001
03000002
03001002
03002002
03003002
03004002
03005002
03000003
03001003
02001000
03002004
03003004
03005004
03000005
03001005
03004005
03005005
03002006
03003006
03004006
03000007
03001007
03003007
03004007
03005007
03000008
03001008
03002008
03003008
03004009
03005009
0300000A
0300200A
0300100B
0300200B
0300300B
0300400B
0300500B
0300000C
0300100C
0300300C
0300400C
0300000D
0300200D
0300500D
0300200E
0300300E
0300400E
0300000F
0300100F
0300300F
0300400F
0300500F
03001010
03000011
03002011
03003011
03004011
03005011
03000012
03001012
03002013
03003013
03004013
03005013
03000014
03001014
03003014
03004014
03000015
03001015
03002015
03005015
03003016
03004016
03000017
03002017
03003017
03005017
03001018
03004018
03000019
03001019
03002019
03003019
03004019
03005019
0300001A
0300401A
0300201B
0300301B
0300501B
0300001C
0300101C
0300301C
0300101D
0300201D
0300401D
0300501D
0300001E
0300301E
0300401E
0300001F
0300101F
0300201F
0300301F
0300401F
0300501F
03000021
03001021
03002021
03003021
03005021
03000022
03001022
03004022
03002023
03003023
03004023
03005023
03000024
03003024
03004024
03001025
03002025
03005025
03000026
03001026
03003026
03004026
03000027
03002027
03005027
03003028
03004028
03000029
03001029
03002029
03003029
03004029
03005029
0300102A
0300302A
0300002B
0300202B
0300402B
0300502B
0300002C
0300102C
0300402C
0300202D
0300302D
0300502D
0300002E
0300102E
0300302E
0300402E
0300002F
0300202F
0300302F
0300502F
03001030
03004030
03002031
03003031
03004031
03005031
03000032
03001032
03004032
03000033
03002033
03003033
03005033
03000034
03001034
03004034
03001035
03002035
03003035
03004035
03005035
03003036
03000037
03002037
03005037
03000038
03001038
03003038
03004038
03005038
03000039
03001039
03002039
03003039
03004039
0300403A
0300503A
0300003B
0300103B
0300203B
0300303B
0300503B
0300403C
0300003D
0300103D
0300203D
0300303D
0300403D
0300503D
0300003E
0300103E
0300203E
0300303E
0300503F
03000040
03002040
03003040
03004040
03001041
03002041
03004041
03005041
03000042
03001042
03003042
03004042
03000043
03002043
03003043
03005043
03004044
03000045
03001045
03002045
03003045
03005045
03001046
03003046
03004046
03000047
03002047
03004047
03005047
03000048
03001048
03002049
03003049
03005049
0300004A
0300104A
0300304A
0300404A
0300104B
0300204B
0300304B
0300404B
0300504B
0300004C
0300404C
0300004D
0300204D
0300304D
0300404D
0300504D
0300104E
0300004F
0300104F
0300204F
0300304F
0300504F
03000050
03003050
03004050
03001051
03002051
03004051
03005051
03003052
03000053
03001053
03002053
03004053
03005053
03000054
03001054
03003054
03004054
03000055
03002055
03003055
03005055
03004056
03001057
03002057
03003057
03005057
03000058
03001058
03004058
03000059
03002059
03003059
03004059
03005059
0300005A
0300305A
0300405A
0300105B
0300205B
0300305B
0300505B
0300005C
0300105C
0300405C
0300205D
0300505D
0300005E
0300305E
0300405E
0300005F
0300105F
0300205F
0300305F
0300405F
0300505F
03001060
03003060
03000061
03002061
03004061
03005061
03000062
03001062
03004062
03002063
03003063
03005063
03000064
03001064
03003064
03004064
03001065
03002065
03003065
03004065
03005065
03000066
03000067
03002067
03003067
03004067
03005067
03001068
03004068
03000069
03001069
03002069
03003069
03005069
0300306A
0300406A
0300006B
0300206B
0300406B
0300506B
0300006C
0300106C
0300306C
0300506C
0300106D
0300206D
0300006E
0300306E
0300406E
0300506E
0300006F
0300106F
0300206F
0300306F
0300406F
03003070
03004070
03005070
03000071
03001071
03002071
03001072
03002072
03004072
03005072
03000073
03003073
03004073
03000074
03002074
03003074
03005074
03001075
03002075
03000076
03001076
03003076
03004076
03005076
03003077
03004077
03000078
03002078
03003078
03004078
03005078
03000079
03001079
0300107A
0300207A
0300507A
0300007B
0300307B
0300407B
0300007C
0300107C
0300207C
0300307C
0300407C
0300507C
0300307D
0300407D
0300007E
0300107E
0300207E
0300507E
0300107F
0300307F
0300407F
03000080
03002080
03005080
03000081
03003081
03004081
03001082
03002082
03003082
03004082
03005082
03000083
03001083
03002084
03003084
03004084
03005084
03000085
03000086
03001086
03002086
03003086
03004086
03005086
03001087
03003087
03004087
03000088
03002088
03005088
03000089
03003089
03004089
0300108A
0300208A
0300308A
0300408A
0300508A
0300008B
0300108B
0300208C
0300308C
0300408C
0300508C
0300008D
0300108D
0300308D
0300008E
0300208E
0300408E
0300508E
0300108F
0300408F
03000090
03002090
03003090
03004090
03005090
03001091
03003091
03000092
03002092
03003092
03005092
03000093
03001093
03004093
03002094
03003094
03004094
03005094
03000095
03001095
03004095
03000096
03002096
03003096
03004096
03005096
03001097
03003097
03000098
03002098
03005098
03001099
03003099
03004099
0300009A
0300209A
0300409A
0300509A
0300009B
0300109B
0300309B
0300409B
0300209C
0300309C
0300509C
0300009D
0300109D
0300309D
0300409D
0300209E
0300509E
0300009F
0300109F
0300409F
0300509F
030000A0
030020A0
030030A0
030040A0
030010A1
030030A1
030050A1
030000A2
030020A2
030030A2
030040A2
030050A2
030000A3
030010A3
030040A3
030020A4
030000A5
030010A5
030020A5
030030A5
030040A5
030050A5
030030A6
030000A7
030010A7
030020A7
030030A7
030040A7
030050A7
030000A8
030020A8
030040A8
030010A9
030030A9
030050A9
030000AA
030020AA
030040AA
030010AB
030030AB
030040AB
030050AB
030000AC
030020AC
030000AD
030010AD
030030AD
030050AD
030010AE
030020AE
030030AE
030040AE
030000AF
030030AF
030040AF
030050AF
030000B0
030020B0
030040B0
030010B1
030030B1
030050B1
030010B2
030020B2
030040B2
030000B3
030030B3
030040B3
030050B3
030000B4
030010B4
030020B4
030000B5
030030B5
030050B5
030010B6
030020B6
030040B6
030010B7
030030B7
030040B7
030050B7
030000B8
030020B8
030030B8
030040B8
030000B9
030010B9
030030B9
030050B9
030000BA
030020BA
030040BA
030010BB
030030BB
030050BB
030000BC
030020BC
030040BC
030010BD
030030BD
030040BD
030050BD
030000BE
030020BE
030030BE
030000BF
030010BF
030040BF
030050BF
030020C0
030040C0
030000C1
030010C1
030030C1
030050C1
030010C2
030020C2
030030C2
030040C2
030000C3
030030C3
030050C3
030000C4
030020C4
030040C4
030010C5
030030C5
030040C5
030050C5
030000C6
030010C6
030020C6
030040C6
030030C7
030050C7
010000C8
03000000
03001000
03002000
03003000
03004000
03000001
03003001
03004001
03005001
03000002
03001002
03002002
03004002
03005002
03000003
03001003
03002003
03005003
02000000
03001004
03002004
03003004
03004004
03000005
03003005
03004005
03005005
03000006
03001006
03002006
03003006
03004006
03005006
03000007
03001007
03002007
03003007
03004007
03005007
03000008
03001008
03002008
03003008
03003009
03004009
03005009
0300000A
0300100A
0300200A
0300300A
0300400A
0300500A
0300000B
0300100B
0300200B
0300400B
0300500B
0300000C
0300100C
0300200C
0300400C
0300000D
0300300D
0300400D
0300500D
0300100E
0300200E
0300300E
0300500E
0300000F
0300100F
0300200F
0300300F
0300400F
0300500F
03000010
03001010
03002010
03003010
03004010
03000011
03003011
03004011
03005011
03000012
03001012
03002012
03003012
03004012
03005012
03001013
03002013
03003013
03005013
03000014
03001014
03002014
03004014
03000015
03004015
03005015
03000016
03001016
03002016
03003016
03004016
03005016
03000017
03001017
03002017
03003017
03004017
03005017
03001018
03002018
03003018
03004018
03000019
03003019
03004019
03005019
0300001A
0300101A
0300201A
0300301A
0300501A
0300001B
0300101B
0300201B
0300301B
0300401B
0300501B
0300001C
0300101C
0300201C
0300301C
0300401C
0300501D
0300001E
0300101E
0300201E
0300401E
0300501E
0300001F
0300101F
0300201F
0300301F
0300401F
0300501F
03000020
03001020
03002020
03003020
03004020
03000021
03003021
03004021
03005021
03001022
03002022
03003022
03004022
03005022
03000023
03001023
03002023
03003023
03004023
03005023
03000024
03001024
03002024
03003024
03004024
03000025
03003025
03005025
03000026
03001026
03002026
03004026
03005026
03001027
03002027
03003027
03005027
03000028
03001028
03002028
03004028
03000029
03003029
03004029
03005029
0300002A
0300102A
0300202A
0300302A
0300402A
0300502A
0300002B
0300102B
0300202B
0300302B
0300402B
0300502B
0300102C
0300202C
0300302C
0300402C
0300002D
0300302D
0300402D
0300502D
0300002E
0300102E
0300202E
0300302E
0300402E
0300502E
0300002F
0300102F
0300202F
0300402F
0300502F
03000030
03001030
03002030
03003030
03003031
03004031
03005031
03000032
03001032
03002032
03005032
03000033
03001033
03002033
03003033
03004033
03005033
03000034
03001034
03002034
03003034
03004034
03000035
03003035
03004035
03005035
03001036
03002036
03003036
03004036
03005036
03000037
03001037
03002037
03003037
03004037
03005037
03000038
03001038
03002038
03003038
03004038
03000039
03004039
03005039
0300003A
0300103A
0300203A
0300303A
0300403A
0300503A
0300103B
0300203B
0300503B
0300003C
0300103C
0300203C
0300303C
0300003D
0300303D
0300403D
0300503D
0300003E
0300103E
0300203E
0300303E
0300403E
0300503E
0300003F
0300103F
0300203F
0300303F
0300403F
0300503F
03001040
03002040
03003040
03004040
03000041
03003041
03004041
03005041
03000042
03001042
03002042
03003042
03004042
03005042
03000043
03001043
03002043
03004043
03005043
03000044
03001044
03002044
03003044
03004045
03005045
03000046
03001046
03002046
03003046
03004046
03005046
03000047
03001047
03002047
03003047
03004047
03005047
03000048
03001048
03002048
03003048
03000049
03003049
03004049
03005049
0300104A
0300204A
0300304A
0300404A
0300504A
0300004B
0300104B
0300204B
0300304B
0300404B
0300504B
0300004C
0300104C
0300204C
0300404C
0300004D
0300304D
0300404D
0300504D
0300004E
0300104E
0300204E
0300304E
0300404E
0300504E
0300104F
0300204F
0300504F
03000050
03001050
03002050
03003050
03004050
03000051
03003051
03005051
03000052
03001052
03002052
03003052
03004052
03005052
03000053
03001053
03002053
03003053
03004053
03005053
03001054
03002054
03003054
03004054
03000055
03003055
03004055
03005055
03000056
03001056
03002056
03004056
03005056
03000057
03001057
03002057
03003057
03004057
03005057
03000058
03001058
03002058
03004058
03003059
03005059
0300005A
0300105A
0300205A
0300305A
0300505A
0300005B
0300105B
0300205B
0300305B
0300405B
0300505B
0300005C
0300105C
0300205C
0300305C
0300405C
0300005D
0300305D
0300405D
0300505D
0300105E
0300205E
0300305E
0300405E
0300505E
0300005F
0300105F
0300205F
0300405F
0300505F
03000060
03001060
03002060
03004060
03000061
03003061
03004061
03005061
03000062
03001062
03002062
03003062
03004062
03005062
03001063
03002063
03003063
03005063
03000064
03001064
03002064
03003064
03000065
03003065
03004065
03005065
03000066
03001066
03002066
03003066
03004066
03005066
03000067
03001067
03002067
03003067
03004067
03005067
03001068
03002068
03004068
03000069
03003069
03004069
03005069
0300006A
0300106A
0300206A
0300406A
0300506A
0300006B
0300106B
0300206B
0300306B
0300406B
0300506B
0300006C
0300106C
0300206C
0300306C
0300406C
0300306D
0300506D
0300006E
0300106E
0300206E
0300306E
0300506E
0300006F
0300106F
0300206F
0300406F
0300506F
03000070
03001070
03002070
03003070
03004070
03000071
03003071
03004071
03005071
03001072
03002072
03003072
03004072
03005072
03000073
03001073
03002073
03003073
03004073
03005073
03000074
03001074
03002074
03003074
03004074
03000075
03004075
03005075
03000076
03001076
03002076
03003076
03004076
03005076
03001077
03002077
03003077
03005077
03000078
03001078
03002078
03004078
03000079
03003079
03004079
03005079
0300007A
0300107A
0300207A
0300307A
0300507A
0300007B
0300107B
0300207B
0300307B
0300407B
0300507B
0300107C
0300207C
0300307C
0300407C
0300007D
0300407D
0300507D
0300007E
0300107E
0300207E
0300307E
0300407E
0300507E
0300007F
0300107F
0300207F
0300307F
0300407F
0300507F
03000080
03001080
03002080
03003080
03004080
03003081
03004081
03005081
03000082
03001082
03002082
03003082
03004082
03005082
03000083
03001083
03002083
03005083
03000084
03001084
03002084
03004084
03000085
03003085
03005085
03001086
03002086
03003086
03004086
03005086
03000087
03001087
03002087
03003087
03004087
03005087
03000088
03001088
03002088
03003088
03004088
03000089
03003089
03004089
03005089
0300008A
0300108A
0300208A
0300308A
0300408A
0300508A
0300108B
0300208B
0300308B
0300408B
0300508B
0300008C
0300108C
0300208C
0300308C
0300408C
0300008D
0300408D
0300508D
0300008E
0300108E
0300208E
0300508E
0300008F
0300108F
0300208F
0300308F
0300508F
03001090
03002090
03003090
03004090
03000091
03003091
03004091
03005091
03000092
03001092
03002092
03003092
03004092
03005092
03000093
03001093
03002093
03003093
03004093
03005093
03000094
03001094
03002094
03003094
03004094
03004095
03005095
03000096
03001096
03002096
03003096
03004096
03005096
03000097
03001097
03002097
03003097
03004097
03005097
03000098
03001098
03002098
03003098
03000099
03004099
03005099
0300109A
0300209A
0300309A
0300509A
0300009B
0300109B
0300209B
0300309B
0300409B
0300509B
0300009C
0300109C
0300209C
0300309C
0300409C
0300009D
0300309D
0300409D
0300509D
0300009E
0300109E
0300209E
0300309E
0300409E
0300509E
0300109F
0300209F
0300409F
0300509F
030000A0
030010A0
030020A0
030030A0
030040A0
030000A1
030030A1
030040A1
030050A1
030000A2
030010A2
030020A2
030050A2
030000A3
030010A3
030020A3
030030A3
030040A3
030050A3
030010A4
030020A4
030030A4
030040A4
030000A5
030030A5
030050A5
030000A6
030010A6
030020A6
030030A6
030040A6
030050A6
030000A7
030010A7
030020A7
030030A7
030040A7
030050A7
030000A8
030010A8
030020A8
030030A8
030040A8
030040A9
030050A9
030000AA
030010AA
030020AA
030030AA
030040AA
030050AA
030000AB
030010AB
030020AB
030030AB
030040AB
030050AB
030000AC
030010AC
030020AC
030000AD
030030AD
030040AD
030050AD
030010AE
030020AE
030030AE
030040AE
030050AE
030000AF
030010AF
030020AF
030030AF
030040AF
030050AF
030000B0
030010B0
030020B0
030030B0
030000B1
030030B1
030040B1
030050B1
030000B2
030010B2
030020B2
030040B2
030050B2
030010B3
030020B3
030030B3
030040B3
030050B3
030000B4
030010B4
030020B4
030030B4
030040B4
030000B5
030030B5
030040B5
030050B5
030000B6
030010B6
030020B6
030040B6
030050B6
030000B7
030010B7
030020B7
030030B7
030050B7
030010B8
030020B8
030030B8
030000B9
030030B9
030040B9
030050B9
030000BA
030010BA
030020BA
030030BA
030040BA
030050BA
030000BB
030010BB
030020BB
030040BB
030050BB
030000BC
030010BC
030020BC
030030BC
030040BC
030030BD
030040BD
030050BD
030000BE
030010BE
030020BE
030030BE
030040BE
030050BE
030000BF
030010BF
030020BF
030030BF
030040BF
030050BF
030000C0
030010C0
030020C0
030000C1
030030C1
030040C1
030050C1
030010C2
030020C2
030030C2
030040C2
030050C2
030000C3
030010C3
030020C3
030030C3
030050C3
030000C4
030010C4
030020C4
030040C4
030000C5
030030C5
030040C5
030050C5
030000C6
030010C6
030020C6
030030C6
030040C6
030050C6
030010C7
030020C7
030030C7
030040C7
030050C7
010000C8
03000000
03001000
03002000
03003000
03004000
03005000
03001001
03002001
03004001
03000002
03001002
03003002
03004002
03005002
03000003
03002003
03003003
03004003
03005003
02000000
03000004
03001004
03002004
03003004
03004004
03005004
03000005
03001005
03002005
03001006
03003006
03004006
03005006
03000007
03002007
03003007
03004007
03005007
03000008
03001008
03002008
03003008
03005008
03000009
03001009
03002009
03003009
03004009
0300000A
0300100A
0300400A
0300500A
0300200B
0300300B
0300400B
0300500B
0300000C
0300100C
0300200C
0300300C
0300400C
0300500C
0300000D
0300100D
0300200D
0300300D
0300400D
0300000E
0300100E
0300400E
0300500E
0300000F
0300200F
0300300F
0300400F
0300500F
03001010
03002010
03003010
03005010
03000011
03001011
03002011
03003011
03004011
03000012
03001012
03003012
03004012
03005012
03000013
03002013
03005013
03000014
03001014
03002014
03003014
03004014
03005014
03001015
03002015
03003015
03004015
03000016
03001016
03003016
03004016
03005016
03000017
03002017
03003017
03004017
03005017
03000018
03001018
03002018
03004018
03005018
03000019
03001019
03002019
03003019
03004019
0300101A
0300301A
0300401A
0300501A
0300001B
0300201B
0300501B
0300001C
0300101C
0300201C
0300301C
0300501C
0300001D
0300101D
0300201D
0300301D
0300401D
0300001E
0300101E
0300301E
0300401E
0300501E
0300201F
0300301F
0300401F
0300501F
03000020
03001020
03002020
03003020
03004020
03005020
03000021
03001021
03002021
03003021
03004021
03000022
03001022
03004022
03005022
03000023
03002023
03003023
03004023
03005023
03001024
03002024
03003024
03004024
03005024
03000025
03001025
03002025
03000026
03001026
03003026
03004026
03005026
03000027
03002027
03003027
03005027
03000028
03001028
03002028
03003028
03004028
03005028
03001029
03002029
03003029
03004029
0300002A
0300102A
0300402A
0300502A
0300002B
0300202B
0300302B
0300402B
0300502B
0300002C
0300102C
0300202C
0300302C
0300402C
0300502C
0300002D
0300102D
0300202D
0300302D
0300402D
0300102E
0300302E
0300402E
0300502E
0300002F
0300202F
0300302F
0300402F
0300502F
03000030
03001030
03002030
03005030
03000031
03001031
03002031
03003031
03004031
03000032
03001032
03003032
03005032
03002033
03003033
03004033
03005033
03000034
03001034
03002034
03004034
03005034
03000035
03001035
03002035
03003035
03004035
03000036
03001036
03003036
03004036
03005036
03000037
03002037
03003037
03004037
03005037
03001038
03002038
03004038
03005038
03000039
03001039
03002039
03003039
03004039
0300003A
0300103A
0300303A
0300503A
0300003B
0300203B
0300303B
0300403B
0300503B
0300003C
0300103C
0300203C
0300303C
0300403C
0300503C
0300103D
0300203D
0300303D
0300003E
0300103E
0300303E
0300403E
0300503E
0300003F
0300203F
0300403F
0300503F
03000040
03001040
03002040
03003040
03004040
03005040
03000041
03001041
03002041
03003041
03004041
03001042
03004042
03005042
03000043
03002043
03003043
03004043
03005043
03000044
03001044
03002044
03003044
03005044
03000045
03001045
03002045
03003045
03004045
03000046
03001046
03003046
03004046
03005046
03002047
03004047
03005047
03000048
03001048
03002048
03003048
03005048
03000049
03001049
03002049
03003049
03004049
0300004A
0300104A
0300304A
0300404A
0300504A
0300004B
0300204B
0300304B
0300404B
0300504B
0300104C
0300204C
0300304C
0300404C
0300504C
0300004D
0300104D
0300204D
0300404D
0300004E
0300104E
0300304E
0300504E
0300004F
0300204F
0300304F
0300404F
0300504F
03000050
03001050
03002050
03004050
03005050
03001051
03002051
03003051
03004051
03000052
03001052
03003052
03005052
03000053
03002053
03003053
03004053
03005053
03000054
03001054
03002054
03003054
03004054
03005054
03000055
03001055
03002055
03003055
03004055
03001056
03004056
03005056
03000057
03002057
03003057
03004057
03005057
03000058
03001058
03002058
03003058
03005058
03000059
03001059
03002059
03004059
0300005A
0300105A
0300305A
0300405A
0300505A
0300205B
0300305B
0300405B
0300505B
0300005C
0300105C
0300205C
0300305C
0300505C
0300005D
0300105D
0300205D
0300305D
0300405D
0300005E
0300105E
0300305E
0300405E
0300505E
0300005F
0300205F
0300305F
0300405F
0300505F
03001060
03002060
03004060
03005060
03000061
03001061
03002061
03004061
03000062
03001062
03003062
03004062
03005062
03000063
03002063
03003063
03005063
03000064
03001064
03002064
03003064
03004064
03005064
03001065
03002065
03003065
03004065
03000066
03001066
03003066
03005066
03000067
03002067
03003067
03004067
03005067
03000068
03001068
03002068
03003068
03004068
03005068
03000069
03001069
03002069
03004069
0300106A
0300406A
0300506A
0300006B
0300206B
0300306B
0300406B
0300506B
0300006C
0300106C
0300206C
0300306C
0300406C
0300506C
0300006D
0300106D
0300206D
0300306D
0300406D
0300006E
0300106E
0300306E
0300506E
0300206F
0300306F
0300406F
0300506F
03000070
03001070
03002070
03003070
03005070
03000071
03001071
03002071
03003071
03004071
03000072
03001072
03004072
03005072
03000073
03002073
03004073
03005073
03001074
03002074
03003074
03004074
03005074
03000075
03001075
03002075
03003075
03004075
03000076
03001076
03003076
03004076
03005076
03000077
03002077
03003077
03004077
03005077
03000078
03001078
03002078
03003078
03004078
03005078
03001079
03002079
03003079
0300007A
0300107A
0300307A
0300407A
0300507A
0300007B
0300207B
0300507B
0300007C
0300107C
0300207C
0300407C
0300507C
0300007D
0300107D
0300207D
0300307D
0300407D
0300107E
0300307E
0300407E
0300507E
0300007F
0300207F
0300307F
0300407F
0300507F
03000080
03001080
03002080
03003080
03004080
03005080
03000081
03001081
03002081
03003081
03004081
03000082
03001082
03003082
03004082
03005082
03002083
03003083
03004083
03005083
03000084
03001084
03002084
03005084
03000085
03001085
03002085
03003085
03004085
03000086
03001086
03005086
03000087
03002087
03003087
03004087
03005087
03001088
03002088
03003088
03004088
03005088
03000089
03001089
03002089
03003089
03004089
0300008A
0300108A
0300308A
0300408A
0300508A
0300008B
0300208B
0300308B
0300408B
0300508B
0300008C
0300108C
0300208C
0300308C
0300408C
0300508C
0300108D
0300208D
0300408D
0300008E
0300108E
0300308E
0300408E
0300508E
0300008F
0300208F
0300308F
0300508F
03000090
03001090
03002090
03005090
03000091
03001091
03002091
03003091
03004091
03001092
03003092
03004092
03005092
03000093
03002093
03003093
03004093
03005093
03000094
03001094
03002094
03003094
03004094
03005094
03000095
03001095
03002095
03003095
03004095
03000096
03001096
03003096
03004096
03005096
03002097
03004097
03005097
03000098
03001098
03002098
03003098
03004098
03005098
03000099
03001099
03002099
0300009A
0300109A
0300309A
0300509A
0300009B
0300209B
0300309B
0300409B
0300509B
0300109C
0300209C
0300309C
0300409C
0300509C
0300009D
0300109D
0300209D
0300309D
0300409D
0300009E
0300109E
0300309E
0300409E
0300509E
0300009F
0300209F
0300309F
0300409F
0300509F
030000A0
030010A0
030020A0
030030A0
030040A0
030050A0
030010A1
030020A1
030040A1
030000A2
030010A2
030040A2
030050A2
030000A3
030020A3
030030A3
030050A3
030000A4
030010A4
030020A4
030030A4
030040A4
030050A4
030000A5
030010A5
030020A5
030030A5
030010A6
030030A6
030040A6
030050A6
030000A7
030020A7
030030A7
030040A7
030050A7
030000A8
030010A8
030020A8
030030A8
030040A8
030050A8
030000A9
030010A9
030020A9
030030A9
030040A9
030000AA
030010AA
030040AA
030050AA
030020AB
030030AB
030040AB
030050AB
030000AC
030010AC
030020AC
030040AC
030050AC
030000AD
030010AD
030020AD
030030AD
030040AD
030000AE
030010AE
030030AE
030050AE
030000AF
030020AF
030030AF
030050AF
030010B0
030020B0
030030B0
030040B0
030050B0
030000B1
030010B1
030020B1
030030B1
030040B1
030000B2
030010B2
030030B2
030040B2
030050B2
030000B3
030020B3
030040B3
030050B3
030000B4
030010B4
030020B4
030030B4
030040B4
030050B4
030010B5
030020B5
030030B5
030040B5
030000B6
030010B6
030040B6
030050B6
030000B7
030020B7
030030B7
030050B7
030000B8
030010B8
030020B8
030030B8
030040B8
030050B8
030000B9
030010B9
030020B9
030030B9
030040B9
030010BA
030030BA
030050BA
030000BB
030020BB
030040BB
030050BB
030000BC
030010BC
030020BC
030030BC
030040BC
030050BC
030000BD
030010BD
030020BD
030030BD
030040BD
030000BE
030010BE
030030BE
030040BE
030050BE
030020BF
030030BF
030040BF
030050BF
030000C0
030010C0
030020C0
030030C0
030040C0
030050C0
030000C1
030010C1
030020C1
030000C2
030010C2
030040C2
030050C2
030000C3
030020C3
030030C3
030040C3
030050C3
030010C4
030020C4
030030C4
030040C4
030050C4
030000C5
030010C5
030020C5
030030C5
030000C6
030010C6
030030C6
030040C6
030050C6
030000C7
030020C7
030030C7
030040C7
030050C7
010000C8
03000000
03001000
03003000
03004000
03005000
03002001
03003001
03004001
03000002
03001002
03002002
03003002
03004002
03005002
03000003
03001003
03002003
03003003
03004003
03005003
02000000
03000004
03001004
03004004
03005004
03000005
03002005
03003005
03004005
03001006
03002006
03003006
03004006
03005006
03000007
03001007
03002007
03005007
03000008
03001008
03003008
03004008
03005008
03000009
03002009
03003009
03004009
0300000A
0300100A
0300200A
0300300A
0300400A
0300500A
0300100B
0300200B
0300300B
0300500B
0300000C
0300100C
0300300C
0300400C
0300500C
0300000D
0300200D
0300400D
0300000E
0300100E
0300200E
0300300E
0300400E
0300500E
0300000F
0300100F
0300200F
0300300F
0300400F
0300500F
03001010
03004010
03005010
03000011
03002011
03003011
03004011
03000012
03001012
03002012
03003012
03004012
03005012
03000013
03001013
03002013
03003013
03005013
03000014
03001014
03003014
03004014
03005014
03002015
03003015
03000016
03001016
03002016
03004016
03005016
03000017
03001017
03002017
03003017
03004017
03005017
03000018
03001018
03003018
03004018
03005018
03000019
03002019
03004019
0300101A
0300201A
0300301A
0300401A
0300501A
0300001B
0300101B
0300201B
0300301B
0300401B
0300501B
0300001C
0300101C
0300301C
0300401C
0300501C
0300001D
0300201D
0300301D
0300001E
0300101E
0300201E
0300301E
0300401E
0300501E
0300101F
0300201F
0300501F
03000020
03001020
03003020
03004020
03005020
03000021
03002021
03003021
03004021
03000022
03001022
03002022
03003022
03004022
03005022
03000023
03001023
03002023
03004023
03005023
03001024
03003024
03004024
03005024
03000025
03002025
03003025
03004025
03000026
03001026
03002026
03003026
03004026
03005026
03000027
03001027
03002027
03003027
03005027
03000028
03001028
03004028
03005028
03002029
03003029
03004029
0300002A
0300102A
0300202A
0300302A
0300502A
0300002B
0300102B
0300202B
0300302B
0300402B
0300502B
0300002C
0300102C
0300302C
0300402C
0300502C
0300002D
0300202D
0300402D
0300102E
0300202E
0300302E
0300402E
0300502E
0300002F
0300102F
0300202F
0300302F
0300402F
0300502F
03000030
03001030
03003030
03004030
03005030
03000031
03002031
03000032
03001032
03002032
03003032
03004032
03005032
03001033
03002033
03003033
03004033
03005033
03000034
03001034
03003034
03004034
03005034
03000035
03002035
03003035
03000036
03001036
03002036
03003036
03004036
03005036
03000037
03001037
03002037
03004037
03005037
03001038
03003038
03004038
03005038
03000039
03002039
03003039
03004039
0300003A
0300103A
0300203A
0300303A
0300403A
0300503A
0300003B
0300103B
0300203B
0300403B
0300503B
0300003C
0300103C
0300303C
0300503C
0300203D
0300303D
0300403D
0300003E
0300103E
0300203E
0300303E
0300403E
0300503E
0300003F
0300103F
0300203F
0300303F
0300403F
0300503F
03000040
03001040
03005040
03000041
03002041
03003041
03004041
03001042
03002042
03003042
03004042
03005042
03000043
03001043
03002043
03003043
03004043
03005043
03000044
03001044
03003044
03004044
03005044
03000045
03002045
03003045
03004045
03000046
03001046
03002046
03004046
03005046
03001047
03002047
03003047
03005047
03000048
03001048
03004048
03005048
03000049
03002049
03003049
0300004A
0300104A
0300204A
0300304A
0300404A
0300504A
0300004B
0300104B
0300204B
0300304B
0300404B
0300504B
0300104C
0300304C
0300404C
0300504C
0300004D
0300204D
0300304D
0300404D
0300004E
0300104E
0300204E
0300304E
0300404E
0300504E
0300004F
0300104F
0300204F
0300304F
0300404F
0300504F
03000050
03001050
03004050
03005050
03002051
03003051
03000052
03001052
03002052
03005052
03000053
03001053
03002053
03003053
03004053
03005053
03000054
03001054
03003054
03004054
03005054
03000055
03002055
03003055
03004055
03001056
03002056
03003056
03004056
03005056
03000057
03001057
03002057
03003057
03004057
03005057
03000058
03001058
03004058
03005058
03000059
03002059
03003059
03004059
0300005A
0300105A
0300205A
0300305A
0300505A
0300105B
0300205B
0300305B
0300405B
0300505B
0300005C
0300105C
0300305C
0300405C
0300505C
0300005D
0300205D
0300005E
0300105E
0300205E
0300305E
0300405E
0300505E
0300005F
0300105F
0300205F
0300305F
0300405F
0300505F
03001060
03004060
03005060
03000061
03002061
03003061
03004061
03000062
03001062
03002062
03003062
03004062
03005062
03000063
03001063
03002063
03003063
03004063
03005063
03000064
03001064
03003064
03005064
03002065
03003065
03004065
03000066
03001066
03002066
03003066
03004066
03005066
03000067
03001067
03002067
03004067
03005067
03000068
03001068
03005068
03000069
03002069
03003069
03004069
0300106A
0300206A
0300306A
0300406A
0300506A
0300006B
0300106B
0300206B
0300306B
0300406B
0300506B
0300006C
0300106C
0300306C
0300406C
0300506C
0300006D
0300206D
0300306D
0300406D
0300006E
0300106E
0300206E
0300306E
0300406E
0300506E
0300106F
0300206F
0300306F
0300506F
03000070
03001070
03004070
03005070
03000071
03002071
03004071
03000072
03001072
03002072
03003072
03004072
03005072
03000073
03001073
03002073
03003073
03005073
03001074
03003074
03004074
03005074
03000075
03002075
03003075
03004075
03000076
03001076
03002076
03003076
03004076
03005076
03000077
03001077
03002077
03003077
03004077
03005077
03000078
03001078
03003078
03004078
03005078
03002079
03004079
0300007A
0300107A
0300207A
0300507A
0300007B
0300107B
0300207B
0300307B
0300407B
0300507B
0300007C
0300107C
0300307C
0300407C
0300507C
0300007D
0300207D
0300307D
0300407D
0300107E
0300207E
0300307E
0300507E
0300007F
0300107F
0300207F
0300307F
0300407F
0300507F
03000080
03001080
03003080
03004080
03005080
03000081
03002081
03003081
03004081
03000082
03001082
03002082
03004082
03005082
03001083
03002083
03003083
03004083
03005083
03000084
03001084
03004084
03005084
03000085
03002085
03003085
03004085
03000086
03001086
03002086
03003086
03005086
03000087
03001087
03002087
03003087
03005087
03001088
03003088
03004088
03005088
03000089
03002089
03003089
03004089
0300008A
0300108A
0300208A
0300408A
0300508A
0300008B
0300108B
0300208B
0300308B
0300408B
0300508B
0300008C
0300108C
0300308C
0300408C
0300508C
0300208D
0300308D
0300408D
0300008E
0300108E
0300208E
0300308E
0300408E
0300508E
0300008F
0300108F
0300208F
0300408F
0300508F
03000090
03001090
03003090
03005090
03000091
03002091
03003091
03004091
03001092
03002092
03003092
03005092
03000093
03001093
03002093
03004093
03005093
03000094
03001094
03003094
03004094
03005094
03000095
03002095
03003095
03004095
03000096
03001096
03002096
03003096
03004096
03005096
03001097
03002097
03003097
03004097
03005097
03000098
03001098
03003098
03004098
03005098
03000099
03002099
03004099
0300009A
0300109A
0300209A
0300309A
0300409A
0300509A
0300009B
0300109B
0300209B
0300309B
0300509B
0300109C
0300509C
0300009D
0300209D
0300309D
0300409D
0300009E
0300109E
0300209E
0300309E
0300409E
0300509E
0300009F
0300109F
0300209F
0300309F
0300409F
0300509F
030000A0
030010A0
030030A0
030040A0
030050A0
030020A1
030030A1
030040A1
030000A2
030010A2
030020A2
030030A2
030040A2
030050A2
030000A3
030010A3
030020A3
030040A3
030050A3
030000A4
030010A4
030030A4
030040A4
030050A4
030000A5
030020A5
030030A5
030010A6
030020A6
030050A6
030000A7
030010A7
030020A7
030030A7
030040A7
030050A7
030000A8
030010A8
030030A8
030040A8
030050A8
030000A9
030020A9
030030A9
030040A9
030000AA
030010AA
030020AA
030030AA
030040AA
030050AA
030010AB
030020AB
030030AB
030040AB
030050AB
030000AC
030010AC
030040AC
030050AC
030000AD
030020AD
030030AD
030040AD
030000AE
030010AE
030020AE
030030AE
030040AE
030050AE
030000AF
030010AF
030020AF
030030AF
030050AF
030010B0
030040B0
030050B0
030000B1
030020B1
030030B1
030000B2
030010B2
030020B2
030030B2
030040B2
030050B2
030000B3
030010B3
030020B3
030030B3
030040B3
030050B3
030000B4
030010B4
030030B4
030040B4
030050B4
030020B5
030030B5
030040B5
030000B6
030010B6
030020B6
030040B6
030050B6
030000B7
030010B7
030020B7
030030B7
030040B7
030050B7
030000B8
030010B8
030030B8
030040B8
030050B8
030000B9
030020B9
030010BA
030020BA
030030BA
030040BA
030050BA
030000BB
030010BB
030020BB
030030BB
030040BB
030050BB
030000BC
030010BC
030030BC
030050BC
030000BD
030020BD
030030BD
030040BD
030000BE
030010BE
030020BE
030030BE
030040BE
030050BE
030010BF
030020BF
030040BF
030050BF
030000C0
030010C0
030030C0
030040C0
030050C0
030000C1
030020C1
030030C1
030040C1
030000C2
030010C2
030020C2
030030C2
030040C2
030050C2
030000C3
030010C3
030020C3
030050C3
030010C4
030030C4
030040C4
030050C4
030000C5
030020C5
030030C5
030040C5
030000C6
030010C6
030020C6
030030C6
030040C6
030050C6
030000C7
030010C7
030020C7
030030C7
030050C7
010000C8
03000000
03001000
03005000
03000001
03002001
03003001
03004001
03001002
03002002
03003002
03005002
03000003
03001003
03002003
03004003
03005003
02000000
03000004
03001004
03003004
03004004
03005004
03000005
03002005
03003005
03004005
03000006
03001006
03002006
03003006
03004006
03005006
03001007
03002007
03003007
03004007
03005007
03000008
03001008
03003008
03004008
03005008
03000009
03002009
03003009
03004009
0300000A
0300100A
0300200A
0300400A
0300500A
0300000B
0300100B
0300200B
0300300B
0300500B
0300100C
0300300C
0300500C
0300000D
0300200D
0300400D
0300000E
0300100E
0300200E
0300300E
0300400E
0300500E
0300000F
0300100F
0300200F
0300300F
0300400F
0300500F
03000010
03001010
03003010
03004010
03005010
03002011
03003011
03004011
03000012
03001012
03002012
03004012
03005012
03000013
03001013
03002013
03003013
03004013
03005013
03000014
03001014
03003014
03004014
03005014
03000015
03002015
03003015
03001016
03002016
03003016
03005016
03000017
03001017
03002017
03003017
03004017
03005017
03000018
03001018
03003018
03004018
03005018
03000019
03002019
03004019
0300001A
0300101A
0300201A
0300401A
0300501A
0300101B
0300201B
0300301B
0300401B
0300501B
0300001C
0300101C
0300301C
0300401C
0300501C
0300001D
0300201D
0300301D
0300401D
0300001E
0300101E
0300201E
0300301E
0300401E
0300501E
0300001F
0300101F
0300201F
0300301F
0300501F
03001020
03003020
03004020
03005020
03000021
03002021
03003021
03000022
03001022
03002022
03004022
03005022
03000023
03001023
03002023
03003023
03004023
03005023
03000024
03001024
03003024
03004024
03005024
03002025
03004025
03000026
03001026
03002026
03003026
03004026
03005026
03000027
03001027
03002027
03003027
03004027
03005027
03000028
03001028
03003028
03004028
03005028
03000029
03002029
03003029
03004029
0300102A
0300202A
0300302A
0300502A
0300002B
0300102B
0300202B
0300502B
0300002C
0300102C
0300302C
0300402C
0300502C
0300002D
0300202D
0300302D
0300402D
0300002E
0300102E
0300202E
0300302E
0300402E
0300502E
0300102F
0300202F
0300402F
0300502F
03000030
03001030
03003030
03004030
03005030
03000031
03002031
03003031
03004031
03000032
03001032
03002032
03003032
03004032
03005032
03000033
03001033
03002033
03003033
03004033
03005033
03001034
03003034
03005034
03000035
03002035
03000036
03001036
03002036
03004036
03005036
03000037
03001037
03002037
03003037
03004037
03005037
03000038
03001038
03003038
03004038
03005038
03002039
03003039
03004039
0300003A
0300103A
0300203A
0300303A
0300403A
0300503A
0300003B
0300103B
0300203B
0300303B
0300403B
0300503B
0300003C
0300103C
0300303C
0300403C
0300503C
0300003D
0300203D
0300303D
0300103E
0300203E
0300303E
0300403E
0300503E
0300003F
0300103F
0300203F
0300403F
0300503F
03000040
03001040
03004040
03005040
03000041
03002041
03003041
03000042
03001042
03002042
03003042
03004042
03005042
03001043
03002043
03004043
03005043
03000044
03001044
03003044
03004044
03005044
03000045
03002045
03003045
03004045
03000046
03001046
03002046
03003046
03004046
03005046
03000047
03001047
03002047
03003047
03004047
03005047
03001048
03003048
03005048
03000049
03002049
03003049
03004049
0300004A
0300104A
0300204A
0300304A
0300404A
0300504A
0300004B
0300104B
0300204B
0300304B
0300504B
0300004C
0300104C
0300404C
0300504C
0300204D
0300304D
0300404D
0300004E
0300104E
0300204E
0300404E
0300504E
0300004F
0300104F
0300204F
0300404F
0300504F
03000050
03001050
03003050
03004050
03005050
03000051
03002051
03003051
03004051
03001052
03002052
03003052
03005052
03000053
03001053
03002053
03003053
03004053
03005053
03000054
03001054
03003054
03004054
03005054
03000055
03002055
03003055
03000056
03001056
03002056
03003056
03004056
03005056
03001057
03002057
03003057
03004057
03005057
03000058
03001058
03003058
03004058
03005058
03000059
03002059
03004059
0300005A
0300105A
0300205A
0300305A
0300405A
0300505A
0300005B
0300105B
0300205B
0300405B
0300505B
0300105C
0300305C
0300405C
0300505C
0300005D
0300205D
0300005E
0300105E
0300205E
0300305E
0300405E
0300505E
0300005F
0300105F
0300205F
0300305F
0300405F
0300505F
03000060
03001060
03003060
03005060
03002061
03003061
03004061
03000062
03001062
03002062
03003062
03004062
03005062
03000063
03001063
03002063
03003063
03004063
03005063
03000064
03001064
03003064
03004064
03005064
03000065
03002065
03003065
03004065
03001066
03002066
03004066
03005066
03000067
03001067
03002067
03003067
03004067
03005067
03000068
03001068
03003068
03005068
03000069
03002069
03004069
0300006A
0300106A
0300206A
0300506A
0300106B
0300206B
0300306B
0300406B
0300506B
0300006C
0300106C
0300306C
0300406C
0300506C
0300006D
0300206D
0300306D
0300406D
0300006E
0300106E
0300206E
0300306E
0300406E
0300506E
0300006F
0300106F
0300206F
0300306F
0300406F
0300506F
03001070
03003070
03004070
03005070
03000071
03002071
03003071
03004071
03000072
03001072
03002072
03003072
03005072
03000073
03001073
03002073
03003073
03004073
03005073
03000074
03001074
03004074
03005074
03002075
03003075
03004075
03000076
03001076
03002076
03005076
03000077
03001077
03002077
03004077
03005077
03000078
03001078
03003078
03004078
03005078
03000079
03002079
03003079
03004079
0300107A
0300207A
0300307A
0300407A
0300507A
0300007B
0300107B
0300207B
0300307B
0300407B
0300507B
0300007C
0300107C
0300307C
0300407C
0300507C
0300007D
0300207D
0300307D
0300007E
0300107E
0300207E
0300307E
0300407E
0300507E
0300107F
0300207F
0300307F
0300407F
0300507F
03000080
03001080
03003080
03004080
03005080
03000081
03002081
03003081
03000082
03001082
03002082
03004082
03005082
03000083
03001083
03002083
03004083
03005083
03001084
03003084
03004084
03005084
03000085
03002085
03004085
03000086
03001086
03002086
03003086
03004086
03005086
03000087
03001087
03002087
03003087
03005087
03000088
03001088
03003088
03004088
03005088
03002089
03003089
03004089
0300008A
0300108A
0300208A
0300308A
0300508A
0300008B
0300108B
0300208B
0300308B
0300408B
0300508B
0300008C
0300108C
0300308C
0300408C
0300508C
0300008D
0300208D
0300308D
0300408D
0300108E
0300208E
0300308E
0300408E
0300508E
0300008F
0300108F
0300208F
0300408F
0300508F
03000090
03001090
03003090
03004090
03005090
03000091
03002091
03000092
03001092
03002092
03003092
03005092
03001093
03002093
03003093
03004093
03005093
03000094
03001094
03004094
03005094
03000095
03002095
03003095
03004095
03000096
03001096
03002096
03003096
03004096
03005096
03000097
03001097
03002097
03003097
03004097
03005097
03001098
03003098
03004098
03005098
03000099
03002099
03003099
03004099
0300009A
0300109A
0300209A
0300309A
0300409A
0300509A
0300009B
0300109B
0300209B
0300309B
0300509B
0300009C
0300109C
0300309C
0300509C
0300209D
0300409D
0300009E
0300109E
0300209E
0300409E
0300509E
0300009F
0300109F
0300209F
0300309F
0300409F
0300509F
030000A0
030010A0
030030A0
030040A0
030050A0
030000A1
030020A1
030030A1
030040A1
030010A2
030020A2
030030A2
030040A2
030050A2
030000A3
030010A3
030020A3
030040A3
030050A3
030000A4
030010A4
030030A4
030040A4
030050A4
030000A5
030020A5
030030A5
030000A6
030010A6
030020A6
030030A6
030040A6
030050A6
030010A7
030020A7
030030A7
030050A7
030000A8
030010A8
030030A8
030040A8
030050A8
030000A9
030020A9
030040A9
030000AA
030010AA
030020AA
030030AA
030040AA
030050AA
030000AB
030010AB
030020AB
030030AB
030040AB
030050AB
030010AC
030030AC
030040AC
030050AC
030000AD
030020AD
030040AD
030000AE
030010AE
030020AE
030030AE
030040AE
030050AE
030000AF
030010AF
030020AF
030030AF
030040AF
030050AF
030000B0
030010B0
030030B0
030050B0
030020B1
030000B2
030010B2
030020B2
030030B2
030040B2
030050B2
030000B3
030010B3
030020B3
030030B3
030040B3
030050B3
030000B4
030010B4
030030B4
030040B4
030050B4
030000B5
030020B5
030030B5
030040B5
030010B6
030020B6
030040B6
030050B6
030000B7
030010B7
030020B7
030030B7
030040B7
030050B7
030000B8
030010B8
030030B8
030040B8
030050B8
030000B9
030020B9
030030B9
030040B9
030000BA
030010BA
030020BA
030030BA
030050BA
030010BB
030020BB
030040BB
030050BB
030000BC
030010BC
030030BC
030050BC
030000BD
030020BD
030030BD
030040BD
030000BE
030010BE
030020BE
030030BE
030040BE
030050BE
030000BF
030010BF
030020BF
030040BF
030050BF
030010C0
030030C0
030040C0
030050C0
030000C1
030020C1
030030C1
030040C1
030000C2
030010C2
030020C2
030030C2
030040C2
030050C2
030000C3
030010C3
030020C3
030030C3
030040C3
030050C3
030000C4
030010C4
030040C4
030050C4
030020C5
030030C5
030000C6
030010C6
030020C6
030030C6
030040C6
030050C6
030000C7
030010C7
030020C7
030030C7
030050C7
010000C8
03000000
03001000
03003000
03004000
03005000
03000001
03002001
03003001
03004001
03005001
03000002
03001002
03002002
03003002
03004002
03005002
03001003
03002003
03003003
03004003
02000000
03000004
03001004
03005004
03000005
03002005
03003005
03004005
03005005
03000006
03001006
03002006
03003006
03004006
03005006
03000007
03001007
03002007
03001008
03003008
03004008
03005008
03000009
03002009
03003009
03004009
03005009
0300000A
0300100A
0300200A
0300300A
0300400A
0300500A
0300000B
0300100B
0300200B
0300300B
0300400B
0300000C
0300100C
0300300C
0300400C
0300500C
0300200D
0300400D
0300500D
0300000E
0300100E
0300200E
0300300E
0300500E
0300000F
0300100F
0300200F
0300300F
0300400F
03000010
03001010
03003010
03004010
03005010
03000011
03002011
03003011
03004011
03005011
03001012
03002012
03005012
03000013
03001013
03002013
03003013
03004013
03000014
03001014
03003014
03004014
03005014
03000015
03002015
03003015
03004015
03005015
03000016
03001016
03002016
03004016
03005016
03001017
03002017
03003017
03004017
03000018
03001018
03003018
03004018
03005018
03000019
03002019
03003019
03005019
0300001A
0300101A
0300201A
0300301A
0300501A
0300001B
0300101B
0300201B
0300301B
0300401B
0300101C
0300401C
0300501C
0300001D
0300201D
0300301D
0300401D
0300501D
0300001E
0300101E
0300201E
0300301E
0300401E
0300501E
0300001F
0300101F
0300201F
0300401F
03000020
03001020
03003020
03004020
03005020
03002021
03003021
03004021
03005021
03000022
03001022
03002022
03003022
03004022
03005022
03000023
03001023
03002023
03003023
03000024
03001024
03003024
03005024
03000025
03002025
03004025
03005025
03001026
03002026
03003026
03004026
03005026
03000027
03001027
03002027
03003027
03004027
03000028
03001028
03003028
03004028
03005028
03000029
03002029
03004029
03005029
0300002A
0300102A
0300202A
0300302A
0300402A
0300502A
0300102B
0300202B
0300302B
0300402B
0300002C
0300102C
0300302C
0300402C
0300502C
0300002D
0300202D
0300502D
0300002E
0300102E
0300202E
0300302E
0300402E
0300502E
0300002F
0300102F
0300202F
0300302F
03001030
03003030
03004030
03005030
03000031
03002031
03003031
03004031
03005031
03000032
03001032
03002032
03003032
03004032
03005032
03000033
03001033
03002033
03004033
03000034
03001034
03003034
03004034
03005034
03002035
03003035
03004035
03005035
03000036
03001036
03002036
03004036
03005036
03000037
03001037
03002037
03003037
03000038
03001038
03003038
03004038
03005038
03000039
03002039
03003039
03004039
03005039
0300103A
0300203A
0300303A
0300503A
0300003B
0300103B
0300203B
0300403B
0300003C
0300103C
0300303C
0300403C
0300503C
0300003D
0300203D
0300303D
0300403D
0300503D
0300003E
0300103E
0300203E
0300303E
0300403E
0300503E
0300103F
0300203F
0300303F
0300403F
03000040
03001040
03003040
03004040
03005040
03000041
03002041
03004041
03005041
03000042
03001042
03002042
03005042
03000043
03001043
03002043
03003043
03004043
03001044
03003044
03004044
03005044
03000045
03002045
03003045
03005045
03000046
03001046
03002046
03003046
03004046
03005046
03000047
03001047
03002047
03003047
03004047
03000048
03001048
03003048
03004048
03005048
03002049
03003049
03004049
03005049
0300004A
0300104A
0300204A
0300404A
0300504A
0300004B
0300104B
0300204B
0300304B
0300404B
0300004C
0300104C
0300404C
0300504C
0300004D
0300204D
0300304D
0300504D
0300104E
0300204E
0300304E
0300404E
0300504E
0300004F
0300104F
0300204F
0300304F
0300404F
03000050
03001050
03003050
03005050
03000051
03002051
03003051
03004051
03005051
03000052
03001052
03002052
03003052
03004052
03005052
03001053
03002053
03004053
03000054
03001054
03003054
03004054
03005054
03000055
03002055
03004055
03005055
03000056
03001056
03002056
03003056
03004056
03005056
03000057
03001057
03002057
03003057
03004057
03001058
03003058
03005058
03000059
03002059
03003059
03004059
03005059
0300005A
0300105A
0300205A
0300305A
0300405A
0300505A
0300005B
0300105B
0300205B
0300305B
0300005C
0300105C
0300305C
0300405C
0300505C
0300205D
0300405D
0300505D
0300005E
0300105E
0300205E
0300305E
0300405E
0300505E
0300005F
0300105F
0300205F
0300405F
03000060
03001060
03003060
03004060
03005060
03000061
03002061
03003061
03004061
03005061
03001062
03002062
03003062
03004062
03005062
03000063
03001063
03002063
03003063
03000064
03001064
03003064
03004064
03005064
03000065
03002065
03003065
03005065
03000066
03001066
03002066
03004066
03005066
03001067
03002067
03003067
03004067
03000068
03001068
03003068
03004068
03005068
03000069
03002069
03004069
03005069
0300006A
0300106A
0300206A
0300306A
0300406A
0300506A
0300006B
0300106B
0300206B
0300306B
0300406B
0300106C
0300306C
0300406C
0300506C
0300006D
0300206D
0300306D
0300506D
0300006E
0300106E
0300206E
0300306E
0300406E
0300506E
0300006F
0300106F
0300206F
0300306F
0300406F
03000070
03001070
03005070
03002071
03003071
03004071
03005071
03000072
03001072
03002072
03003072
03004072
03005072
03000073
03001073
03002073
03004073
03000074
03001074
03003074
03004074
03005074
03000075
03002075
03003075
03004075
03005075
03001076
03002076
03003076
03004076
03005076
03000077
03001077
03002077
03003077
03004077
03000078
03001078
03003078
03005078
03000079
03002079
03004079
03005079
0300007A
0300107A
0300207A
0300307A
0300507A
0300107B
0300207B
0300307B
0300407B
0300007C
0300107C
0300307C
0300407C
0300507C
0300007D
0300207D
0300307D
0300407D
0300507D
0300007E
0300107E
0300207E
0300407E
0300507E
0300007F
0300107F
0300207F
0300307F
0300407F
03001080
03003080
03004080
03005080
03000081
03002081
03004081
03005081
03000082
03001082
03002082
03003082
03005082
03000083
03001083
03002083
03003083
03004083
03000084
03001084
03003084
03005084
03002085
03003085
03004085
03005085
03000086
03001086
03002086
03003086
03004086
03005086
03000087
03001087
03002087
03003087
03004087
03000088
03001088
03004088
03005088
03000089
03002089
03003089
03004089
03005089
0300108A
0300208A
0300408A
0300508A
0300008B
0300108B
0300208B
0300308B
0300408B
0300008C
0300108C
0300308C
0300508C
0300008D
0300208D
0300308D
0300408D
0300508D
0300008E
0300108E
0300208E
0300308E
0300408E
0300508E
0300108F
0300208F
0300308F
03000090
03001090
03003090
03004090
03005090
03000091
03002091
03004091
03005091
03000092
03001092
03002092
03003092
03004092
03005092
03000093
03001093
03002093
03004093
03001094
03003094
03004094
03005094
03000095
03002095
03003095
03004095
03005095
03000096
03001096
03002096
03003096
03004096
03005096
03000097
03001097
03002097
03003097
03000098
03001098
03003098
03005098
03002099
03003099
03004099
03005099
0300009A
0300109A
0300209A
0300409A
0300509A
0300009B
0300109B
0300209B
0300309B
0300409B
0300009C
0300109C
0300309C
0300409C
0300509C
0300009D
0300209D
0300409D
0300509D
0300109E
0300209E
0300309E
0300409E
0300509E
0300009F
0300109F
0300209F
0300309F
0300409F
030000A0
030010A0
030030A0
030040A0
030050A0
030000A1
030020A1
030030A1
030050A1
030000A2
030010A2
030020A2
030050A2
030010A3
030020A3
030030A3
030040A3
030000A4
030010A4
030030A4
030040A4
030050A4
030000A5
030020A5
030030A5
030040A5
030050A5
030000A6
030010A6
030020A6
030030A6
030040A6
030050A6
030000A7
030010A7
030020A7
030040A7
030010A8
030030A8
030040A8
030050A8
030000A9
030020A9
030030A9
030040A9
030050A9
030000AA
030010AA
030020AA
030030AA
030040AA
030050AA
030000AB
030010AB
030020AB
030030AB
030040AB
030000AC
030010AC
030050AC
030020AD
030030AD
030050AD
030000AE
030010AE
030020AE
030040AE
030050AE
030000AF
030010AF
030020AF
030030AF
030040AF
030000B0
030010B0
030030B0
030040B0
030050B0
030000B1
030020B1
030030B1
030040B1
030050B1
030010B2
030020B2
030030B2
030040B2
030050B2
030000B3
030010B3
030020B3
030030B3
030040B3
030000B4
030010B4
030030B4
030040B4
030050B4
030000B5
030020B5
030030B5
030040B5
030050B5
030000B6
030010B6
030020B6
030040B6
030050B6
030010B7
030020B7
030030B7
030000B8
030010B8
030030B8
030050B8
030000B9
030020B9
030040B9
030050B9
030000BA
030010BA
030020BA
030040BA
030050BA
030000BB
030010BB
030020BB
030030BB
030040BB
030010BC
030030BC
030040BC
030050BC
030000BD
030020BD
030030BD
030040BD
030050BD
030000BE
030010BE
030020BE
030030BE
030040BE
030050BE
030000BF
030010BF
030020BF
030030BF
030040BF
030000C0
030010C0
030030C0
030040C0
030050C0
030020C1
030030C1
030050C1
030000C2
030010C2
030020C2
030030C2
030040C2
030050C2
030000C3
030010C3
030020C3
030030C3
030040C3
030000C4
030010C4
030050C4
030000C5
030020C5
030030C5
030040C5
030050C5
030010C6
030020C6
030040C6
030050C6
030000C7
030010C7
030020C7
030030C7
030040C7
010000C8
03000000
03001000
03002000
03003000
03004000
03005000
03003001
03004001
03000002
03001002
03002002
03005002
03001003
03003003
03004003
02001000
03000004
03002004
03005004
03000005
03003005
03004005
03001006
03002006
03003006
03004006
03005006
03000007
03001007
03002008
03003008
03004008
03005008
03000009
0300000A
0300100A
0300200A
0300300A
0300400A
0300500A
0300100B
0300300B
0300400B
0300000C
0300200C
0300500C
0300000D
0300300D
0300400D
0300100E
0300200E
0300300E
0300400E
0300500E
0300000F
0300100F
03002010
03003010
03004010
03005010
03000011
03001011
03003011
03000012
03002012
03004012
03005012
03001013
03004013
03000014
03002014
03003014
03004014
03005014
03001015
03003015
03000016
03002016
03003016
03005016
03000017
03001017
03004017
03002018
03003018
03004018
03005018
03000019
03001019
03004019
0300001A
0300201A
0300301A
0300401A
0300501A
0300101B
0300301B
0300001C
0300201C
0300501C
0300101D
0300301D
0300401D
0300001E
0300201E
0300401E
0300501E
0300001F
0300101F
0300301F
0300401F
03002020
03003020
03005020
03000021
03001021
03003021
03004021
03002022
03005022
03000023
03001023
03004023
03005023
03000024
03002024
03003024
03004024
03001025
03003025
03005025
03000026
03002026
03003026
03004026
03005026
03000027
03001027
03004027
03002028
03000029
03001029
03002029
03003029
03004029
03005029
0300302A
0300002B
0300102B
0300202B
0300302B
0300402B
0300502B
0300002C
0300202C
0300402C
0300102D
0300302D
0300502D
0300002E
0300202E
0300402E
0300102F
0300302F
0300402F
0300502F
03000030
03002030
03000031
03001031
03003031
03005031
03001032
03002032
03003032
03004032
03000033
03003033
03004033
03005033
03000034
03002034
03004034
03001035
03003035
03005035
03001036
03002036
03004036
03000037
03003037
03004037
03005037
03000038
03001038
03002038
03000039
03003039
03005039
0300103A
0300203A
0300403A
0300103B
0300303B
0300403B
0300503B
0300003C
0300203C
0300303C
0300403C
0300003D
0300103D
0300303D
0300503D
0300003E
0300203E
0300403E
0300103F
0300303F
0300503F
03000040
03002040
03004040
03001041
03003041
03004041
03005041
03000042
03002042
03003042
03000043
03001043
03004043
03005043
03002044
03004044
03000045
03001045
03003045
03005045
03001046
03002046
03003046
03004046
03000047
03003047
03005047
03000048
03002048
03004048
03001049
03003049
03004049
03005049
0300004A
0300104A
0300204A
0300404A
0300304B
0300504B
0300004C
0300104C
0300204C
0300304C
0300404C
0300004D
0300504D
0300104E
0300204E
0300304E
0300404E
0300004F
0300104F
0300404F
0300504F
03002050
03003050
03004050
03000051
03001051
03003051
03005051
03000052
03002052
03003052
03001053
03004053
03005053
03000054
03001054
03002054
03004054
03000055
03003055
03004055
03005055
03002056
03003056
03004056
03001057
03003057
03005057
03000058
03001058
03002058
03005058
03000059
03003059
03004059
0300005A
0300205A
0300405A
0300505A
0300105B
0300305B
0300505B
0300105C
0300205C
0300405C
0300005D
0300205D
0300305D
0300405D
0300005E
0300105E
0300305E
0300505E
0300005F
0300205F
0300405F
03001060
03002060
03003060
03004060
03005060
03000061
03001061
03003061
03003062
03004062
03005062
03000063
03002063
03000064
03001064
03004064
03005064
03000065
03001065
03002065
03003065
03003066
03004066
03005066
03002067
03003067
03004067
03000068
03001068
03004068
03005068
03000069
03001069
03002069
0300006A
0300306A
0300406A
0300506A
0300106B
0300206B
0300306B
0300306C
0300506C
0300006D
0300106D
0300206D
0300406D
0300006E
0300106E
0300306E
0300406E
0300506E
0300006F
0300206F
0300406F
03003070
03004070
03005070
03000071
03001071
03002071
03001072
03003072
03004072
03005072
03000073
03002073
03003073
03000074
03003074
03005074
03000075
03001075
03002075
03004075
03001076
03003076
03004076
03005076
03002077
03004077
03000078
03001078
03003078
03005078
03000079
03002079
03003079
03004079
0300007A
0300107A
0300407A
0300507A
0300107B
0300207B
0300307B
0300407C
0300507C
0300007D
0300207D
0300407D
0300007E
0300107E
0300307E
0300507E
0300007F
0300107F
0300207F
0300307F
03003080
03004080
03005080
03002081
03003081
03004081
03000082
03001082
03003082
03004082
03005082
03000083
03001083
03002083
03004083
03000084
03005084
03001085
03002085
03003085
03004085
03005086
03000087
03001087
03002087
03003087
03004087
03000088
03001088
03003088
03005088
03000089
03002089
03004089
0300308A
0300408A
0300508A
0300108B
0300208B
0300408B
0300008C
0300108C
0300308C
0300508C
0300008D
0300208D
0300308D
0300408D
0300508D
0300008E
0300308E
0300108F
0300208F
0300408F
0300508F
03001090
03002090
03003090
03004090
03005090
03000091
03000092
03001092
03002092
03003092
03004092
03000093
03002093
03005093
03001094
03003094
03004094
03000095
03001095
03002095
03003095
03004095
03005095
03004096
03000097
03002097
03003097
03005097
03000098
03001098
03003098
03001099
03002099
03004099
03005099
0300009A
0300309A
0300409A
0300009B
0300209B
0300509B
0300109C
0300309C
0300409C
0300109D
0300209D
0300309D
0300409D
0300509D
0300009E
0300409E
0300009F
0300109F
0300209F
0300309F
0300509F
030000A0
030010A1
030020A1
030030A1
030040A1
030050A1
030010A2
030030A2
030040A2
030000A3
030020A3
030050A3
030000A4
030030A4
030040A4
030000A5
030010A5
030020A5
030030A5
030040A5
030050A5
030010A6
030040A6
030000A7
030020A7
030030A7
030050A7
030000A9
030010A9
030020A9
030030A9
030040A9
030050A9
030000AA
030010AA
030040AA
030000AB
030020AB
030030AB
030050AB
030010AC
030030AC
030040AC
030020AD
030030AD
030040AD
030050AD
030000AE
030010AE
030040AE
030000AF
030010AF
030020AF
030030AF
030050AF
030000B0
030040B0
030020B1
030030B1
030050B1
030010B2
030030B2
030040B2
030000B3
030010B3
030020B3
030040B3
030050B3
030000B4
030000B5
030020B5
030030B5
030040B5
030050B5
030010B6
030030B6
030040B6
030000B7
030010B7
030020B7
030030B7
030050B7
030030B8
030040B8
030000B9
030010B9
030020B9
030040B9
030050B9
030000BA
030030BA
030010BB
030020BB
030040BB
030050BB
030000BC
030040BC
030000BD
030010BD
030020BD
030030BD
030050BD
030030BE
030040BE
030010BF
030020BF
030030BF
030050BF
030000C0
030030C0
030040C0
030000C1
030010C1
030020C1
030040C1
030050C1
030000C2
030050C2
030010C3
030020C3
030030C3
030040C3
030020C4
030030C4
030040C4
030050C4
030000C5
030010C5
030030C5
030000C6
030020C6
030040C6
030050C6
030000C7
030010C7
030020C7
030030C7
010000C8
03000000
03001000
03002000
03003000
03004000
03005000
03000001
03001001
03002001
03003001
03004001
03005001
03000002
03003002
03004002
03000003
03001003
03002003
03003003
03004003
03005003
02000000
03001004
03002004
03003004
03004004
03005004
03000005
03001005
03002005
03005005
03000006
03003006
03004006
03000007
03001007
03002007
03003007
03004007
03005007
03000008
03001008
03002008
03003008
03004008
03005008
03001009
03002009
03005009
0300000A
0300300A
0300400A
0300000B
0300100B
0300200B
0300300B
0300400B
0300500B
0300000C
0300100C
0300200C
0300300C
0300400C
0300500C
0300000D
0300100D
0300200D
0300400D
0300500D
0300300E
0300400E
0300000F
0300100F
0300200F
0300300F
0300400F
0300500F
03000010
03001010
03002010
03003010
03004010
03005010
03000011
03001011
03002011
03003011
03005011
03000012
03003012
03004012
03001013
03002013
03005013
03000014
03001014
03002014
03003014
03004014
03005014
03000015
03001015
03002015
03003015
03004015
03005015
03000016
03004016
03000017
03001017
03002017
03003017
03004017
03005017
03001018
03002018
03003018
03004018
03005018
03000019
03001019
03002019
03003019
03004019
03005019
0300001A
0300301A
0300401A
0300001B
0300101B
0300201B
0300301B
0300501B
0300001C
0300101C
0300201C
0300401C
0300501C
0300101D
0300201D
0300301D
0300501D
0300001E
0300301E
0300401E
0300001F
0300101F
0300201F
0300301F
0300401F
0300501F
03000020
03001020
03002020
03004020
03005020
03000021
03001021
03002021
03003021
03004021
03005021
03003022
03004022
03000023
03001023
03002023
03003023
03004023
03005023
03000024
03001024
03002024
03003024
03004024
03005024
03000025
03001025
03002025
03005025
03000026
03003026
03004026
03001027
03002027
03003027
03004027
03005027
03000028
03001028
03002028
03003028
03005028
03000029
03001029
03002029
03003029
03004029
03005029
0300002A
0300402A
0300002B
0300102B
0300202B
0300302B
0300402B
0300502B
0300102C
0300202C
0300302C
0300402C
0300502C
0300002D
0300102D
0300202D
0300302D
0300402D
0300502D
0300002E
0300302E
0300402E
0300002F
0300102F
0300202F
0300502F
03000030
03001030
03002030
03003030
03004030
03005030
03001031
03002031
03003031
03004031
03005031
03000032
03003032
03004032
03000033
03001033
03002033
03005033
03000034
03001034
03002034
03003034
03004034
03005034
03000035
03001035
03002035
03003035
03004035
03005035
03003036
03004036
03000037
03001037
03002037
03003037
03004037
03005037
03000038
03001038
03002038
03003038
03004038
03005038
03000039
03001039
03002039
03005039
0300003A
0300303A
0300403A
0300103B
0300203B
0300303B
0300403B
0300503B
0300003C
0300103C
0300203C
0300303C
0300403C
0300503C
0300003D
0300103D
0300203D
0300403D
0300503D
0300003E
0300303E
0300403E
0300003F
0300103F
0300203F
0300303F
0300503F
03001040
03002040
03003040
03004040
03005040
03000041
03001041
03002041
03003041
03004041
03005041
03000042
03000043
03001043
03002043
03003043
03004043
03005043
03000044
03001044
03002044
03003044
03004044
03005044
03001045
03002045
03003045
03004045
03005045
03000046
03003046
03004046
03000047
03001047
03002047
03004047
03005047
03000048
03001048
03002048
03003048
03004048
03005048
03000049
03001049
03002049
03003049
03004049
03005049
0300304A
0300004B
0300104B
0300204B
0300504B
0300004C
0300104C
0300204C
0300304C
0300404C
0300504C
0300004D
0300104D
0300204D
0300304D
0300404D
0300504D
0300004E
0300304E
0300404E
0300104F
0300204F
0300304F
0300404F
0300504F
03000050
03001050
03002050
03003050
03004050
03005050
03000051
03001051
03002051
03004051
03005051
03000052
03003052
03004052
03000053
03001053
03002053
03004053
03005053
03001054
03002054
03003054
03005054
03000055
03001055
03002055
03003055
03005055
03000056
03003056
03004056
03000057
03001057
03002057
03003057
03004057
03005057
03000058
03001058
03002058
03003058
03004058
03005058
03001059
03002059
03003059
03004059
03005059
0300005A
0300305A
0300405A
0300005B
0300105B
0300205B
0300405B
0300505B
0300005C
0300105C
0300205C
0300405C
0300505C
0300005D
0300105D
0300205D
0300305D
0300505D
0300305E
0300405E
0300005F
0300105F
0300205F
0300305F
0300405F
0300505F
03000060
03001060
03002060
03003060
03004060
03005060
03000061
03001061
03002061
03003061
03005061
03000062
03003062
03004062
03001063
03002063
03004063
03005063
03000064
03001064
03002064
03003064
03004064
03005064
03000065
03001065
03002065
03003065
03004065
03005065
03000066
03004066
03000067
03001067
03002067
03003067
03004067
03005067
03001068
03002068
03003068
03005068
03000069
03001069
03002069
03003069
03004069
03005069
0300006A
0300306A
0300406A
0300006B
0300106B
0300206B
0300306B
0300406B
0300506B
0300006C
0300106C
0300206C
0300406C
0300506C
0300106D
0300206D
0300306D
0300506D
0300006E
0300306E
0300406E
0300006F
0300106F
0300206F
0300406F
0300506F
03000070
03001070
03002070
03003070
03004070
03005070
03000071
03001071
03002071
03003071
03004071
03005071
03003072
03004072
03000073
03001073
03002073
03003073
03005073
03000074
03001074
03002074
03003074
03004074
03005074
03000075
03001075
03002075
03004075
03005075
03000076
03003076
03004076
03001077
03002077
03003077
03004077
03005077
03000078
03001078
03002078
03003078
03005078
03000079
03001079
03002079
03004079
03005079
0300007A
0300307A
0300407A
0300007B
0300107B
0300207B
0300307B
0300407B
0300507B
0300107C
0300207C
0300307C
0300407C
0300507C
0300007D
0300107D
0300207D
0300307D
0300407D
0300507D
0300007E
0300007F
0300107F
0300207F
0300307F
0300407F
0300507F
03000080
03001080
03002080
03003080
03004080
03005080
03001081
03002081
03003081
03005081
03000082
03004082
03000083
03001083
03002083
03003083
03004083
03005083
03000084
03001084
03002084
03003084
03004084
03005084
03000085
03001085
03002085
03003085
03004085
03005085
03003086
03004086
03000087
03001087
03002087
03003087
03004087
03005087
03000088
03001088
03002088
03005088
03000089
03001089
03002089
03003089
03004089
03005089
0300008A
0300308A
0300408A
0300108B
0300208B
0300308B
0300508B
0300008C
0300108C
0300208C
0300408C
0300508C
0300008D
0300108D
0300208D
0300308D
0300408D
0300508D
0300008E
0300308E
0300408E
0300008F
0300108F
0300208F
0300308F
0300408F
0300508F
03001090
03002090
03004090
03005090
03000091
03001091
03002091
03003091
03004091
03005091
03000092
03003092
03004092
03000093
03001093
03002093
03003093
03005093
03000094
03001094
03002094
03003094
03005094
03001095
03002095
03003095
03004095
03005095
03000096
03003096
03004096
03000097
03001097
03002097
03004097
03005097
03000098
03001098
03002098
03003098
03004098
03005098
03000099
03001099
03002099
03003099
03004099
03005099
0300409A
0300009B
0300109B
0300209B
0300309B
0300409B
0300509B
0300009C
0300109C
0300209C
0300309C
0300409C
0300509C
0300009D
0300109D
0300209D
0300309D
0300509D
0300009E
0300409E
0300109F
0300209F
0300309F
0300509F
030000A0
030010A0
030020A0
030030A0
030040A0
030050A0
030000A1
030010A1
030020A1
030030A1
030040A1
030050A1
030000A2
030030A2
030040A2
030000A3
030010A3
030020A3
030030A3
030040A3
030050A3
030010A4
030020A4
030030A4
030040A4
030050A4
030000A5
030010A5
030020A5
030030A5
030040A5
030050A5
030000A6
030040A6
030000A7
030010A7
030020A7
030040A7
030050A7
030000A8
030010A8
030020A8
030030A8
030050A8
030010A9
030020A9
030030A9
030050A9
030000AA
030030AA
030040AA
030000AB
030010AB
030020AB
030030AB
030040AB
030050AB
030000AC
030010AC
030020AC
030030AC
030040AC
030050AC
030000AD
030010AD
030020AD
030040AD
030050AD
030030AE
030040AE
030000AF
030010AF
030020AF
030030AF
030040AF
030050AF
030000B0
030010B0
030020B0
030030B0
030040B0
030050B0
030000B1
030010B1
030020B1
030030B1
030050B1
030000B2
030030B2
030040B2
030010B3
030020B3
030040B3
030050B3
030000B4
030010B4
030020B4
030030B4
030050B4
030000B5
030010B5
030020B5
030040B5
030050B5
030000B6
030030B6
030040B6
030000B7
030010B7
030020B7
030030B7
030040B7
030050B7
030010B8
030020B8
030030B8
030040B8
030050B8
030000B9
030010B9
030020B9
030030B9
030040B9
030050B9
030000BA
030030BA
030040BA
030000BB
030010BB
030020BB
030030BB
030050BB
030000BC
030010BC
030020BC
030040BC
030050BC
030010BD
030020BD
030030BD
030040BD
030050BD
030000BE
030000BF
030010BF
030020BF
030030BF
030040BF
030050BF
030000C0
030010C0
030020C0
030030C0
030040C0
030050C0
030000C1
030010C1
030020C1
030030C1
030040C1
030050C1
030030C2
030040C2
030000C3
030010C3
030020C3
030030C3
030040C3
030050C3
030000C4
030010C4
030020C4
030030C4
030040C4
030050C4
030000C5
030010C5
030020C5
030050C5
030000C6
030030C6
030040C6
030010C7
030020C7
030030C7
030040C7
030050C7
010000C8
03002000
03003000
03005000
03000001
03001001
03003001
03004001
03001002
03002002
03003002
03004002
03005002
03000003
03004003
02001000
03000004
03002004
03003004
03004004
03005004
03001005
03000006
03001006
03002006
03003006
03005006
03000007
03003007
03004007
03001008
03002008
03004008
03005008
03003009
0300000A
0300100A
0300200A
0300400A
0300500A
0300000B
0300100B
0300300B
0300400B
0300000C
0300200C
0300300C
0300500C
0300400D
0300100E
0300200E
0300300E
0300500E
0300000F
0300100F
0300400F
03000010
03002010
03003010
03004010
03005010
03000011
03003011
03004011
03001012
03002012
03003012
03005012
03000013
03001013
03004013
03002014
03005014
03000015
03003015
03004015
03000016
03001016
03002016
03003016
03004016
03005016
03001017
03003017
03000018
03002018
03004018
03005018
03000019
03001019
03004019
0300201A
0300301A
0300501A
0300001B
0300101B
0300301B
0300401B
0300101C
0300201C
0300301C
0300401C
0300501C
0300001D
0300001E
0300201E
0300301E
0300401E
0300501E
0300101F
0300401F
03000020
03001020
03002020
03003020
03005020
03003021
03004021
03000022
03002022
03004022
03005022
03000023
03001023
03003023
03005023
03001024
03002024
03000025
03003025
03004025
03005025
03000026
03001026
03002026
03003026
03004026
03003027
03004027
03005027
03000028
03001028
03002028
03001029
03002029
03004029
03005029
0300002A
0300302A
0300402A
0300002B
0300202B
0300302B
0300502B
0300102C
0300202C
0300002D
0300102D
0300302D
0300402D
0300502D
0300302E
0300402E
0300002F
0300202F
0300302F
0300402F
0300502F
03000030
03001030
03001031
03002031
03005031
03000032
03003032
03004032
03000033
03001033
03002033
03003033
03004033
03005033
03003034
03004034
03000035
03001035
03002035
03005035
03001036
03003036
03004036
03000037
03002037
03005037
03000038
03003038
03004038
03001039
03002039
03003039
03004039
03005039
0300003A
0300103A
0300203B
0300303B
0300403B
0300503B
0300003C
0300003D
0300103D
0300203D
0300303D
0300403D
0300503D
0300103E
0300303E
0300403E
0300003F
0300203F
0300503F
03000040
03003040
03004040
03001041
03002041
03003041
03004041
03005041
03000042
03001042
03002043
03003043
03004043
03005043
03000044
03001044
03003044
03000045
03002045
03004045
03005045
03001046
03004046
03000047
03002047
03003047
03004047
03005047
03001048
03003048
03000049
03002049
03003049
03005049
0300004A
0300104A
0300404A
0300204B
0300304B
0300404B
0300504B
0300004C
0300104C
0300404C
0300004D
0300204D
0300304D
0300404D
0300504D
0300104E
0300304E
0300004F
0300204F
0300504F
03001050
03003050
03004050
03000051
03002051
03004051
03005051
03000052
03001052
03003052
03004052
03002053
03003053
03005053
03000054
03001054
03003054
03004054
03002055
03005055
03000056
03001056
03004056
03005056
03000057
03002057
03003057
03004057
03001058
03003058
03005058
03000059
03002059
03003059
03004059
03005059
0300005A
0300105A
0300405A
0300205B
0300005C
0300105C
0300205C
0300305C
0300405C
0300505C
0300305D
0300005E
0300105E
0300205E
0300305E
0300405E
0300505E
0300005F
0300205F
0300405F
03001060
03003060
03005060
03000061
03002061
03004061
03001062
03003062
03004062
03005062
03000063
03002063
03000064
03001064
03003064
03005064
03001065
03002065
03003065
03004065
03000066
03003066
03004066
03005066
03000067
03002067
03004067
03001068
03003068
03005068
03001069
03002069
03004069
0300006A
0300306A
0300406A
0300506A
0300006B
0300106B
0300206B
0300006C
0300306C
0300506C
0300106D
0300206D
0300406D
0300106E
0300306E
0300406E
0300506E
0300006F
0300206F
0300306F
0300406F
03000070
03001070
03003070
03005070
03000071
03002071
03004071
03001072
03003072
03005072
03000073
03002073
03004073
03001074
03003074
03004074
03005074
03000075
03002075
03003075
03000076
03001076
03004076
03005076
03002077
03004077
03000078
03001078
03003078
03005078
03001079
03002079
03003079
03004079
0300007A
0300307A
0300507A
0300007B
0300207B
0300407B
0300107C
0300307C
0300407C
0300507C
0300007D
0300107D
0300207D
0300407D
0300307E
0300507E
0300007F
0300107F
0300207F
0300307F
0300407F
03000080
03005080
03001081
03002081
03003081
03004081
03000082
03001082
03004082
03005082
03002083
03003083
03004083
03000084
03001084
03003084
03005084
03000085
03002085
03003085
03001086
03004086
03005086
03000087
03001087
03002087
03004087
03000088
03003088
03004088
03005088
03002089
03003089
03004089
0300108A
0300308A
0300508A
0300008B
0300108B
0300208B
0300508B
0300008C
0300308C
0300408C
0300008D
0300208D
0300408D
0300508D
0300108E
0300308E
0300508E
0300108F
0300208F
0300408F
03000090
03002090
03003090
03004090
03000091
03001091
03003091
03005091
03000092
03002092
03004092
03001093
03002093
03003093
03004093
03005093
03000094
03001094
03003094
03003095
03004095
03005095
03000096
03002096
03000097
03001097
03004097
03005097
03000098
03001098
03002098
03003098
03003099
03004099
03005099
0300209A
0300309A
0300409A
0300009B
0300109B
0300409B
0300509B
0300009C
0300109C
0300209C
0300009D
0300309D
0300409D
0300509D
0300109E
0300209E
0300309E
0300309F
0300509F
030000A0
030010A0
030020A0
030040A0
030000A1
030010A1
030030A1
030040A1
030050A1
030000A2
030020A2
030040A2
030030A3
030040A3
030050A3
030000A4
030010A4
030020A4
030010A5
030030A5
030040A5
030050A5
030000A6
030020A6
030030A6
030000A7
030030A7
030050A7
030000A8
030010A8
030020A8
030040A8
030010A9
030030A9
030040A9
030050A9
030020AA
030040AA
030000AB
030010AB
030030AB
030050AB
030000AC
030020AC
030030AC
030040AC
030000AD
030010AD
030040AD
030050AD
030010AE
030020AE
030030AE
030040AF
030050AF
030000B0
030020B0
030040B0
030000B1
030010B1
030030B1
030050B1
030000B2
030010B2
030020B2
030030B2
030030B3
030040B3
030050B3
030020B4
030030B4
030040B4
030000B5
030010B5
030030B5
030040B5
030050B5
030000B6
030010B6
030020B6
030040B6
030000B7
030050B7
030010B8
030020B8
030030B8
030040B8
030050B9
030000BA
030010BA
030020BA
030030BA
030040BA
030000BB
030010BB
030030BB
030050BB
030000BC
030020BC
030040BC
030030BD
030040BD
030050BD
030010BE
030020BE
030040BE
030000BF
030010BF
030030BF
030050BF
030000C0
030020C0
030030C0
030040C0
030050C0
030000C1
030030C1
030010C2
030020C2
030040C2
030050C2
030010C3
030020C3
030030C3
030040C3
030050C3
030000C4
030000C5
030010C5
030020C5
030030C5
030040C5
030000C6
030020C6
030050C6
030010C7
030030C7
030040C7
010000C8
03000000
03002000
03004000
03005000
03000001
03001001
03004001
03002002
03003002
03005002
03000003
03001003
03003003
03004003
02001000
03001004
03002004
03003004
03004004
03005004
03000005
03000006
03002006
03003006
03004006
03005006
03001007
03004007
03000008
03001008
03002008
03003008
03005008
03003009
03004009
0300000A
0300200A
0300400A
0300500A
0300000B
0300100B
0300300B
0300500B
0300100C
0300200C
0300000D
0300300D
0300400D
0300500D
0300000E
0300100E
0300200E
0300300E
0300400E
0300300F
0300400F
0300500F
03000010
03001010
03002010
03001011
03002011
03004011
03005011
03000012
03003012
03004012
03000013
03002013
03003013
03005013
03001014
03002014
03000015
03001015
03003015
03004015
03005015
03003016
03004016
03000017
03002017
03003017
03004017
03005017
03000018
03001018
03001019
03002019
03005019
0300001A
0300301A
0300401A
0300001B
0300101B
0300201B
0300301B
0300401B
0300501B
0300301C
0300401C
0300001D
0300101D
0300201D
0300501D
0300101E
0300301E
0300401E
0300001F
0300201F
0300501F
03000020
03003020
03004020
03001021
03002021
03003021
03004021
03005021
03000022
03001022
03002023
03003023
03004023
03005023
03000024
03000025
03001025
03002025
03003025
03004025
03005025
03001026
03003026
03004026
03000027
03002027
03005027
03000028
03003028
03004028
03001029
03002029
03003029
03004029
03005029
0300002A
0300102A
0300202B
0300302B
0300402B
0300502B
0300002C
0300102C
0300302C
0300002D
0300202D
0300402D
0300502D
0300102E
0300402E
0300002F
0300202F
0300302F
0300402F
0300502F
03001030
03003030
03000031
03002031
03003031
03005031
03000032
03001032
03004032
03002033
03003033
03004033
03005033
03000034
03001034
03004034
03000035
03002035
03003035
03004035
03005035
03001036
03003036
03000037
03002037
03005037
03001038
03003038
03004038
03000039
03002039
03004039
03005039
0300003A
0300103A
0300303A
0300403A
0300203B
0300303B
0300503B
0300003C
0300103C
0300303C
0300403C
0300203D
0300503D
0300003E
0300103E
0300403E
0300503E
0300003F
0300203F
0300303F
0300403F
03001040
03003040
03005040
03000041
03002041
03003041
03004041
03005041
03000042
03001042
03004042
03002043
03000044
03001044
03002044
03003044
03004044
03005044
03003045
03000046
03001046
03002046
03003046
03004046
03005046
03000047
03002047
03004047
03001048
03003048
03005048
03000049
03002049
03004049
0300104A
0300304A
0300404A
0300504A
0300004B
0300204B
0300004C
0300104C
0300304C
0300504C
0300104D
0300204D
0300304D
0300404D
0300004E
0300304E
0300404E
0300504E
0300004F
0300204F
0300404F
03001050
03003050
03005050
03001051
03002051
03004051
03000052
03003052
03004052
03005052
03000053
03001053
03002053
03000054
03003054
03005054
03001055
03002055
03004055
03001056
03003056
03004056
03005056
03000057
03002057
03003057
03004057
03000058
03001058
03003058
03005058
03000059
03002059
03004059
0300105A
0300305A
0300505A
0300005B
0300205B
0300405B
0300105C
0300305C
0300405C
0300505C
0300005D
0300205D
0300305D
0300005E
0300105E
0300405E
0300505E
0300205F
0300405F
03000060
03001060
03003060
03005060
03001061
03002061
03003061
03004061
03000062
03003062
03005062
03000063
03002063
03004063
03001064
03003064
03004064
03005064
03000065
03001065
03002065
03004065
03003066
03005066
03000067
03001067
03002067
03003067
03004067
03000068
03005068
03001069
03002069
03003069
03004069
0300006A
0300106A
0300406A
0300506A
0300206B
0300306B
0300406B
0300006C
0300106C
0300306C
0300506C
0300006D
0300206D
0300306D
0300106E
0300406E
0300506E
0300006F
0300106F
0300206F
0300406F
03000070
03003070
03004070
03005070
03002071
03003071
03004071
03001072
03003072
03005072
03000073
03001073
03002073
03005073
03000074
03003074
03004074
03000075
03002075
03004075
03005075
03001076
03003076
03005076
03001077
03002077
03004077
03000078
03002078
03003078
03004078
03000079
03001079
03003079
03005079
0300007A
0300207A
0300407A
0300107B
0300207B
0300307B
0300407B
0300507B
0300007C
0300107C
0300307C
0300307D
0300407D
0300507D
0300007E
0300207E
0300007F
0300107F
0300407F
0300507F
03000080
03001080
03002080
03003080
03003081
03004081
03005081
03002082
03003082
03004082
03000083
03001083
03004083
03005083
03000084
03001084
03002084
03000085
03003085
03004085
03005085
03001086
03002086
03003086
03003087
03005087
03000088
03001088
03002088
03004088
03000089
03001089
03003089
03004089
03005089
0300008A
0300208A
0300408A
0300308B
0300408B
0300508B
0300008C
0300108C
0300208C
0300108D
0300308D
0300408D
0300508D
0300008E
0300208E
0300308E
0300008F
0300308F
0300508F
03000090
03001090
03002090
03004090
03001091
03003091
03004091
03005091
03002092
03004092
03000093
03001093
03003093
03005093
03000094
03002094
03003094
03004094
03000095
03001095
03004095
03005095
03001096
03002096
03003096
03004097
03005097
03000098
03002098
03004098
03000099
03001099
03003099
03005099
0300009A
0300109A
0300209A
0300309A
0300309B
0300409B
0300509B
0300209C
0300309C
0300409C
0300009D
0300109D
0300309D
0300409D
0300509D
0300009E
0300109E
0300209E
0300409E
0300009F
0300509F
030010A0
030020A0
030030A0
030040A0
030050A1
030000A2
030010A2
030020A2
030030A2
030040A2
030000A3
030010A3
030030A3
030050A3
030000A4
030020A4
030040A4
030030A5
030040A5
030050A5
030010A6
030020A6
030040A6
030000A7
030010A7
030030A7
030050A7
030000A8
030020A8
030030A8
030040A8
030050A8
030000A9
030030A9
030010AA
030020AA
030040AA
030050AA
030010AB
030020AB
030030AB
030040AB
030050AB
030000AC
030000AD
030010AD
030020AD
030030AD
030040AD
030000AE
030020AE
030050AE
030010AF
030030AF
030040AF
030000B0
030010B0
030020B0
030030B0
030040B0
030050B0
030040B1
030000B2
030020B2
030030B2
030050B2
030000B3
030010B3
030030B3
030010B4
030020B4
030040B4
030050B4
030000B5
030030B5
030040B5
030000B6
030020B6
030050B6
030010B7
030030B7
030040B7
030010B8
030020B8
030030B8
030040B8
030050B8
030000B9
030040B9
030000BA
030010BA
030020BA
030030BA
030050BA
030000BB
030010BC
030020BC
030030BC
030040BC
030050BC
030010BD
030030BD
030040BD
030000BE
030020BE
030050BE
030000BF
030030BF
030040BF
030000C0
030010C0
030020C0
030030C0
030040C0
030050C0
030010C1
030040C1
030000C2
030020C2
030030C2
030050C2
030000C4
030010C4
030020C4
030030C4
030040C4
030050C4
030000C5
030010C5
030040C5
030000C6
030020C6
030030C6
030050C6
030010C7
030030C7
030040C7
010000C8
03000000
03002000
03005000
03000001
03001001
03002001
03003001
03004001
03005001
03000002
03001002
03002002
03003002
03004002
03000003
03001003
03003003
03004003
03005003
02000000
03002004
03003004
03004004
03005004
03000005
03001005
03002005
03003005
03004005
03005005
03000006
03001006
03002006
03004006
03000007
03001007
03003007
03004007
03005007
03000008
03002008
03003008
03004008
03005008
03001009
03002009
03003009
03005009
0300000A
0300100A
0300200A
0300000B
0300100B
0300300B
0300400B
0300500B
0300000C
0300200C
0300300C
0300400C
0300500C
0300000D
0300100D
0300200D
0300300D
0300400D
0300500D
0300100E
0300200E
0300300E
0300400E
0300000F
0300100F
0300300F
0300400F
0300500F
03000010
03002010
03004010
03005010
03000011
03001011
03002011
03003011
03004011
03005011
03000012
03001012
03002012
03004012
03001013
03003013
03005013
03000014
03002014
03003014
03004014
03005014
03000015
03001015
03002015
03003015
03005015
03000016
03001016
03002016
03003016
03004016
03000017
03001017
03003017
03004017
03005017
03002018
03003018
03004018
03005018
03000019
03001019
03002019
03003019
03004019
03005019
0300001A
0300101A
0300201A
0300401A
0300001B
0300101B
0300301B
0300401B
0300501B
0300001C
0300201C
0300401C
0300501C
0300101D
0300201D
0300301D
0300401D
0300501D
0300001E
0300101E
0300201E
0300301E
0300001F
0300101F
0300301F
0300401F
0300501F
03000020
03002020
03003020
03005020
03000021
03001021
03002021
03003021
03004021
03005021
03001022
03002022
03003022
03004022
03000023
03001023
03004023
03005023
03000024
03002024
03003024
03004024
03005024
03000025
03001025
03002025
03004025
03005025
03000026
03001026
03002026
03003026
03004026
03001027
03003027
03004027
03005027
03000028
03002028
03003028
03004028
03005028
03000029
03001029
03002029
03003029
03005029
0300002A
0300102A
0300202A
0300302A
0300002B
0300102B
0300302B
0300402B
0300502B
0300202C
0300302C
0300402C
0300502C
0300002D
0300102D
0300202D
0300402D
0300502D
0300002E
0300102E
0300202E
0300302E
0300402E
0300002F
0300102F
0300302F
0300402F
0300502F
03000030
03002030
03004030
03005030
03001031
03002031
03003031
03004031
03005031
03000032
03001032
03002032
03003032
03004032
03000033
03001033
03005033
03000034
03002034
03003034
03005034
03000035
03001035
03002035
03003035
03004035
03005035
03001036
03002036
03003036
03004036
03000037
03001037
03003037
03004037
03005037
03000038
03002038
03003038
03004038
03005038
03000039
03001039
03002039
03003039
03004039
03005039
0300003A
0300103A
0300203A
0300303A
0300403A
0300103B
0300303B
0300403B
0300503B
0300003C
0300203C
0300403C
0300503C
0300003D
0300103D
0300203D
0300503D
0300003E
0300103E
0300203E
0300303E
0300003F
0300103F
0300303F
0300403F
0300503F
03002040
03003040
03004040
03005040
03000041
03001041
03002041
03003041
03004041
03005041
03000042
03001042
03002042
03004042
03000043
03001043
03003043
03004043
03005043
03000044
03002044
03003044
03004044
03005044
03001045
03002045
03003045
03004045
03005045
03000046
03001046
03002046
03003046
03004046
03000047
03001047
03003047
03005047
03000048
03002048
03003048
03004048
03005048
03000049
03001049
03002049
03005049
0300104A
0300204A
0300304A
0300404A
0300004B
0300104B
0300304B
0300404B
0300504B
0300004C
0300204C
0300404C
0300504C
0300004D
0300104D
0300204D
0300304D
0300404D
0300504D
0300004E
0300104E
0300204E
0300304E
0300404E
0300104F
0300404F
0300504F
03000050
03002050
03003050
03004050
03005050
03000051
03001051
03002051
03003051
03004051
03005051
03000052
03001052
03002052
03003052
03000053
03001053
03003053
03005053
03002054
03003054
03004054
03005054
03000055
03001055
03002055
03003055
03004055
03005055
03000056
03001056
03002056
03003056
03004056
03000057
03001057
03004057
03005057
03000058
03002058
03003058
03004058
03005058
03001059
03002059
03004059
03005059
0300005A
0300105A
0300205A
0300305A
0300405A
0300005B
0300105B
0300305B
0300405B
0300505B
0300005C
0300205C
0300305C
0300505C
0300005D
0300105D
0300205D
0300405D
0300505D
0300105E
0300205E
0300305E
0300005F
0300105F
0300305F
0300405F
0300505F
03000060
03002060
03003060
03004060
03005060
03000061
03001061
03002061
03003061
03004061
03005061
03000062
03001062
03002062
03003062
03004062
03001063
03003063
03004063
03005063
03000064
03002064
03004064
03005064
03000065
03001065
03002065
03003065
03004065
03005065
03000066
03001066
03002066
03003066
03004066
03000067
03001067
03005067
03002068
03003068
03004068
03005068
03000069
03001069
03002069
03003069
03005069
0300006A
0300106A
0300206A
0300306A
0300406A
0300006B
0300106B
0300306B
0300406B
0300506B
0300006C
0300206C
0300406C
0300506C
0300106D
0300206D
0300306D
0300406D
0300506D
0300006E
0300106E
0300206E
0300306E
0300406E
0300006F
0300106F
0300306F
0300406F
0300506F
03000070
03002070
03003070
03004070
03005070
03000071
03001071
03002071
03004071
03005071
03001072
03002072
03003072
03000073
03001073
03003073
03004073
03005073
03000074
03002074
03003074
03005074
03000075
03001075
03002075
03003075
03004075
03005075
03000076
03001076
03002076
03004076
03001077
03003077
03004077
03005077
03000078
03002078
03003078
03004078
03005078
03000079
03001079
03002079
03003079
03004079
03005079
0300007A
0300107A
0300207A
0300407A
0300007B
0300107B
0300307B
0300407B
0300507B
0300207C
0300307C
0300407C
0300507C
0300007D
0300107D
0300207D
0300307D
0300507D
0300007E
0300107E
0300207E
0300307E
0300407E
0300007F
0300107F
0300307F
0300507F
03000080
03002080
03004080
03005080
03001081
03002081
03003081
03004081
03005081
03000082
03001082
03002082
03003082
03004082
03000083
03001083
03004083
03005083
03000084
03002084
03003084
03004084
03005084
03000085
03001085
03002085
03003085
03004085
03005085
03001086
03002086
03003086
03004086
03000087
03001087
03003087
03004087
03005087
03000088
03002088
03003088
03005088
03000089
03001089
03002089
03003089
03005089
0300008A
0300108A
0300208A
0300408A
0300108B
0300308B
0300408B
0300508B
0300008C
0300208C
0300308C
0300408C
0300508C
0300008D
0300108D
0300208D
0300408D
0300508D
0300008E
0300108E
0300208E
0300308E
0300408E
0300008F
0300108F
0300308F
0300408F
0300508F
03002090
03003090
03004090
03005090
03000091
03001091
03002091
03003091
03004091
03005091
03000092
03001092
03002092
03003092
03000093
03001093
03004093
03005093
03000094
03002094
03003094
03005094
03001095
03002095
03003095
03004095
03005095
03000096
03001096
03002096
03003096
03004096
03000097
03001097
03003097
03004097
03005097
03000098
03002098
03004098
03005098
03000099
03001099
03002099
03003099
03004099
03005099
0300109A
0300209A
0300309A
0300409A
0300009B
0300109B
0300309B
0300409B
0300509B
0300009C
0300209C
0300409C
0300509C
0300009D
0300109D
0300209D
0300309D
0300509D
0300009E
0300109E
0300209E
0300309E
0300109F
0300309F
0300409F
0300509F
030000A0
030020A0
030030A0
030040A0
030050A0
030000A1
030010A1
030020A1
030030A1
030040A1
030050A1
030000A2
030010A2
030020A2
030040A2
030000A3
030010A3
030030A3
030040A3
030050A3
030020A4
030030A4
030040A4
030050A4
030000A5
030010A5
030020A5
030040A5
030050A5
030000A6
030010A6
030020A6
030030A6
030040A6
030000A7
030010A7
030030A7
030050A7
030000A8
030020A8
030030A8
030050A8
030010A9
030020A9
030030A9
030040A9
030050A9
030000AA
030010AA
030020AA
030030AA
030040AA
030000AB
030010AB
030030AB
030040AB
030050AB
030000AC
030020AC
030040AC
030050AC
030000AD
030010AD
030020AD
030030AD
030040AD
030050AD
030010AE
030020AE
030040AE
030000AF
030010AF
030030AF
030040AF
030050AF
030000B0
030020B0
030030B0
030040B0
030050B0
030000B1
030010B1
030020B1
030030B1
030050B1
030000B2
030010B2
030020B2
030030B2
030040B2
030010B3
030030B3
030050B3
030000B4
030020B4
030030B4
030040B4
030050B4
030000B5
030010B5
030020B5
030040B5
030050B5
030000B6
030010B6
030020B6
030030B6
030040B6
030000B7
030010B7
030030B7
030040B7
030050B7
030020B8
030040B8
030050B8
030000B9
030010B9
030020B9
030030B9
030040B9
030050B9
030000BA
030010BA
030020BA
030030BA
030040BA
030000BB
030010BB
030030BB
030040BB
030050BB
030000BC
030020BC
030030BC
030050BC
030010BD
030020BD
030030BD
030050BD
030000BE
030010BE
030020BE
030040BE
030000BF
030010BF
030030BF
030040BF
030050BF
030000C0
030020C0
030030C0
030040C0
030050C0
030000C1
030010C1
030020C1
030040C1
030050C1
030010C2
030020C2
030030C2
030040C2
030000C3
030010C3
030030C3
030040C3
030050C3
030000C4
030020C4
030030C4
030040C4
030050C4
030000C5
030010C5
030020C5
030030C5
030040C5
030050C5
030000C6
030010C6
030020C6
030030C6
030010C7
030030C7
030040C7
030050C7
010000C8
03000000
03002000
03003000
03004000
03005000
03001001
03002001
03003001
03004001
03005001
03000002
03001002
03002002
03004002
03000003
03001003
03003003
03004003
03005003
02000000
03000004
03002004
03003004
03004004
03005004
03000005
03001005
03002005
03003005
03004005
03005005
03001006
03002006
03004006
03000007
03001007
03003007
03005007
03000008
03002008
03003008
03004008
03005008
03000009
03001009
03002009
03005009
0300000A
0300100A
0300200A
0300300A
0300400A
0300100B
0300300B
0300400B
0300500B
0300000C
0300200C
0300300C
0300400C
0300500C
0300000D
0300100D
0300200D
0300300D
0300400D
0300500D
0300000E
0300100E
0300200E
0300300E
0300400E
0300000F
0300100F
0300300F
0300400F
0300500F
03002010
03003010
03004010
03005010
03000011
03001011
03002011
03004011
03005011
03000012
03001012
03002012
03000013
03001013
03003013
03004013
03005013
03000014
03002014
03003014
03005014
03001015
03002015
03003015
03004015
03005015
03000016
03001016
03002016
03003016
03004016
03000017
03001017
03003017
03004017
03005017
03000018
03002018
03003018
03004018
03005018
03000019
03001019
03002019
03004019
03005019
0300101A
0300201A
0300301A
0300401A
0300001B
0300101B
0300301B
0300401B
0300501B
0300001C
0300201C
0300301C
0300401C
0300501C
0300001D
0300101D
0300201D
0300501D
0300001E
0300101E
0300201E
0300301E
0300401E
0300101F
0300301F
0300501F
03000020
03002020
03003020
03004020
03005020
03000021
03001021
03002021
03003021
03004021
03005021
03000022
03001022
03002022
03003022
03004022
03000023
03001023
03004023
03005023
03002024
03003024
03004024
03005024
03000025
03001025
03002025
03003025
03004025
03005025
03000026
03001026
03002026
03004026
03000027
03001027
03003027
03005027
03000028
03002028
03003028
03004028
03005028
03001029
03002029
03003029
03004029
03005029
0300002A
0300102A
0300202A
0300302A
0300402A
0300002B
0300102B
0300302B
0300502B
0300002C
0300202C
0300302C
0300402C
0300502C
0300002D
0300102D
0300202D
0300402D
0300502D
0300102E
0300202E
0300302E
0300402E
0300002F
0300102F
0300302F
0300402F
0300502F
03000030
03002030
03004030
03005030
03000031
03001031
03002031
03003031
03005031
03000032
03001032
03002032
03003032
03004032
03001033
03003033
03004033
03005033
03000034
03002034
03003034
03004034
03005034
03000035
03001035
03002035
03003035
03004035
03005035
03000036
03001036
03002036
03004036
03000037
03001037
03003037
03005037
03002038
03003038
03005038
03000039
03001039
03002039
03003039
03004039
03005039
0300003A
0300103A
0300203A
0300403A
0300003B
0300103B
0300303B
0300403B
0300503B
0300003C
0300203C
0300303C
0300403C
0300503C
0300103D
0300203D
0300303D
0300403D
0300503D
0300003E
0300103E
0300203E
0300303E
0300403E
0300003F
0300103F
0300303F
0300403F
0300503F
03000040
03002040
03004040
03005040
03000041
03001041
03002041
03003041
03005041
03001042
03002042
03003042
03000043
03001043
03004043
03005043
03000044
03002044
03003044
03004044
03005044
03000045
03001045
03002045
03003045
03004045
03005045
03000046
03001046
03002046
03003046
03004046
03001047
03003047
03004047
03005047
03000048
03002048
03003048
03004048
03005048
03000049
03001049
03002049
03004049
03005049
0300004A
0300104A
0300204A
0300304A
0300404A
0300004B
0300104B
0300304B
0300504B
0300204C
0300304C
0300504C
0300004D
0300104D
0300204D
0300404D
0300504D
0300004E
0300104E
0300204E
0300304E
0300404E
0300004F
0300104F
0300304F
0300404F
0300504F
03000050
03002050
03003050
03004050
03005050
03001051
03002051
03003051
03004051
03005051
03000052
03001052
03002052
03004052
03000053
03001053
03003053
03004053
03005053
03000054
03002054
03003054
03005054
03000055
03001055
03002055
03004055
03005055
03001056
03002056
03003056
03004056
03000057
03001057
03003057
03005057
03000058
03002058
03003058
03004058
03005058
03000059
03001059
03002059
03003059
03004059
03005059
0300005A
0300105A
0300205A
0300305A
0300405A
0300105B
0300305B
0300405B
0300505B
0300005C
0300205C
0300405C
0300505C
0300005D
0300105D
0300205D
0300305D
0300405D
0300505D
0300005E
0300105E
0300205E
0300405E
0300005F
0300105F
0300305F
0300505F
03002060
03003060
03004060
03005060
03000061
03001061
03002061
03003061
03004061
03005061
03000062
03001062
03002062
03003062
03004062
03000063
03001063
03003063
03005063
03000064
03002064
03004064
03005064
03001065
03002065
03003065
03004065
03005065
03000066
03001066
03002066
03003066
03004066
03000067
03001067
03003067
03004067
03005067
03000068
03002068
03003068
03004068
03005068
03000069
03001069
03002069
03004069
03005069
0300106A
0300206A
0300306A
0300406A
0300006B
0300106B
0300306B
0300506B
0300006C
0300206C
0300406C
0300506C
0300006D
0300106D
0300206D
0300306D
0300506D
0300006E
0300106E
0300206E
0300306E
0300406E
0300106F
0300306F
0300406F
0300506F
03000070
03002070
03003070
03004070
03005070
03000071
03001071
03002071
03003071
03004071
03005071
03000072
03001072
03002072
03003072
03004072
03000073
03001073
03004073
03005073
03002074
03003074
03004074
03005074
03000075
03001075
03002075
03005075
03000076
03001076
03002076
03003076
03004076
03000077
03001077
03003077
03004077
03005077
03000078
03002078
03003078
03005078
03001079
03002079
03003079
03004079
03005079
0300007A
0300107A
0300207A
0300307A
0300407A
0300007B
0300107B
0300307B
0300407B
0300507B
0300007C
0300207C
0300307C
0300407C
0300507C
0300007D
0300107D
0300207D
0300407D
0300507D
0300107E
0300207E
0300407E
0300007F
0300107F
0300307F
0300407F
0300507F
03000080
03002080
03003080
03005080
03000081
03001081
03002081
03003081
03005081
03000082
03001082
03002082
03003082
03004082
03001083
03003083
03004083
03005083
03000084
03002084
03003084
03004084
03005084
03000085
03001085
03002085
03003085
03004085
03005085
03000086
03001086
03002086
03004086
03000087
03001087
03003087
03004087
03005087
03002088
03003088
03004088
03005088
03000089
03001089
03002089
03005089
0300008A
0300108A
0300208A
0300308A
0300408A
0300008B
0300108B
0300308B
0300408B
0300508B
0300008C
0300208C
0300308C
0300508C
0300108D
0300208D
0300308D
0300408D
0300508D
0300008E
0300108E
0300208E
0300308E
0300408E
0300008F
0300108F
0300408F
0300508F
03000090
03002090
03003090
03004090
03005090
03000091
03001091
03002091
03003091
03004091
03005091
03001092
03002092
03003092
03004092
03000093
03001093
03004093
03005093
03000094
03002094
03003094
03005094
03000095
03001095
03002095
03003095
03004095
03005095
03000096
03001096
03002096
03003096
03004096
03001097
03003097
03005097
03000098
03002098
03003098
03004098
03005098
03000099
03001099
03002099
03004099
03005099
0300009A
0300109A
0300209A
0300309A
0300409A
0300009B
0300109B
0300309B
0300409B
0300509B
0300209C
0300409C
0300509C
0300009D
0300109D
0300209D
0300309D
0300409D
0300509D
0300009E
0300109E
0300209E
0300309E
0300409E
0300009F
0300109F
0300309F
0300509F
030000A0
030020A0
030030A0
030040A0
030050A0
030010A1
030020A1
030030A1
030050A1
030000A2
030010A2
030020A2
030030A2
030040A2
030000A3
030010A3
030040A3
030050A3
030000A4
030020A4
030030A4
030040A4
030050A4
030000A5
030010A5
030020A5
030040A5
030050A5
030010A6
030020A6
030030A6
030040A6
030000A7
030010A7
030030A7
030040A7
030050A7
030000A8
030020A8
030030A8
030040A8
030050A8
030000A9
030010A9
030020A9
030030A9
030050A9
030000AA
030010AA
030020AA
030030AA
030040AA
030010AB
030030AB
030050AB
030000AC
030020AC
030040AC
030050AC
030000AD
030010AD
030020AD
030030AD
030040AD
030050AD
030000AE
030010AE
030020AE
030030AE
030040AE
030000AF
030010AF
030040AF
030050AF
030020B0
030030B0
030040B0
030050B0
030000B1
030010B1
030020B1
030030B1
030040B1
030050B1
030000B2
030010B2
030020B2
030030B2
030040B2
030000B3
030010B3
030030B3
030050B3
030000B4
030020B4
030030B4
030040B4
030050B4
030010B5
030020B5
030050B5
030000B6
030010B6
030020B6
030030B6
030040B6
030000B7
030010B7
030030B7
030040B7
030050B7
030000B8
030020B8
030040B8
030050B8
030000B9
030010B9
030020B9
030030B9
030040B9
030050B9
030010BA
030020BA
030030BA
030040BA
030000BB
030010BB
030030BB
030040BB
030050BB
030000BC
030020BC
030030BC
030040BC
030050BC
030000BD
030010BD
030020BD
030030BD
030050BD
030000BE
030010BE
030020BE
030030BE
030040BE
030010BF
030040BF
030050BF
030000C0
030020C0
030030C0
030050C0
030000C1
030010C1
030020C1
030040C1
030050C1
030000C2
030010C2
030020C2
030030C2
030040C2
030000C3
030010C3
030030C3
030040C3
030050C3
030020C4
030030C4
030040C4
030050C4
030000C5
030010C5
030020C5
030030C5
030040C5
030050C5
030000C6
030010C6
030020C6
030030C6
030040C6
030000C7
030010C7
030030C7
030040C7
030050C7
010000C8
03000000
03002000
03003000
03005000
03004001
03001002
03002002
03003002
03005002
03000003
03001003
03004003
02001000
03000004
03002004
03003004
03004004
03005004
03000005
03003005
03004005
03001006
03002006
03003006
03005006
03000007
03001007
03004007
03002008
03005008
03000009
03003009
03004009
0300000A
0300100A
0300200A
0300300A
0300400A
0300500A
0300100B
0300300B
0300000C
0300200C
0300400C
0300500C
0300000D
0300100D
0300400D
0300200E
0300300E
0300500E
0300000F
0300100F
0300300F
0300400F
03001010
03002010
03003010
03004010
03005010
03000011
03000012
03002012
03003012
03004012
03005012
03001013
03004013
03000014
03001014
03002014
03003014
03005014
03003015
03004015
03000016
03002016
03004016
03005016
03000017
03001017
03003017
03005017
03001018
03002018
03000019
03003019
03004019
03005019
0300001A
0300101A
0300201A
0300301A
0300401A
0300301B
0300401B
0300501B
0300001C
0300101C
0300201C
0300101D
0300201D
0300401D
0300501D
0300001E
0300301E
0300401E
0300001F
0300201F
0300301F
0300501F
03001020
03002020
03000021
03001021
03003021
03004021
03005021
03003022
03004022
03000023
03002023
03003023
03004023
03005023
03000024
03001024
03001025
03002025
03005025
03000026
03003026
03004026
03000027
03001027
03002027
03003027
03004027
03005027
03003028
03004028
03000029
03001029
03002029
03005029
0300102A
0300302A
0300402A
0300002B
0300202B
0300502B
0300002C
0300302C
0300402C
0300102D
0300202D
0300302D
0300402D
0300502D
0300002E
0300102E
0300202F
0300302F
0300402F
0300502F
03000030
03000031
03001031
03002031
03003031
03004031
03005031
03001032
03003032
03004032
03000033
03002033
03005033
03000034
03003034
03004034
03001035
03002035
03003035
03004035
03005035
03000036
03001036
03002037
03003037
03004037
03005037
03000038
03001038
03003038
03000039
03002039
03004039
03005039
0300103A
0300403A
0300003B
0300203B
0300303B
0300403B
0300503B
0300103C
0300303C
0300003D
0300203D
0300303D
0300503D
0300003E
0300103E
0300403E
0300203F
0300303F
0300403F
0300503F
03000040
03001040
03004040
03000041
03002041
03003041
03004041
03005041
03001042
03003042
03000043
03002043
03005043
03001044
03003044
03004044
03000045
03002045
03004045
03005045
03000046
03001046
03003046
03004046
03002047
03003047
03005047
03000048
03001048
03003048
03004048
03002049
03005049
0300004A
0300104A
0300404A
0300504A
0300004B
0300204B
0300304B
0300404B
0300104C
0300304C
0300504C
0300004D
0300204D
0300304D
0300404D
0300504D
0300004E
0300104E
0300404E
0300204F
03000050
03001050
03002050
03003050
03004050
03005050
03003051
03000052
03001052
03002052
03003052
03004052
03005052
03000053
03002053
03004053
03001054
03003054
03005054
03000055
03002055
03004055
03001056
03003056
03004056
03005056
03000057
03002057
03000058
03001058
03003058
03005058
03001059
03002059
03003059
03004059
0300005A
0300305A
0300405A
0300505A
0300005B
0300205B
0300405B
0300105C
0300305C
0300505C
0300105D
0300205D
0300405D
0300005E
0300305E
0300405E
0300505E
0300005F
0300105F
0300205F
03000060
03003060
03005060
03001061
03002061
03004061
03001062
03003062
03004062
03005062
03000063
03002063
03003063
03004063
03000064
03001064
03003064
03005064
03000065
03002065
03004065
03001066
03003066
03005066
03000067
03002067
03004067
03001068
03003068
03004068
03005068
03000069
03002069
03003069
0300006A
0300106A
0300406A
0300506A
0300206B
0300406B
0300006C
0300106C
0300306C
0300506C
0300106D
0300206D
0300306D
0300406D
0300006E
0300306E
0300506E
0300006F
0300206F
0300406F
03001070
03003070
03004070
03005070
03000071
03001071
03002071
03004071
03003072
03005072
03000073
03001073
03002073
03003073
03004073
03000074
03005074
03001075
03002075
03003075
03004075
03000076
03001076
03004076
03005076
03002077
03003077
03004077
03000078
03001078
03003078
03005078
03000079
03002079
03003079
0300107A
0300407A
0300507A
0300007B
0300107B
0300207B
0300407B
0300007C
0300307C
0300407C
0300507C
0300207D
0300307D
0300407D
0300107E
0300307E
0300507E
0300007F
0300107F
0300207F
0300507F
03000080
03003080
03004080
03000081
03002081
03004081
03005081
03001082
03003082
03005082
03001083
03002083
03004083
03000084
03002084
03003084
03004084
03000085
03001085
03003085
03005085
03000086
03002086
03004086
03001087
03002087
03003087
03004087
03005087
03000088
03001088
03003088
03003089
03004089
03005089
0300008A
0300208A
0300008B
0300108B
0300408B
0300508B
0300008C
0300108C
0300208C
0300308C
0300308D
0300408D
0300508D
0300208E
0300308E
0300408E
0300008F
0300108F
0300408F
0300508F
03000090
03001090
03002090
03000091
03003091
03004091
03005091
03001092
03002092
03003092
03003093
03005093
03000094
03001094
03002094
03004094
03000095
03001095
03003095
03004095
03005095
03000096
03002096
03004096
03003097
03004097
03005097
03000098
03001098
03002098
03001099
03003099
03004099
03005099
0300009A
0300209A
0300309A
0300009B
0300309B
0300509B
0300009C
0300109C
0300209C
0300409C
0300109D
0300309D
0300409D
0300509D
0300209E
0300409E
0300009F
0300109F
0300309F
0300509F
030000A0
030020A0
030030A0
030040A0
030000A1
030010A1
030040A1
030050A1
030010A2
030020A2
030030A2
030040A3
030050A3
030000A4
030020A4
030040A4
030000A5
030010A5
030030A5
030050A5
030000A6
030010A6
030020A6
030030A6
030030A7
030040A7
030050A7
030020A8
030030A8
030040A8
030000A9
030010A9
030030A9
030040A9
030050A9
030000AA
030010AA
030020AA
030040AA
030000AB
030050AB
030010AC
030020AC
030030AC
030040AC
030050AD
030000AE
030010AE
030020AE
030030AE
030040AE
030000AF
030010AF
030030AF
030050AF
030000B0
030020B0
030040B0
030030B1
030040B1
030050B1
030010B2
030020B2
030040B2
030000B3
030010B3
030030B3
030050B3
030000B4
030020B4
030030B4
030040B4
030050B4
030000B5
030030B5
030010B6
030020B6
030040B6
030050B6
030010B7
030020B7
030030B7
030040B7
030050B7
030000B8
030000B9
030010B9
030020B9
030030B9
030040B9
030000BA
030020BA
030050BA
030010BB
030030BB
030040BB
030000BC
030010BC
030020BC
030030BC
030040BC
030050BC
030040BD
030000BE
030020BE
030030BE
030050BE
030000BF
030010BF
030030BF
030010C0
030020C0
030040C0
030050C0
030000C1
030030C1
030040C1
030000C2
030020C2
030050C2
030010C3
030030C3
030040C3
030010C4
030020C4
030030C4
030040C4
030050C4
030000C5
030040C5
030000C6
030010C6
030020C6
030030C6
030050C6
030000C7
010000C8
03000000
03001000
03004000
03002001
03003001
03004001
03005001
03000002
03003002
03004002
03001003
03002003
03005003
02001000
03000004
03001004
03003004
03004004
03000005
03002005
03005005
03003006
03004006
03000007
03001007
03002007
03003007
03004007
03005007
03001008
03003008
03000009
03002009
03004009
03005009
0300000A
0300100A
0300400A
0300200B
0300300B
0300500B
0300000C
0300100C
0300300C
0300400C
0300000D
0300200D
0300300D
0300500D
0300100E
0300400E
0300200F
0300300F
0300400F
0300500F
03000010
03001010
03004010
03000011
03002011
03003011
03005011
03000012
03001012
03004012
03001013
03002013
03003013
03004013
03005013
03003014
03000015
03002015
03005015
03000016
03001016
03003016
03004016
03005016
03000017
03001017
03002017
03003017
03004017
03004018
03005018
03000019
03001019
03002019
03003019
03005019
0300401A
0300001B
0300101B
0300201B
0300301B
0300401B
0300501B
0300001C
0300101C
0300201C
0300301C
0300501D
0300001E
0300201E
0300301E
0300401E
0300101F
0300201F
0300401F
0300501F
03000020
03001020
03003020
03004020
03000021
03002021
03003021
03005021
03004022
03000023
03001023
03002023
03003023
03005023
03001024
03003024
03004024
03000025
03002025
03004025
03005025
03000026
03001026
03002027
03003027
03005027
03000028
03001028
03003028
03004028
03001029
03002029
03003029
03004029
03005029
0300002A
0300402A
0300002B
0300202B
0300302B
0300402B
0300502B
0300102C
0300002D
0300102D
0300202D
0300302D
0300502D
0300002E
0300302E
0300402E
0300102F
0300202F
0300402F
0300502F
03003030
03000031
03001031
03002031
03004031
03005031
03000032
03001032
03003032
03004032
03000033
03002033
03003033
03005033
03004034
03001035
03002035
03003035
03005035
03000036
03001036
03004036
03000037
03002037
03003037
03004037
03005037
03000038
03003038
03004038
03001039
03002039
03003039
03005039
0300003A
0300103A
0300403A
0300203B
0300503B
0300003C
0300303C
0300403C
0300003D
0300103D
0300203D
0300303D
0300403D
0300503D
0300103E
0300303E
0300003F
0300203F
0300403F
0300503F
03000040
03001040
03004040
03002041
03003041
03005041
03000042
03001042
03003042
03004042
03001043
03002043
03003043
03004043
03005043
03000044
03000045
03002045
03003045
03004045
03005045
03001046
03004046
03000047
03001047
03002047
03003047
03005047
03003048
03004048
03000049
03002049
03004049
03005049
0300004A
0300104A
0300304A
0300504A
0300104B
0300204B
0300004C
0300304C
0300404C
0300504C
0300004D
0300104D
0300204D
0300304D
0300404D
0300304E
0300404E
0300504E
0300004F
0300104F
0300204F
03001050
03002050
03004050
03005050
03000051
03003051
03004051
03000052
03002052
03003052
03005052
03001053
03002053
03000054
03001054
03003054
03004054
03005054
03003055
03004055
03000056
03002056
03003056
03004056
03005056
03000057
03001057
03001058
03002058
03005058
03000059
03003059
03004059
0300005A
0300105A
0300205A
0300305A
0300405A
0300505A
0300305B
0300405B
0300005C
0300105C
0300205C
0300505C
0300105D
0300305D
0300405D
0300005E
0300205E
0300505E
0300005F
0300305F
0300405F
03001060
03002060
03003060
03004060
03005060
03000061
03001061
03002062
03003062
03004062
03005062
03000063
03000064
03001064
03002064
03003064
03004064
03005064
03001065
03003065
03004065
03000066
03002066
03005066
03000067
03003067
03004067
03001068
03002068
03003068
03004068
03005068
03000069
03001069
0300206A
0300306A
0300406A
0300506A
0300006B
0300106B
0300306B
0300006C
0300206C
0300406C
0300506C
0300106D
0300406D
0300006E
0300206E
0300306E
0300406E
0300506E
0300106F
0300306F
03000070
03002070
03003070
03005070
03000071
03001071
03004071
03002072
03003072
03004072
03005072
03000073
03001073
03004073
03000074
03002074
03003074
03004074
03005074
03001075
03003075
03000076
03002076
03005076
03001077
03003077
03004077
03000078
03002078
03004078
03005078
03000079
03001079
03003079
03004079
0300207A
0300307A
0300507A
0300007B
0300107B
0300307B
0300407B
0300207C
0300507C
0300007D
0300107D
0300407D
0300507D
0300007E
0300207E
0300307E
0300407E
0300107F
0300307F
0300507F
03000080
03002080
03003080
03004080
03005080
03000081
03001081
03004081
03002082
03000083
03001083
03002083
03003083
03004083
03005083
03003084
03000085
03001085
03002085
03003085
03004085
03005085
03000086
03002086
03004086
03001087
03003087
03005087
03000088
03002088
03004088
03001089
03003089
03004089
03005089
0300008A
0300208A
0300008B
0300108B
0300308B
0300508B
0300108C
0300208C
0300308C
0300408C
0300008D
0300308D
0300408D
0300508D
0300008E
0300208E
0300408E
0300108F
0300308F
0300508F
03001090
03002090
03004090
03000091
03003091
03004091
03005091
03000092
03001092
03002092
03000093
03003093
03005093
03001094
03002094
03004094
03001095
03003095
03004095
03005095
03000096
03002096
03003096
03004096
03000097
03001097
03003097
03005097
03000098
03002098
03004098
03001099
03003099
03005099
0300009A
0300209A
0300409A
0300109B
0300309B
0300409B
0300509B
0300009C
0300209C
0300309C
0300009D
0300109D
0300409D
0300509D
0300209E
0300409E
0300009F
0300109F
0300309F
0300509F
030010A0
030020A0
030030A0
030040A0
030000A1
030030A1
030050A1
030000A2
030020A2
030040A2
030010A3
030030A3
030040A3
030050A3
030000A4
030010A4
030020A4
030040A4
030030A5
030050A5
030000A6
030010A6
030020A6
030030A6
030040A6
030000A7
030050A7
030010A8
030020A8
030030A8
030040A8
030000A9
030010A9
030040A9
030050A9
030020AA
030030AA
030040AA
030000AB
030010AB
030030AB
030050AB
030000AC
030020AC
030030AC
030010AD
030040AD
030050AD
030000AE
030010AE
030020AE
030040AE
030000AF
030030AF
030040AF
030050AF
030020B0
030030B0
030040B0
030010B1
030030B1
030050B1
030000B2
030010B2
030020B2
030050B2
030000B3
030030B3
030040B3
030000B4
030020B4
030040B4
030050B4
030010B5
030030B5
030050B5
030010B6
030020B6
030040B6
030000B7
030020B7
030030B7
030040B7
030000B8
030010B8
030030B8
030050B8
030000B9
030020B9
030040B9
030010BA
030020BA
030030BA
030040BA
030050BA
030000BB
030010BB
030030BB
030030BC
030040BC
030050BC
030000BD
030020BD
030000BE
030010BE
030040BE
030050BE
030000BF
030010BF
030020BF
030030BF
030030C0
030040C0
030050C0
030020C1
030030C1
030040C1
030000C2
030010C2
030040C2
030050C2
030000C3
030010C3
030020C3
030000C4
030030C4
030040C4
030050C4
030010C5
030020C5
030030C5
030030C6
030050C6
030000C7
030010C7
030020C7
030040C7
010000C8
03000000
03002000
03003000
03004000
03005000
03000001
03001001
03001002
03002002
03005002
03000003
03003003
03004003
02001000
03000004
03001004
03002004
03003004
03004004
03005004
03003005
03004005
03000006
03001006
03002006
03005006
03001007
03003007
03004007
03000008
03002008
03005008
03000009
03003009
03004009
0300100A
0300200A
0300300A
0300400A
0300500A
0300000B
0300100B
0300200C
0300300C
0300400C
0300500C
0300000D
0300000E
0300100E
0300200E
0300300E
0300400E
0300500E
0300100F
0300300F
0300400F
03000010
03002010
03005010
03000011
03003011
03004011
03001012
03002012
03003012
03004012
03005012
03000013
03001013
03002014
03003014
03004014
03005014
03000015
03001015
03003015
03000016
03002016
03004016
03005016
03001017
03004017
03000018
03002018
03003018
03004018
03005018
03001019
03003019
0300001A
0300201A
0300301A
0300501A
0300001B
0300101B
0300401B
0300201C
0300301C
0300401C
0300501C
0300001D
0300101D
0300401D
0300001E
0300201E
0300301E
0300401E
0300501E
0300101F
0300301F
03000020
03002020
03005020
03001021
03003021
03004021
03000022
03002022
03004022
03005022
03000023
03001023
03003023
03004023
03002024
03003024
03005024
03000025
03001025
03003025
03004025
03002026
03005026
03000027
03001027
03004027
03005027
03000028
03002028
03003028
03004028
03001029
03003029
03005029
0300002A
0300202A
0300302A
0300402A
0300502A
0300002B
0300102B
0300402B
0300202C
0300002D
0300102D
0300202D
0300302D
0300402D
0300502D
0300302E
0300002F
0300102F
0300202F
0300302F
0300402F
0300502F
03000030
03002030
03004030
03001031
03003031
03005031
03000032
03002032
03004032
03001033
03003033
03004033
03005033
03000034
03002034
03000035
03001035
03003035
03005035
03001036
03002036
03003036
03004036
03000037
03003037
03004037
03005037
03000038
03002038
03004038
03001039
03003039
03005039
0300103A
0300203A
0300403A
0300003B
0300303B
0300403B
0300503B
0300003C
0300103C
0300203C
0300003D
0300303D
0300503D
0300103E
0300203E
0300403E
0300103F
0300303F
0300403F
0300503F
03000040
03002040
03003040
03004040
03000041
03001041
03003041
03005041
03000042
03002042
03004042
03001043
03003043
03005043
03000044
03002044
03004044
03001045
03003045
03004045
03005045
03000046
03002046
03003046
03000047
03001047
03004047
03005047
03002048
03004048
03000049
03001049
03003049
03005049
0300104A
0300204A
0300304A
0300404A
0300004B
0300304B
0300504B
0300004C
0300204C
0300404C
0300104D
0300304D
0300404D
0300504D
0300004E
0300104E
0300204E
0300404E
0300304F
0300504F
03000050
03001050
03002050
03003050
03004050
03000051
03005051
03001052
03002052
03003052
03004052
03000053
03001053
03004053
03005053
03002054
03003054
03004054
03000055
03001055
03003055
03005055
03000056
03002056
03003056
03001057
03004057
03005057
03000058
03001058
03002058
03004058
03000059
03003059
03004059
03005059
0300205A
0300305A
0300405A
0300105B
0300305B
0300505B
0300005C
0300105C
0300205C
0300505C
0300005D
0300305D
0300405D
0300005E
0300205E
0300405E
0300505E
0300105F
0300305F
0300505F
03001060
03002060
03004060
03000061
03002061
03003061
03004061
03000062
03001062
03003062
03005062
03000063
03002063
03004063
03001064
03002064
03003064
03004064
03005064
03000065
03001065
03003065
03003066
03004066
03005066
03000067
03002067
03000068
03001068
03004068
03005068
03000069
03001069
03002069
03003069
0300306A
0300406A
0300506A
0300206B
0300306B
0300406B
0300006C
0300106C
0300406C
0300506C
0300006D
0300106D
0300206D
0300006E
0300306E
0300406E
0300506E
0300106F
0300206F
0300306F
03003070
03005070
03000071
03001071
03002071
03004071
03000072
03001072
03003072
03004072
03005072
03000073
03002073
03004073
03003074
03004074
03005074
03000075
03001075
03002075
03001076
03003076
03004076
03005076
03000077
03002077
03003077
03000078
03003078
03005078
03000079
03001079
03002079
03004079
0300107A
0300307A
0300407A
0300507A
0300207B
0300407B
0300007C
0300107C
0300307C
0300507C
0300007D
0300207D
0300307D
0300407D
0300007E
0300107E
0300407E
0300507E
0300107F
0300207F
0300307F
03004080
03005080
03000081
03002081
03004081
03000082
03001082
03003082
03005082
03000083
03001083
03002083
03003083
03003084
03004084
03005084
03002085
03003085
03004085
03000086
03001086
03003086
03004086
03005086
03000087
03001087
03002087
03004087
03000088
03005088
03001089
03002089
03003089
03004089
0300508A
0300008B
0300108B
0300208B
0300308B
0300408B
0300008C
0300108C
0300308C
0300508C
0300008D
0300208D
0300408D
0300308E
0300408E
0300508E
0300108F
0300208F
0300408F
03000090
03001090
03003090
03005090
03000091
03002091
03003091
03004091
03005091
03000092
03003092
03001093
03002093
03004093
03005093
03001094
03002094
03003094
03004094
03005094
03000095
03000096
03001096
03002096
03003096
03004096
03000097
03002097
03005097
03001098
03003098
03004098
03000099
03001099
03002099
03003099
03004099
03005099
0300409A
0300009B
0300209B
0300309B
0300509B
0300009C
0300109C
0300309C
0300109D
0300209D
0300409D
0300509D
0300009E
0300309E
0300409E
0300009F
0300209F
0300509F
030010A0
030030A0
030040A0
030010A1
030020A1
030030A1
030040A1
030050A1
030000A2
030040A2
030000A3
030010A3
030020A3
030030A3
030050A3
030000A4
030010A5
030020A5
030030A5
030040A5
030050A5
030010A6
030030A6
030040A6
030000A7
030020A7
030050A7
030000A8
030030A8
030040A8
030000A9
030010A9
030020A9
030030A9
030040A9
030050A9
030010AA
030040AA
030000AB
030020AB
030030AB
030050AB
030000AD
030010AD
030020AD
030030AD
030040AD
030050AD
030000AE
030010AE
030040AE
030000AF
030020AF
030030AF
030050AF
030010B0
030030B0
030040B0
030020B1
030030B1
030040B1
030050B1
030000B2
030010B2
030040B2
030000B3
030010B3
030020B3
030030B3
030050B3
030000B4
030040B4
030020B5
030030B5
030050B5
030010B6
030030B6
030040B6
030000B7
030010B7
030020B7
030040B7
030050B7
030000B8
030000B9
030020B9
030030B9
030040B9
030050B9
030010BA
030030BA
030040BA
030000BB
030010BB
030020BB
030030BB
030050BB
030030BC
030040BC
030000BD
030010BD
030020BD
030040BD
030050BD
030000BE
030030BE
030010BF
030020BF
030040BF
030050BF
030000C0
030040C0
030000C1
030010C1
030020C1
030030C1
030050C1
030030C2
030040C2
030010C3
030020C3
030030C3
030050C3
030000C4
030030C4
030040C4
030000C5
030010C5
030020C5
030040C5
030050C5
030000C6
030050C6
030010C7
030020C7
030030C7
030040C7
010000C8
03003000
03004000
03005000
03000001
03001001
03002001
03001002
03002002
03004002
03005002
03000003
03003003
03004003
02001000
03000004
03002004
03003004
03005004
03001005
03002005
03000006
03001006
03003006
03004006
03005006
03003007
03004007
03000008
03002008
03003008
03004008
03005008
03000009
03001009
0300100A
0300200A
0300500A
0300000B
0300300B
0300400B
0300000C
0300100C
0300200C
0300300C
0300400C
0300500C
0300300D
0300400D
0300000E
0300100E
0300200E
0300500E
0300100F
0300300F
0300400F
03000010
03002010
03005010
03000011
03003011
03004011
03001012
03002012
03003012
03004012
03005012
03000013
03001013
03002014
03003014
03004014
03005014
03000015
03000016
03001016
03002016
03003016
03004016
03005016
03001017
03003017
03004017
03000018
03002018
03005018
03000019
03003019
03004019
0300101A
0300201A
0300301A
0300401A
0300501A
0300001B
0300101B
0300201C
0300301C
0300401C
0300501C
0300001D
0300101D
0300301D
0300001E
0300201E
0300401E
0300501E
0300101F
0300401F
03000020
03002020
03003020
03004020
03005020
03001021
03003021
03000022
03002022
03003022
03005022
03000023
03001023
03004023
03002024
03003024
03004024
03005024
03000025
03001025
03004025
03000026
03002026
03003026
03004026
03005026
03001027
03003027
03000028
03002028
03005028
03001029
03003029
03004029
0300002A
0300202A
0300402A
0300502A
0300002B
0300102B
0300302B
0300402B
0300202C
0300302C
0300502C
0300002D
0300102D
0300302D
0300402D
0300202E
0300502E
0300002F
0300102F
0300402F
0300502F
03000030
03002030
03003030
03004030
03001031
03003031
03005031
03000032
03002032
03003032
03004032
03005032
03000033
03001033
03004033
03002034
03000035
03001035
03002035
03003035
03004035
03005035
03003036
03000037
03001037
03002037
03003037
03004037
03005037
03000038
03002038
03004038
03001039
03003039
03005039
0300003A
0300203A
0300403A
0300103B
0300303B
0300403B
0300503B
0300003C
0300203C
0300003D
0300103D
0300303D
0300503D
0300103E
0300203E
0300303E
0300403E
0300003F
0300303F
0300403F
0300503F
03000040
03002040
03004040
03001041
03003041
03005041
03001042
03002042
03004042
03000043
03003043
03004043
03005043
03000044
03001044
03002044
03000045
03003045
03005045
03001046
03002046
03004046
03001047
03003047
03004047
03005047
03000048
03002048
03003048
03004048
03000049
03001049
03003049
03005049
0300004A
0300204A
0300404A
0300104B
0300304B
0300504B
0300004C
0300204C
0300404C
0300104D
0300304D
0300404D
0300504D
0300004E
0300204E
0300304E
0300004F
0300104F
0300404F
0300504F
03002050
03004050
03000051
03001051
03003051
03005051
03001052
03002052
03003052
03004052
03000053
03003053
03005053
03000054
03002054
03004054
03001055
03003055
03004055
03005055
03000056
03001056
03002056
03004056
03003057
03005057
03000058
03001058
03002058
03003058
03004058
03000059
03005059
0300105A
0300205A
0300305A
0300405A
0300005B
0300105B
0300405B
0300505B
0300205C
0300305C
0300405C
0300005D
0300105D
0300305D
0300505D
0300005E
0300205E
0300305E
0300105F
0300405F
0300505F
03000060
03001060
03002060
03004060
03000061
03003061
03004061
03005061
03002062
03003062
03004062
03001063
03003063
03005063
03000064
03001064
03002064
03005064
03000065
03003065
03004065
03000066
03002066
03004066
03005066
03001067
03003067
03005067
03001068
03002068
03004068
03000069
03002069
03003069
03004069
0300006A
0300106A
0300306A
0300506A
0300006B
0300206B
0300406B
0300106C
0300206C
0300306C
0300406C
0300506C
0300006D
0300106D
0300306D
0300306E
0300406E
0300506E
0300006F
0300206F
03000070
03001070
03004070
03005070
03000071
03001071
03002071
03003071
03003072
03004072
03005072
03002073
03003073
03004073
03000074
03001074
03004074
03005074
03000075
03001075
03002075
03000076
03003076
03004076
03005076
03001077
03002077
03003077
03003078
03005078
03000079
03001079
03002079
03004079
0300007A
0300107A
0300307A
0300407A
0300507A
0300007B
0300207B
0300407B
0300307C
0300407C
0300507C
0300007D
0300107D
0300207D
0300107E
0300307E
0300407E
0300507E
0300007F
0300207F
0300307F
03000080
03003080
03005080
03000081
03001081
03002081
03004081
03001082
03003082
03004082
03005082
03002083
03004083
03000084
03001084
03003084
03005084
03000085
03002085
03003085
03004085
03000086
03001086
03004086
03005086
03001087
03002087
03003087
03004088
03005088
03000089
03002089
03004089
0300008A
0300108A
0300308A
0300508A
0300008B
0300108B
0300208B
0300308B
0300308C
0300408C
0300508C
0300208D
0300308D
0300408D
0300008E
0300108E
0300308E
0300408E
0300508E
0300008F
0300108F
0300208F
0300408F
03000090
03005090
03001091
03002091
03003091
03004091
03005092
03000093
03001093
03002093
03003093
03004093
03000094
03001094
03003094
03005094
03000095
03002095
03004095
03003096
03004096
03005096
03001097
03002097
03004097
03000098
03001098
03003098
03005098
03000099
03002099
03003099
03004099
03005099
0300009A
0300309A
0300109B
0300209B
0300409B
0300509B
0300109C
0300209C
0300309C
0300409C
0300509C
0300009D
0300009E
0300109E
0300209E
0300309E
0300409E
0300009F
0300209F
0300509F
030010A0
030030A0
030040A0
030000A1
030010A1
030020A1
030030A1
030040A1
030050A1
030040A2
030000A3
030020A3
030030A3
030050A3
030000A4
030010A4
030030A4
030010A5
030020A5
030040A5
030050A5
030000A6
030030A6
030040A6
030000A7
030020A7
030050A7
030010A8
030030A8
030040A8
030010A9
030020A9
030030A9
030040A9
030050A9
030000AA
030040AA
030000AB
030010AB
030020AB
030030AB
030050AB
030000AC
030010AD
030020AD
030030AD
030040AD
030050AD
030010AE
030030AE
030040AE
030000AF
030020AF
030050AF
030000B0
030030B0
030040B0
030000B1
030010B1
030020B1
030030B1
030040B1
030050B1
030010B2
030040B2
030000B3
030020B3
030030B3
030050B3
030000B5
030010B5
030020B5
030030B5
030040B5
030050B5
030000B6
030010B6
030040B6
030000B7
030020B7
030030B7
030050B7
030010B8
030030B8
030040B8
030020B9
030030B9
030040B9
030050B9
030000BA
030010BA
030040BA
030000BB
030010BB
030020BB
030030BB
030050BB
030000BC
030040BC
030020BD
030030BD
030050BD
030010BE
030030BE
030040BE
030000BF
030010BF
030020BF
030040BF
030050BF
030000C0
030000C1
030020C1
030030C1
030040C1
030050C1
030010C2
030030C2
030040C2
030000C3
030010C3
030020C3
030030C3
030050C3
030030C4
030040C4
030000C5
030010C5
030020C5
030040C5
030050C5
030000C6
030030C6
030010C7
030020C7
030040C7
030050C7
010000C8
03000000
03001000
03002000
03003000
03004000
03003001
03004001
03005001
03000002
03001002
03002002
03005002
03000003
03001003
03002003
03003003
03005003
02000000
03000004
03001004
03002004
03003004
03004004
03000005
03003005
03004005
03005005
03001006
03002006
03003006
03004006
03005006
03000007
03001007
03002007
03003007
03004007
03005007
03000008
03001008
03002008
03003008
03004008
03000009
03004009
03005009
0300000A
0300100A
0300200A
0300300A
0300400A
0300500A
0300100B
0300200B
0300300B
0300400B
0300500B
0300000C
0300100C
0300200C
0300000D
0300300D
0300400D
0300500D
0300000E
0300100E
0300200E
0300300E
0300400E
0300500E
0300000F
0300100F
0300200F
0300300F
0300500F
03001010
03002010
03004010
03000011
03003011
03004011
03005011
03000012
03001012
03002012
03003012
03004012
03005012
03000013
03001013
03002013
03003013
03004013
03005013
03000014
03001014
03002014
03003014
03004014
03003015
03004015
03005015
03000016
03001016
03002016
03003016
03004016
03005016
03000017
03001017
03002017
03004017
03005017
03000018
03001018
03002018
03003018
03000019
03005019
0300101A
0300201A
0300301A
0300401A
0300501A
0300001B
0300101B
0300201B
0300301B
0300401B
0300501B
0300001C
0300101C
0300201C
0300301C
0300401C
0300001D
0300301D
0300401D
0300501D
0300001E
0300101E
0300201E
0300301E
0300401E
0300501E
0300101F
0300201F
0300301F
0300401F
0300501F
03000020
03001020
03002020
03004020
03000021
03003021
03004021
03005021
03000022
03001022
03002022
03005022
03000023
03001023
03002023
03003023
03004023
03005023
03001024
03002024
03003024
03000025
03003025
03004025
03005025
03000026
03001026
03002026
03003026
03004026
03005026
03000027
03001027
03002027
03003027
03004027
03005027
03000028
03001028
03002028
03003028
03004028
03003029
03004029
03005029
0300002A
0300102A
0300202A
0300402A
0300502A
0300002B
0300102B
0300202B
0300302B
0300402B
0300502B
0300002C
0300102C
0300202C
0300402C
0300002D
0300302D
0300502D
0300102E
0300202E
0300302E
0300502E
0300002F
0300102F
0300202F
0300302F
0300402F
0300502F
03000030
03001030
03002030
03003030
03004030
03000031
03003031
03004031
03005031
03000032
03001032
03002032
03003032
03004032
03005032
03001033
03002033
03004033
03005033
03000034
03001034
03002034
03003034
03004034
03000035
03003035
03004035
03005035
03000036
03001036
03002036
03004036
03005036
03000037
03001037
03002037
03003037
03005037
03001038
03002038
03003038
03000039
03003039
03004039
03005039
0300003A
0300103A
0300203A
0300303A
0300403A
0300503A
0300003B
0300103B
0300203B
0300303B
0300403B
0300503B
0300003C
0300103C
0300203C
0300303C
0300403C
0300403D
0300503D
0300003E
0300103E
0300203E
0300303E
0300403E
0300503E
0300003F
0300103F
0300203F
0300403F
0300503F
03000040
03001040
03002040
03003040
03004040
03000041
03003041
03005041
03001042
03002042
03003042
03004042
03005042
03000043
03001043
03002043
03003043
03005043
03000044
03001044
03002044
03003044
03004044
03000045
03003045
03004045
03005045
03000046
03001046
03002046
03004046
03005046
03001047
03002047
03003047
03004047
03005047
03000048
03001048
03002048
03003048
03004048
03000049
03003049
03004049
03005049
0300004A
0300104A
0300204A
0300404A
0300504A
0300004B
0300104B
0300204B
0300304B
0300404B
0300504B
0300104C
0300204C
0300304C
0300004D
0300504D
0300004E
0300104E
0300204E
0300304E
0300404E
0300504E
0300004F
0300104F
0300204F
0300304F
0300404F
0300504F
03000050
03001050
03002050
03003050
03004050
03003051
03004051
03005051
03000052
03001052
03002052
03003052
03004052
03005052
03000053
03001053
03002053
03003053
03004053
03005053
03000054
03001054
03002054
03003054
03004054
03000055
03004055
03005055
03001056
03002056
03005056
03000057
03001057
03002057
03003057
03005057
03000058
03001058
03002058
03003058
03004058
03000059
03003059
03004059
03005059
0300005A
0300105A
0300205A
0300305A
0300405A
0300505A
0300105B
0300205B
0300305B
0300405B
0300505B
0300005C
0300105C
0300205C
0300405C
0300005D
0300305D
0300405D
0300505D
0300005E
0300105E
0300205E
0300305E
0300405E
0300505E
0300005F
0300105F
0300205F
0300305F
0300405F
0300505F
03001060
03002060
03003060
03000061
03005061
03000062
03001062
03002062
03003062
03004062
03005062
03000063
03001063
03002063
03003063
03004063
03005063
03000064
03001064
03002064
03003064
03004064
03004065
03005065
03000066
03001066
03002066
03003066
03004066
03005066
03000067
03001067
03002067
03003067
03004067
03005067
03000068
03001068
03002068
03003068
03004068
03000069
03003069
03004069
03005069
0300106A
0300206A
0300506A
0300006B
0300106B
0300206B
0300306B
0300406B
0300506B
0300006C
0300106C
0300206C
0300306C
0300006D
0300306D
0300406D
0300506D
0300006E
0300106E
0300206E
0300406E
0300506E
0300106F
0300206F
0300306F
0300406F
0300506F
03000070
03001070
03002070
03003070
03004070
03000071
03003071
03004071
03005071
03000072
03001072
03002072
03003072
03004072
03005072
03000073
03001073
03002073
03003073
03004073
03005073
03001074
03002074
03004074
03000075
03003075
03005075
03000076
03001076
03002076
03003076
03004076
03005076
03000077
03001077
03002077
03004077
03005077
03000078
03001078
03002078
03003078
03003079
03004079
03005079
0300007A
0300107A
0300207A
0300307A
0300407A
0300507A
0300007B
0300107B
0300207B
0300307B
0300407B
0300507B
0300007C
0300107C
0300207C
0300307C
0300407C
0300007D
0300407D
0300507D
0300107E
0300207E
0300307E
0300407E
0300507E
0300007F
0300107F
0300207F
0300307F
0300407F
0300507F
03000080
03001080
03002080
03003080
03004080
03000081
03005081
03000082
03001082
03002082
03003082
03005082
03001083
03002083
03003083
03004083
03005083
03000084
03001084
03002084
03003084
03004084
03000085
03003085
03004085
03005085
03000086
03001086
03002086
03003086
03004086
03005086
03000087
03001087
03002087
03004087
03005087
03001088
03002088
03003088
03004088
03000089
03003089
03004089
03005089
0300008A
0300108A
0300208A
0300408A
0300508A
0300008B
0300108B
0300208B
0300308B
0300508B
0300008C
0300108C
0300208C
0300308C
0300308D
0300408D
0300508D
0300008E
0300108E
0300208E
0300308E
0300408E
0300508E
0300008F
0300108F
0300208F
0300308F
0300408F
0300508F
03000090
03001090
03002090
03003090
03004090
03000091
03004091
03005091
03001092
03002092
03003092
03004092
03005092
03000093
03001093
03002093
03003093
03004093
03005093
03000094
03001094
03002094
03004094
03000095
03003095
03005095
03000096
03001096
03002096
03003096
03005096
03001097
03002097
03003097
03004097
03005097
03000098
03001098
03002098
03003098
03004098
03000099
03003099
03004099
03005099
0300009A
0300109A
0300209A
0300409A
0300509A
0300009B
0300109B
0300209B
0300309B
0300409B
0300509B
0300109C
0300209C
0300309C
0300409C
0300009D
0300309D
0300409D
0300509D
0300009E
0300109E
0300209E
0300409E
0300509E
0300009F
0300109F
0300209F
0300309F
0300509F
030000A0
030010A0
030020A0
030030A0
030030A1
030040A1
030050A1
030000A2
030010A2
030020A2
030030A2
030040A2
030050A2
030000A3
030010A3
030020A3
030030A3
030040A3
030050A3
030000A4
030010A4
030020A4
030040A4
030000A5
030030A5
030040A5
030050A5
030010A6
030020A6
030030A6
030040A6
030050A6
030000A7
030010A7
030020A7
030040A7
030050A7
030000A8
030010A8
030020A8
030030A8
030040A8
030000A9
030030A9
030050A9
030000AA
030010AA
030020AA
030030AA
030040AA
030050AA
030010AB
030020AB
030030AB
030050AB
030000AC
030010AC
030020AC
030030AC
030040AC
030000AD
030040AD
030050AD
030000AE
030010AE
030020AE
030030AE
030040AE
030050AE
030000AF
030010AF
030020AF
030030AF
030040AF
030050AF
030010B0
030020B0
030030B0
030040B0
030000B1
030040B1
030050B1
030000B2
030010B2
030020B2
030030B2
030040B2
030050B2
030000B3
030010B3
030020B3
030030B3
030040B3
030050B3
030000B4
030010B4
030020B4
030030B4
030030B5
030050B5
030000B6
030010B6
030020B6
030040B6
030050B6
030000B7
030010B7
030020B7
030030B7
030040B7
030050B7
030000B8
030010B8
030020B8
030030B8
030040B8
030000B9
030030B9
030040B9
030050B9
030010BA
030020BA
030040BA
030050BA
030000BB
030010BB
030020BB
030030BB
030040BB
030050BB
030000BC
030010BC
030020BC
030030BC
030040BC
030000BD
030030BD
030040BD
030050BD
030000BE
030010BE
030020BE
030030BE
030050BE
030010BF
030020BF
030030BF
030050BF
030000C0
030010C0
030020C0
030040C0
030000C1
030040C1
030050C1
030000C2
030010C2
030020C2
030030C2
030040C2
030050C2
030000C3
030010C3
030020C3
030030C3
030040C3
030050C3
030010C4
030020C4
030030C4
030040C4
030000C5
030030C5
030040C5
030050C5
030000C6
030010C6
030020C6
030030C6
030040C6
030050C6
030000C7
030010C7
030020C7
030030C7
030040C7
030050C7
010000C8
03000000
03002000
03003000
03004000
03005000
03001001
03000002
03001002
03002002
03003002
03005002
03000003
03003003
03004003
02001000
03001004
03002004
03004004
03005004
03003005
03000006
03001006
03002006
03004006
03005006
03000007
03001007
03003007
03004007
03000008
03002008
03003008
03005008
03004009
0300100A
0300200A
0300300A
0300500A
0300000B
0300100B
0300400B
0300000C
0300200C
0300300C
0300400C
0300500C
0300000D
0300300D
0300400D
0300100E
0300200E
0300300E
0300500E
0300000F
0300100F
0300400F
03002010
03005010
03000011
03003011
03004011
03000012
03001012
03002012
03003012
03004012
03005012
03001013
03003013
03000014
03002014
03004014
03005014
03000015
03001015
03004015
03002016
03003016
03005016
03000017
03001017
03003017
03004017
03001018
03002018
03003018
03004018
03005018
03000019
0300001A
0300201A
0300301A
0300401A
0300501A
0300101B
0300401B
0300001C
0300101C
0300201C
0300301C
0300501C
0300301D
0300401D
0300001E
0300201E
0300401E
0300501E
0300001F
0300101F
0300301F
0300501F
03001020
03002020
03000021
03003021
03004021
03005021
03000022
03001022
03002022
03003022
03004022
03003023
03004023
03005023
03000024
03001024
03002024
03001025
03002025
03004025
03005025
03000026
03003026
03004026
03000027
03002027
03003027
03005027
03001028
03002028
03000029
03001029
03003029
03004029
03005029
0300302A
0300402A
0300002B
0300202B
0300302B
0300402B
0300502B
0300002C
0300102C
0300102D
0300202D
0300502D
0300002E
0300302E
0300402E
0300002F
0300102F
0300202F
0300302F
0300402F
0300502F
03003030
03004030
03000031
03001031
03002031
03005031
03001032
03003032
03004032
03000033
03002033
03005033
03000034
03003034
03004034
03001035
03002035
03003035
03004035
03005035
03000036
03001036
03002037
03003037
03004037
03005037
03000038
03000039
03001039
03002039
03003039
03004039
03005039
0300103A
0300303A
0300403A
0300003B
0300203B
0300503B
0300003C
0300303C
0300403C
0300103D
0300203D
0300303D
0300403D
0300503D
0300003E
0300103E
0300203F
0300303F
0300403F
0300503F
03000040
03001040
03003040
03000041
03002041
03004041
03005041
03001042
03004042
03000043
03002043
03003043
03004043
03005043
03001044
03003044
03000045
03002045
03003045
03005045
03000046
03001046
03004046
03002047
03003047
03004047
03005047
03000048
03001048
03004048
03000049
03002049
03003049
03004049
03005049
0300104A
0300304A
0300004B
0300204B
0300504B
0300104C
0300304C
0300404C
0300004D
0300204D
0300404D
0300504D
0300004E
0300104E
0300304E
0300404E
0300204F
0300304F
0300504F
03000050
03001050
03003050
03004050
03002051
03005051
03000052
03001052
03004052
03005052
03000053
03002053
03003053
03004053
03001054
03003054
03005054
03000055
03002055
03003055
03004055
03005055
03000056
03001056
03004056
03002057
03000058
03001058
03002058
03003058
03004058
03005058
03003059
0300005A
0300105A
0300205A
0300305A
0300405A
0300505A
0300005B
0300205B
0300405B
0300105C
0300305C
0300505C
0300005D
0300205D
0300405D
0300105E
0300305E
0300405E
0300505E
0300005F
0300205F
03000060
03001060
03003060
03005060
03001061
03002061
03003061
03004061
03000062
03003062
03004062
03005062
03000063
03002063
03004063
03001064
03003064
03005064
03001065
03002065
03004065
03000066
03003066
03004066
03005066
03000067
03001067
03002067
03000068
03003068
03005068
03001069
03002069
03004069
0300106A
0300306A
0300406A
0300506A
0300006B
0300206B
0300306B
0300406B
0300006C
0300106C
0300306C
0300506C
0300006D
0300206D
0300406D
0300106E
0300306E
0300506E
0300006F
0300206F
0300406F
03001070
03003070
03004070
03005070
03000071
03002071
03003071
03000072
03001072
03004072
03005072
03002073
03004073
03000074
03001074
03003074
03005074
03001075
03002075
03003075
03004075
03000076
03003076
03005076
03000077
03002077
03004077
03001078
03003078
03004078
03005078
03000079
03001079
03002079
03004079
0300307A
0300507A
0300007B
0300107B
0300207B
0300307B
0300407B
0300007C
0300507C
0300107D
0300207D
0300307D
0300407D
0300007E
0300107E
0300407E
0300507E
0300207F
0300307F
0300407F
03000080
03001080
03003080
03005080
03000081
03002081
03003081
03001082
03004082
03005082
03000083
03001083
03002083
03004083
03000084
03003084
03004084
03005084
03002085
03003085
03004085
03001086
03003086
03005086
03000087
03001087
03002087
03005087
03000088
03003088
03004088
03000089
03002089
03004089
03005089
0300108A
0300308A
0300508A
0300108B
0300208B
0300408B
0300008C
0300208C
0300308C
0300408C
0300008D
0300108D
0300308D
0300508D
0300008E
0300208E
0300408E
0300108F
0300208F
0300308F
0300408F
0300508F
03000090
03001090
03003090
03003091
03004091
03005091
03000092
03002092
03000093
03001093
03004093
03005093
03000094
03001094
03002094
03003094
03003095
03004095
03005095
03002096
03003096
03004096
03000097
03001097
03004097
03005097
03000098
03001098
03002098
03000099
03003099
03004099
03005099
0300109A
0300209A
0300309A
0300309B
0300509B
0300009C
0300109C
0300209C
0300409C
0300009D
0300109D
0300309D
0300409D
0300509D
0300009E
0300209E
0300409E
0300309F
0300409F
0300509F
030000A0
030010A0
030020A0
030010A1
030030A1
030040A1
030050A1
030000A2
030020A2
030030A2
030000A3
030030A3
030050A3
030000A4
030010A4
030020A4
030040A4
030010A5
030030A5
030040A5
030050A5
030020A6
030040A6
030000A7
030010A7
030030A7
030050A7
030000A8
030020A8
030030A8
030040A8
030000A9
030010A9
030040A9
030050A9
030010AA
030020AA
030030AA
030040AB
030050AB
030000AC
030020AC
030040AC
030000AD
030010AD
030030AD
030050AD
030000AE
030010AE
030020AE
030030AE
030030AF
030040AF
030050AF
030020B0
030030B0
030040B0
030000B1
030010B1
030030B1
030040B1
030050B1
030000B2
030010B2
030020B2
030040B2
030000B3
030050B3
030010B4
030020B4
030030B4
030040B4
030050B5
030000B6
030010B6
030020B6
030030B6
030040B6
030000B7
030010B7
030030B7
030050B7
030000B8
030020B8
030040B8
030030B9
030040B9
030050B9
030010BA
030020BA
030040BA
030000BB
030010BB
030030BB
030050BB
030000BC
030020BC
030030BC
030040BC
030050BC
030000BD
030030BD
030010BE
030020BE
030040BE
030050BE
030010BF
030020BF
030030BF
030040BF
030050BF
030000C0
030000C1
030010C1
030020C1
030030C1
030040C1
030000C2
030020C2
030050C2
030010C3
030030C3
030040C3
030000C4
030010C4
030020C4
030030C4
030040C4
030050C4
030040C5
030000C6
030020C6
030030C6
030050C6
030000C7
030010C7
030030C7
010000C8
03000000
03001000
03002000
03003000
03004000
03005000
03000001
03001001
03004001
03005001
03000002
03002002
03003002
03004002
03001003
03002003
03003003
03004003
03005003
02000000
03000004
03001004
03002004
03003004
03004004
03005004
03000005
03001005
03003005
03004005
03005005
03000006
03002006
03003006
03000007
03001007
03002007
03003007
03004007
03005007
03001008
03002008
03005008
03000009
03001009
03003009
03004009
03005009
0300000A
0300200A
0300300A
0300400A
0300000B
0300100B
0300200B
0300400B
0300500B
0300000C
0300100C
0300200C
0300300C
0300400C
0300500C
0300100D
0300300D
0300400D
0300500D
0300000E
0300200E
0300300E
0300400E
0300000F
0300100F
0300200F
0300300F
0300400F
0300500F
03000010
03001010
03002010
03005010
03000011
03001011
03003011
03004011
03005011
03002012
03003012
03004012
03000013
03001013
03002013
03003013
03005013
03000014
03001014
03002014
03003014
03004014
03005014
03000015
03001015
03004015
03005015
03000016
03002016
03003016
03004016
03001017
03002017
03003017
03004017
03005017
03000018
03001018
03002018
03003018
03004018
03005018
03000019
03001019
03004019
03005019
0300001A
0300201A
0300301A
0300401A
0300001B
0300101B
0300201B
0300301B
0300501B
0300101C
0300201C
0300301C
0300401C
0300501C
0300001D
0300101D
0300301D
0300401D
0300501D
0300001E
0300201E
0300001F
0300101F
0300201F
0300301F
0300401F
0300501F
03000020
03001020
03002020
03003020
03004020
03005020
03001021
03003021
03004021
03005021
03000022
03002022
03004022
03000023
03001023
03002023
03003023
03004023
03005023
03000024
03001024
03002024
03003024
03004024
03005024
03000025
03001025
03003025
03004025
03005025
03002026
03003026
03000027
03001027
03002027
03003027
03004027
03005027
03000028
03001028
03002028
03004028
03005028
03000029
03001029
03003029
03005029
0300002A
0300202A
0300302A
0300402A
0300102B
0300202B
0300402B
0300502B
0300002C
0300102C
0300202C
0300302C
0300402C
0300502C
0300002D
0300102D
0300302D
0300402D
0300502D
0300002E
0300202E
0300302E
0300402E
0300002F
0300102F
0300202F
0300302F
0300402F
0300502F
03001030
03002030
03003030
03004030
03005030
03000031
03001031
03005031
03000032
03002032
03003032
03004032
03000033
03001033
03002033
03003033
03004033
03005033
03000034
03001034
03002034
03003034
03005034
03001035
03003035
03004035
03005035
03000036
03002036
03004036
03000037
03001037
03002037
03004037
03005037
03000038
03001038
03002038
03003038
03004038
03005038
03000039
03001039
03003039
03004039
03005039
0300203A
0300303A
0300403A
0300003B
0300103B
0300203B
0300303B
0300403B
0300503B
0300003C
0300103C
0300203C
0300303C
0300503C
0300003D
0300103D
0300303D
0300403D
0300503D
0300003E
0300203E
0300303E
0300103F
0300203F
0300303F
0300403F
0300503F
03000040
03001040
03002040
03004040
03005040
03000041
03001041
03003041
03004041
03005041
03000042
03002042
03004042
03000043
03001043
03002043
03003043
03004043
03005043
03001044
03002044
03003044
03004044
03005044
03000045
03001045
03003045
03004045
03005045
03000046
03002046
03003046
03000047
03001047
03002047
03004047
03005047
03000048
03001048
03002048
03003048
03004048
03005048
03001049
03003049
03005049
0300004A
0300204A
0300304A
0300404A
0300004B
0300104B
0300204B
0300304B
0300404B
0300504B
0300004C
0300104C
0300204C
0300304C
0300404C
0300504C
0300004D
0300104D
0300304D
0300404D
0300504D
0300204E
0300404E
0300004F
0300104F
0300204F
0300304F
0300404F
0300504F
03000050
03001050
03002050
03003050
03004050
03005050
03000051
03001051
03005051
03000052
03002052
03003052
03004052
03001053
03002053
03003053
03005053
03000054
03001054
03002054
03003054
03004054
03005054
03000055
03001055
03003055
03004055
03005055
03000056
03002056
03004056
03000057
03001057
03002057
03003057
03004057
03005057
03001058
03002058
03003058
03004058
03005058
03000059
03001059
03003059
03004059
03005059
0300005A
0300205A
0300305A
0300405A
0300005B
0300105B
0300205B
0300305B
0300505B
0300005C
0300105C
0300205C
0300405C
0300505C
0300105D
0300305D
0300505D
0300005E
0300205E
0300305E
0300405E
0300005F
0300105F
0300205F
0300405F
0300505F
03000060
03001060
03002060
03003060
03004060
03005060
03000061
03001061
03003061
03004061
03005061
03002062
03003062
03004062
03000063
03001063
03002063
03003063
03004063
03005063
03000064
03001064
03002064
03003064
03004064
03005064
03000065
03001065
03005065
03000066
03002066
03003066
03004066
03001067
03002067
03003067
03004067
03005067
03000068
03001068
03002068
03005068
03000069
03001069
03003069
03004069
03005069
0300006A
0300206A
0300306A
0300406A
0300006B
0300106B
0300206B
0300306B
0300406B
0300506B
0300106C
0300206C
0300306C
0300406C
0300506C
0300006D
0300106D
0300306D
0300406D
0300506D
0300006E
0300206E
0300306E
0300406E
0300006F
0300106F
0300206F
0300406F
0300506F
03000070
03001070
03002070
03005070
03001071
03003071
03004071
03005071
03000072
03002072
03003072
03000073
03001073
03002073
03003073
03004073
03005073
03000074
03001074
03002074
03003074
03004074
03005074
03000075
03001075
03003075
03004075
03005075
03002076
03003076
03004076
03000077
03001077
03002077
03003077
03004077
03005077
03000078
03001078
03002078
03004078
03005078
03000079
03001079
03003079
03004079
03005079
0300007A
0300207A
0300107B
0300207B
0300307B
0300407B
0300507B
0300007C
0300107C
0300207C
0300307C
0300407C
0300507C
0300007D
0300107D
0300307D
0300507D
0300007E
0300207E
0300307E
0300407E
0300007F
0300107F
0300207F
0300307F
0300407F
0300507F
03001080
03002080
03004080
03005080
03000081
03001081
03003081
03004081
03005081
03000082
03002082
03003082
03004082
03000083
03001083
03002083
03003083
03004083
03005083
03000084
03001084
03002084
03004084
03005084
03001085
03003085
03004085
03005085
03000086
03002086
03003086
03000087
03001087
03002087
03003087
03005087
03000088
03001088
03002088
03003088
03004088
03005088
03000089
03001089
03003089
03004089
03005089
0300208A
0300408A
0300008B
0300108B
0300208B
0300308B
0300408B
0300508B
0300008C
0300108C
0300208C
0300408C
0300508C
0300008D
0300108D
0300308D
0300408D
0300508D
0300008E
0300208E
0300308E
0300408E
0300108F
0300208F
0300308F
0300408F
0300508F
03000090
03001090
03002090
03003090
03005090
03000091
03001091
03003091
03004091
03005091
03000092
03002092
03003092
03000093
03001093
03002093
03003093
03004093
03005093
03001094
03002094
03004094
03005094
03000095
03001095
03004095
03005095
03000096
03002096
03003096
03004096
03000097
03001097
03002097
03003097
03004097
03005097
03000098
03001098
03002098
03003098
03004098
03005098
03001099
03003099
03004099
03005099
0300009A
0300209A
0300309A
0300409A
0300009B
0300109B
0300209B
0300309B
0300509B
0300009C
0300109C
0300209C
0300309C
0300409C
0300509C
0300009D
0300109D
0300509D
0300209E
0300309E
0300409E
0300009F
0300109F
0300209F
0300309F
0300409F
0300509F
030000A0
030010A0
030020A0
030040A0
030050A0
030000A1
030010A1
030030A1
030040A1
030050A1
030000A2
030020A2
030030A2
030040A2
030010A3
030020A3
030030A3
030040A3
030050A3
030000A4
030010A4
030020A4
030030A4
030040A4
030050A4
030000A5
030010A5
030030A5
030050A5
030000A6
030020A6
030040A6
030000A7
030010A7
030020A7
030030A7
030040A7
030050A7
030010A8
030020A8
030030A8
030050A8
030000A9
030010A9
030030A9
030040A9
030050A9
030000AA
030020AA
030040AA
030000AB
030010AB
030020AB
030030AB
030040AB
030050AB
030000AC
030010AC
030020AC
030030AC
030040AC
030050AC
030010AD
030030AD
030040AD
030050AD
030000AE
030020AE
030030AE
030040AE
030000AF
030010AF
030020AF
030030AF
030050AF
030000B0
030010B0
030020B0
030040B0
030050B0
030000B1
030010B1
030030B1
030040B1
030050B1
030020B2
030030B2
030040B2
030000B3
030010B3
030020B3
030040B3
030050B3
030000B4
030010B4
030020B4
030030B4
030050B4
030000B5
030010B5
030030B5
030040B5
030050B5
030000B6
030020B6
030030B6
030040B6
030010B7
030020B7
030030B7
030040B7
030050B7
030000B8
030010B8
030020B8
030030B8
030040B8
030050B8
030000B9
030010B9
030030B9
030050B9
030000BA
030020BA
030040BA
030000BB
030010BB
030020BB
030030BB
030040BB
030050BB
030010BC
030020BC
030040BC
030050BC
030000BD
030010BD
030030BD
030040BD
030050BD
030000BE
030020BE
030030BE
030040BE
030000BF
030010BF
030020BF
030030BF
030050BF
030000C0
030010C0
030020C0
030030C0
030040C0
030050C0
030010C1
030030C1
030050C1
030000C2
030020C2
030030C2
030040C2
030000C3
030010C3
030020C3
030040C3
030050C3
030000C4
030010C4
030020C4
030030C4
030040C4
030050C4
030000C5
030010C5
030030C5
030040C5
030050C5
030020C6
030040C6
030000C7
030010C7
030020C7
030030C7
030040C7
030050C7
010000C8
03001000
03002000
03000001
03003001
03004001
03005001
03000002
03001002
03002002
03003002
03004002
03003003
03004003
03005003
02001000
03000004
03001004
03002004
03001005
03002005
03004005
03005005
03000006
03003006
03004006
03000007
03002007
03003007
03005007
03001008
03002008
03000009
03001009
03003009
03004009
03005009
0300300A
0300400A
0300000B
0300200B
0300300B
0300400B
0300500B
0300000C
0300100C
0300100D
0300200D
0300500D
0300000E
0300300E
0300400E
0300000F
0300100F
0300200F
0300300F
0300400F
0300500F
03003010
03004010
03000011
03001011
03002011
03005011
03001012
03003012
03004012
03000013
03002013
03005013
03000014
03003014
03004014
03001015
03002015
03003015
03004015
03005015
03000016
03001016
03002017
03003017
03004017
03005017
03000018
03000019
03001019
03002019
03003019
03004019
03005019
0300101A
0300301A
0300401A
0300001B
0300201B
0300501B
0300001C
0300301C
0300401C
0300101D
0300201D
0300301D
0300401D
0300501D
0300001E
0300101E
0300201F
0300301F
0300401F
0300501F
03000020
03001020
03003020
03000021
03002021
03004021
03005021
03001022
03004022
03000023
03002023
03003023
03004023
03005023
03001024
03003024
03000025
03002025
03003025
03005025
03000026
03001026
03004026
03002027
03003027
03004027
03005027
03000028
03001028
03004028
03000029
03002029
03003029
03004029
03005029
0300102A
0300302A
0300002B
0300202B
0300502B
0300102C
0300302C
0300402C
0300002D
0300202D
0300402D
0300502D
0300002E
0300102E
0300302E
0300402E
0300202F
0300302F
0300502F
03000030
03001030
03003030
03004030
03002031
03005031
03000032
03001032
03004032
03005032
03000033
03002033
03003033
03004033
03001034
03003034
03005034
03000035
03002035
03003035
03004035
03005035
03000036
03001036
03004036
03002037
03000038
03001038
03002038
03003038
03004038
03005038
03003039
0300003A
0300103A
0300203A
0300303A
0300403A
0300503A
0300003B
0300203B
0300403B
0300103C
0300303C
0300503C
0300003D
0300203D
0300403D
0300103E
0300303E
0300403E
0300503E
0300003F
0300203F
03000040
03001040
03003040
03005040
03001041
03002041
03003041
03004041
03000042
03003042
03004042
03005042
03000043
03002043
03004043
03001044
03003044
03005044
03001045
03002045
03004045
03000046
03003046
03004046
03005046
03000047
03001047
03002047
03000048
03003048
03005048
03001049
03002049
03004049
0300104A
0300304A
0300404A
0300504A
0300004B
0300204B
0300304B
0300404B
0300004C
0300104C
0300304C
0300504C
0300004D
0300204D
0300404D
0300104E
0300304E
0300504E
0300004F
0300204F
0300404F
03001050
03003050
03004050
03005050
03000051
03002051
03003051
03000052
03001052
03004052
03005052
03002053
03004053
03000054
03001054
03003054
03005054
03001055
03002055
03003055
03004055
03000056
03003056
03005056
03000057
03002057
03004057
03001058
03003058
03004058
03005058
03000059
03001059
03002059
03004059
0300305A
0300505A
0300005B
0300105B
0300205B
0300305B
0300405B
0300005C
0300505C
0300105D
0300205D
0300305D
0300405D
0300005E
0300105E
0300405E
0300505E
0300205F
0300305F
0300405F
03000060
03001060
03003060
03005060
03000061
03002061
03003061
03001062
03004062
03005062
03000063
03001063
03002063
03004063
03000064
03003064
03004064
03005064
03002065
03003065
03004065
03001066
03003066
03005066
03000067
03001067
03002067
03005067
03000068
03003068
03004068
03000069
03002069
03004069
03005069
0300106A
0300306A
0300506A
0300106B
0300206B
0300406B
0300006C
0300206C
0300306C
0300406C
0300006D
0300106D
0300306D
0300506D
0300006E
0300206E
0300406E
0300106F
0300206F
0300306F
0300406F
0300506F
03000070
03001070
03003070
03003071
03004071
03005071
03000072
03002072
03000073
03001073
03004073
03005073
03000074
03001074
03002074
03003074
03003075
03004075
03005075
03002076
03003076
03004076
03000077
03001077
03004077
03005077
03000078
03001078
03002078
03000079
03003079
03004079
03005079
0300107A
0300207A
0300307A
0300307B
0300507B
0300007C
0300107C
0300207C
0300407C
0300007D
0300107D
0300307D
0300407D
0300507D
0300007E
0300207E
0300407E
0300307F
0300407F
0300507F
03000080
03001080
03002080
03001081
03003081
03004081
03005081
03000082
03002082
03003082
03000083
03003083
03005083
03000084
03001084
03002084
03004084
03001085
03003085
03004085
03005085
03002086
03004086
03000087
03001087
03003087
03005087
03000088
03002088
03003088
03004088
03000089
03001089
03004089
03005089
0300108A
0300208A
0300308A
0300408B
0300508B
0300008C
0300208C
0300408C
0300008D
0300108D
0300308D
0300508D
0300008E
0300108E
0300208E
0300308E
0300308F
0300408F
0300508F
03002090
03003090
03004090
03000091
03001091
03003091
03004091
03005091
03000092
03001092
03002092
03004092
03000093
03005093
03001094
03002094
03003094
03004094
03005095
03000096
03001096
03002096
03003096
03004096
03000097
03001097
03003097
03005097
03000098
03002098
03004098
03003099
03004099
03005099
0300109A
0300209A
0300409A
0300009B
0300109B
0300309B
0300509B
0300009C
0300209C
0300309C
0300409C
0300509C
0300009D
0300309D
0300109E
0300209E
0300409E
0300509E
0300109F
0300209F
0300309F
0300409F
0300509F
030000A0
030000A1
030010A1
030020A1
030030A1
030040A1
030000A2
030020A2
030050A2
030010A3
030030A3
030040A3
030000A4
030010A4
030020A4
030030A4
030040A4
030050A4
030040A5
030000A6
030020A6
030030A6
030050A6
030000A7
030010A7
030030A7
030010A8
030020A8
030040A8
030050A8
030000A9
030030A9
030040A9
030000AA
030020AA
030050AA
030010AB
030030AB
030040AB
030010AC
030020AC
030030AC
030040AC
030050AC
030000AD
030040AD
030000AE
030010AE
030020AE
030030AE
030050AE
030000AF
030010B0
030020B0
030030B0
030040B0
030050B0
030010B1
030030B1
030040B1
030000B2
030020B2
030050B2
030000B3
030030B3
030040B3
030000B4
030010B4
030020B4
030030B4
030040B4
030050B4
030010B5
030040B5
030000B6
030020B6
030030B6
030050B6
030000B8
030010B8
030020B8
030030B8
030040B8
030050B8
030000B9
030010B9
030040B9
030000BA
030020BA
030030BA
030050BA
030010BB
030030BB
030040BB
030020BC
030030BC
030040BC
030050BC
030000BD
030010BD
030040BD
030000BE
030010BE
030020BE
030030BE
030050BE
030000BF
030040BF
030020C0
030030C0
030050C0
030010C1
030030C1
030040C1
030000C2
030010C2
030020C2
030040C2
030050C2
030000C3
030000C4
030020C4
030030C4
030040C4
030050C4
030010C5
030030C5
030040C5
030000C6
030010C6
030020C6
030030C6
030050C6
030030C7
030040C7
010000C8
03000000
03001000
03002000
03005000
03001001
03003001
03004001
03000002
03002002
03005002
03000003
03003003
03004003
02001000
03001004
03002004
03003004
03004004
03005004
03000005
03001005
03002006
03003006
03004006
03005006
03000007
03000008
03001008
03002008
03003008
03004008
03005008
03001009
03003009
03004009
0300000A
0300200A
0300500A
0300000B
0300300B
0300400B
0300100C
0300200C
0300300C
0300400C
0300500C
0300000D
0300100D
0300200E
0300300E
0300400E
0300500E
0300000F
0300100F
0300300F
03000010
03002010
03004010
03005010
03001011
03004011
03000012
03002012
03003012
03004012
03005012
03001013
03003013
03000014
03002014
03003014
03005014
03000015
03001015
03004015
03002016
03003016
03004016
03005016
03000017
03001017
03004017
03000018
03002018
03003018
03004018
03005018
03001019
03003019
0300001A
0300201A
0300501A
0300101B
0300301B
0300401B
0300001C
0300201C
0300401C
0300501C
0300001D
0300101D
0300301D
0300401D
0300201E
0300301E
0300501E
0300001F
0300101F
0300301F
0300401F
03002020
03005020
03000021
03001021
03004021
03005021
03000022
03002022
03003022
03004022
03001023
03003023
03005023
03000024
03002024
03003024
03004024
03005024
03000025
03001025
03004025
03002026
03000027
03001027
03002027
03003027
03004027
03005027
03003028
03000029
03001029
03002029
03003029
03004029
03005029
0300002A
0300202A
0300402A
0300102B
0300302B
0300502B
0300002C
0300202C
0300402C
0300102D
0300302D
0300402D
0300502D
0300002E
0300202E
0300002F
0300102F
0300302F
0300502F
03001030
03002030
03003030
03004030
03000031
03003031
03004031
03005031
03000032
03002032
03004032
03001033
03003033
03005033
03001034
03002034
03004034
03000035
03003035
03004035
03005035
03000036
03001036
03002036
03000037
03003037
03005037
03001038
03002038
03004038
03001039
03003039
03004039
03005039
0300003A
0300203A
0300303A
0300403A
0300003B
0300103B
0300303B
0300503B
0300003C
0300203C
0300403C
0300103D
0300303D
0300503D
0300003E
0300203E
0300403E
0300103F
0300303F
0300403F
0300503F
03000040
03002040
03003040
03000041
03001041
03004041
03005041
03002042
03004042
03000043
03001043
03003043
03005043
03001044
03002044
03003044
03004044
03000045
03003045
03005045
03000046
03002046
03004046
03001047
03003047
03004047
03005047
03000048
03001048
03002048
03004048
03003049
03005049
0300004A
0300104A
0300204A
0300304A
0300404A
0300004B
0300504B
0300104C
0300204C
0300304C
0300404C
0300004D
0300104D
0300404D
0300504D
0300204E
0300304E
0300404E
0300004F
0300104F
0300304F
0300504F
03000050
03002050
03003050
03001051
03004051
03005051
03000052
03001052
03002052
03004052
03000053
03003053
03004053
03005053
03002054
03003054
03004054
03001055
03003055
03005055
03000056
03001056
03002056
03005056
03000057
03003057
03004057
03000058
03002058
03004058
03005058
03001059
03003059
03005059
0300105A
0300205A
0300405A
0300005B
0300205B
0300305B
0300405B
0300005C
0300105C
0300305C
0300505C
0300005D
0300205D
0300405D
0300105E
0300205E
0300305E
0300405E
0300505E
0300005F
0300105F
0300305F
03003060
03004060
03005060
03000061
03002061
03000062
03001062
03004062
03005062
03000063
03001063
03002063
03003063
03003064
03004064
03005064
03002065
03003065
03004065
03000066
03001066
03004066
03005066
03000067
03001067
03002067
03000068
03003068
03004068
03005068
03001069
03002069
03003069
0300306A
0300506A
0300006B
0300106B
0300206B
0300406B
0300006C
0300106C
0300306C
0300406C
0300506C
0300006D
0300206D
0300406D
0300306E
0300406E
0300506E
0300006F
0300106F
0300206F
03001070
03003070
03004070
03005070
03000071
03002071
03003071
03000072
03003072
03005072
03000073
03001073
03002073
03004073
03001074
03003074
03004074
03005074
03002075
03004075
03000076
03001076
03003076
03005076
03000077
03002077
03003077
03004077
03000078
03001078
03004078
03005078
03001079
03002079
03003079
0300407A
0300507A
0300007B
0300207B
0300407B
0300007C
0300107C
0300307C
0300507C
0300007D
0300107D
0300207D
0300307D
0300307E
0300407E
0300507E
0300207F
0300307F
0300407F
03000080
03001080
03003080
03004080
03005080
03000081
03001081
03002081
03004081
03000082
03005082
03001083
03002083
03003083
03004083
03005084
03000085
03001085
03002085
03003085
03004085
03000086
03001086
03003086
03005086
03000087
03002087
03004087
03003088
03004088
03005088
03001089
03002089
03004089
0300008A
0300108A
0300308A
0300508A
0300008B
0300208B
0300308B
0300408B
0300508B
0300008C
0300308C
0300108D
0300208D
0300408D
0300508D
0300108E
0300208E
0300308E
0300408E
0300508E
0300008F
03000090
03001090
03002090
03003090
03004090
03000091
03002091
03005091
03001092
03003092
03004092
03000093
03001093
03002093
03003093
03004093
03005093
03004094
03000095
03002095
03003095
03005095
03000096
03001096
03003096
03001097
03002097
03004097
03005097
03000098
03003098
03004098
03000099
03002099
03005099
0300109A
0300309A
0300409A
0300109B
0300209B
0300309B
0300409B
0300509B
0300009C
0300409C
0300009D
0300109D
0300209D
0300309D
0300509D
0300009E
0300109F
0300209F
0300309F
0300409F
0300509F
030010A0
030030A0
030040A0
030000A1
030020A1
030050A1
030000A2
030030A2
030040A2
030000A3
030010A3
030020A3
030030A3
030040A3
030050A3
030010A4
030040A4
030000A5
030020A5
030030A5
030050A5
030000A7
030010A7
030020A7
030030A7
030040A7
030050A7
030000A8
030010A8
030040A8
030000A9
030020A9
030030A9
030050A9
030010AA
030030AA
030040AA
030020AB
030030AB
030040AB
030050AB
030000AC
030010AC
030040AC
030000AD
030010AD
030020AD
030030AD
030050AD
030000AE
030040AE
030020AF
030030AF
030050AF
030010B0
030030B0
030040B0
030000B1
030010B1
030020B1
030040B1
030050B1
030000B2
030000B3
030020B3
030030B3
030040B3
030050B3
030010B4
030030B4
030040B4
030000B5
030010B5
030020B5
030030B5
030050B5
030030B6
030040B6
030000B7
030010B7
030020B7
030040B7
030050B7
030000B8
030030B8
030010B9
030020B9
030040B9
030050B9
030000BA
030040BA
030000BB
030010BB
030020BB
030030BB
030050BB
030030BC
030040BC
030010BD
030020BD
030030BD
030050BD
030000BE
030030BE
030040BE
030000BF
030010BF
030020BF
030040BF
030050BF
030000C0
030050C0
030010C1
030020C1
030030C1
030040C1
030020C2
030030C2
030040C2
030050C2
030000C3
030010C3
030030C3
030000C4
030020C4
030040C4
030050C4
030000C5
030010C5
030020C5
030030C5
030040C6
030050C6
030000C7
030010C7
030020C7
030030C7
030040C7
010000C8
03000000
03001000
03002000
03003000
03004000
03005000
03001001
03003001
03000002
03002002
03004002
03005002
03000003
03001003
03004003
02001000
03002004
03003004
03005004
03000005
03001005
03003005
03004005
03000006
03002006
03003006
03005006
03001007
03004007
03002008
03003008
03004008
03005008
03000009
03001009
03004009
0300000A
0300200A
0300300A
0300500A
0300000B
0300100B
0300400B
0300100C
0300200C
0300300C
0300400C
0300500C
0300300D
0300000E
0300200E
0300500E
0300000F
0300100F
0300300F
0300400F
0300500F
03000010
03001010
03002010
03003010
03004010
03004011
03005011
03000012
03001012
03002012
03003012
03005012
03004013
03000014
03001014
03002014
03003014
03004014
03005014
03000015
03001015
03002015
03003015
03005016
03000017
03002017
03003017
03004017
03001018
03002018
03004018
03005018
03000019
03001019
03003019
03004019
0300001A
0300201A
0300301A
0300501A
0300401B
0300001C
0300101C
0300201C
0300301C
0300501C
0300101D
0300301D
0300401D
0300001E
0300201E
0300401E
0300501E
0300001F
0300101F
03002020
03003020
03005020
03000021
03001021
03003021
03004021
03001022
03002022
03003022
03004022
03005022
03000023
03004023
03000024
03002024
03003024
03004024
03005024
03001025
03000026
03001026
03002026
03003026
03005026
03000027
03003027
03004027
03001028
03002028
03004028
03005028
03003029
0300002A
0300102A
0300202A
0300402A
0300502A
0300002B
0300102B
0300302B
0300402B
0300002C
0300202C
0300302C
0300502C
0300402D
0300102E
0300202E
0300302E
0300502E
0300002F
0300102F
0300402F
03000030
03002030
03003030
03004030
03005030
03000031
03003031
03004031
03001032
03002032
03003032
03005032
03000033
03001033
03004033
03002034
03005034
03000035
03003035
03004035
03000036
03001036
03002036
03003036
03004036
03005036
03001037
03003037
03000038
03002038
03004038
03005038
03000039
03001039
03004039
0300203A
0300303A
0300503A
0300003B
0300103B
0300303B
0300403B
0300103C
0300203C
0300303C
0300403C
0300503C
0300003D
0300003E
0300203E
0300303E
0300403E
0300503E
0300103F
0300403F
03000040
03001040
03002040
03003040
03005040
03003041
03004041
03000042
03002042
03004042
03005042
03000043
03001043
03003043
03005043
03001044
03002044
03000045
03003045
03004045
03005045
03000046
03001046
03002046
03003046
03004046
03003047
03004047
03005047
03000048
03001048
03002048
03001049
03002049
03004049
03005049
0300004A
0300304A
0300404A
0300004B
0300204B
0300304B
0300504B
0300104C
0300204C
0300004D
0300104D
0300304D
0300404D
0300504D
0300304E
0300404E
0300004F
0300204F
0300304F
0300404F
0300504F
03000050
03001050
03001051
03002051
03005051
03000052
03003052
03004052
03000053
03001053
03002053
03003053
03004053
03005053
03003054
03004054
03000055
03001055
03002055
03005055
03001056
03003056
03004056
03000057
03002057
03005057
03000058
03003058
03004058
03001059
03002059
03003059
03004059
03005059
0300005A
0300105A
0300205B
0300305B
0300405B
0300505B
0300005C
0300005D
0300105D
0300205D
0300305D
0300405D
0300505D
0300105E
0300305E
0300405E
0300005F
0300205F
0300505F
03000060
03003060
03004060
03001061
03002061
03003061
03004061
03005061
03000062
03001062
03002063
03003063
03004063
03005063
03000064
03001064
03003064
03000065
03002065
03004065
03005065
03001066
03004066
03000067
03002067
03003067
03004067
03005067
03001068
03003068
03000069
03002069
03003069
03005069
0300006A
0300106A
0300406A
0300206B
0300306B
0300406B
0300506B
0300006C
0300106C
0300406C
0300006D
0300206D
0300306D
0300406D
0300506D
0300106E
0300306E
0300006F
0300206F
0300506F
03001070
03003070
03004070
03000071
03002071
03004071
03005071
03000072
03001072
03003072
03004072
03002073
03003073
03005073
03000074
03001074
03003074
03004074
03002075
03005075
03000076
03001076
03004076
03005076
03000077
03002077
03003077
03004077
03001078
03003078
03005078
03000079
03002079
03003079
03004079
03005079
0300007A
0300107A
0300407A
0300207B
0300007C
0300107C
0300207C
0300307C
0300407C
0300507C
0300307D
0300007E
0300107E
0300207E
0300307E
0300407E
0300507E
0300007F
0300207F
0300407F
03001080
03003080
03005080
03000081
03002081
03004081
03001082
03003082
03004082
03005082
03000083
03002083
03000084
03001084
03003084
03005084
03001085
03002085
03003085
03004085
03000086
03003086
03004086
03005086
03000087
03002087
03004087
03001088
03003088
03005088
03001089
03002089
03004089
0300008A
0300308A
0300408A
0300508A
0300008B
0300108B
0300208B
0300008C
0300308C
0300508C
0300108D
0300208D
0300408D
0300108E
0300308E
0300408E
0300508E
0300008F
0300208F
0300308F
0300408F
03000090
03001090
03003090
03005090
03000091
03002091
03004091
03001092
03003092
03005092
03000093
03002093
03004093
03001094
03003094
03004094
03005094
03000095
03002095
03003095
03000096
03001096
03004096
03005096
03002097
03004097
03000098
03001098
03003098
03005098
03001099
03002099
03003099
03004099
0300009A
0300309A
0300509A
0300009B
0300209B
0300409B
0300109C
0300309C
0300409C
0300509C
0300009D
0300109D
0300209D
0300409D
0300309E
0300509E
0300009F
0300109F
0300209F
0300309F
0300409F
030000A0
030050A0
030010A1
030020A1
030030A1
030040A1
030000A2
030010A2
030040A2
030050A2
030020A3
030030A3
030040A3
030000A4
030010A4
030030A4
030050A4
030000A5
030020A5
030030A5
030010A6
030040A6
030050A6
030000A7
030010A7
030020A7
030040A7
030000A8
030030A8
030040A8
030050A8
030020A9
030030A9
030040A9
030010AA
030030AA
030050AA
030000AB
030010AB
030020AB
030050AB
030000AC
030030AC
030040AC
030000AD
030020AD
030040AD
030050AD
030010AE
030030AE
030050AE
030010AF
030020AF
030040AF
030000B0
030020B0
030030B0
030040B0
030000B1
030010B1
030030B1
030050B1
030000B2
030020B2
030040B2
030010B3
030020B3
030030B3
030040B3
030050B3
030000B4
030010B4
030030B4
030030B5
030040B5
030050B5
030000B6
030020B6
030000B7
030010B7
030040B7
030050B7
030000B8
030010B8
030020B8
030030B8
030030B9
030040B9
030050B9
030020BA
030030BA
030040BA
030000BB
030010BB
030040BB
030050BB
030000BC
030010BC
030020BC
030000BD
030030BD
030040BD
030050BD
030010BE
030020BE
030030BE
030030BF
030050BF
030000C0
030010C0
030020C0
030040C0
030000C1
030010C1
030030C1
030040C1
030050C1
030000C2
030020C2
030040C2
030030C3
030040C3
030050C3
030000C4
030010C4
030020C4
030010C5
030030C5
030040C5
030050C5
030000C6
030020C6
030030C6
030000C7
030030C7
030050C7
010000C8
03000000
03001000
03002000
03003000
03004000
03003001
03004001
03005001
03000002
03001002
03002002
03001003
03002003
03004003
03005003
02001000
03000004
03003004
03004004
03000005
03002005
03003005
03005005
03001006
03002006
03000007
03001007
03003007
03004007
03005007
03003008
03004008
03000009
03002009
03003009
03004009
03005009
0300000A
0300100A
0300100B
0300200B
0300500B
0300000C
0300300C
0300400C
0300000D
0300100D
0300200D
0300300D
0300400D
0300500D
0300300E
0300400E
0300000F
0300100F
0300200F
0300500F
03001010
03003010
03004010
03000011
03002011
03005011
03000012
03003012
03004012
03001013
03002013
03003013
03004013
03005013
03000014
03001014
03002015
03003015
03004015
03005015
03000016
03000017
03001017
03002017
03003017
03004017
03005017
03001018
03003018
03004018
03000019
03002019
03005019
0300001A
0300301A
0300401A
0300101B
0300201B
0300301B
0300401B
0300501B
0300001C
0300101C
0300201D
0300301D
0300401D
0300501D
0300001E
0300101E
0300301E
0300001F
0300201F
0300401F
0300501F
03001020
03004020
03000021
03002021
03003021
03004021
03005021
03001022
03003022
03000023
03002023
03003023
03005023
03000024
03001024
03004024
03002025
03003025
03004025
03005025
03000026
03001026
03004026
03000027
03002027
03003027
03004027
03005027
03001028
03003028
03000029
03002029
03005029
0300102A
0300302A
0300402A
0300002B
0300202B
0300402B
0300502B
0300002C
0300102C
0300302C
0300402C
0300202D
0300302D
0300502D
0300002E
0300102E
0300302E
0300402E
0300202F
0300502F
03000030
03001030
03004030
03005030
03000031
03002031
03003031
03004031
03001032
03003032
03005032
03000033
03002033
03003033
03004033
03005033
03000034
03001034
03004034
03002035
03000036
03001036
03002036
03003036
03004036
03005036
03003037
03000038
03001038
03002038
03003038
03004038
03005038
03000039
03002039
03004039
0300103A
0300303A
0300503A
0300003B
0300203B
0300403B
0300103C
0300303C
0300403C
0300503C
0300003D
0300203D
0300003E
0300103E
0300303E
0300503E
0300103F
0300203F
0300303F
0300403F
03000040
03003040
03004040
03005040
03000041
03002041
03004041
03001042
03003042
03005042
03001043
03002043
03004043
03000044
03003044
03004044
03005044
03000045
03001045
03002045
03000046
03003046
03005046
03001047
03002047
03004047
03001048
03003048
03004048
03005048
03000049
03002049
03003049
03004049
0300004A
0300104A
0300304A
0300504A
0300004B
0300204B
0300404B
0300104C
0300304C
0300504C
0300004D
0300204D
0300404D
0300104E
0300304E
0300404E
0300504E
0300004F
0300204F
0300304F
03000050
03001050
03004050
03005050
03002051
03004051
03000052
03001052
03003052
03005052
03001053
03002053
03003053
03004053
03000054
03003054
03005054
03000055
03002055
03004055
03001056
03003056
03004056
03005056
03000057
03001057
03002057
03004057
03003058
03005058
03000059
03001059
03002059
03003059
03004059
0300005A
0300505A
0300105B
0300205B
0300305B
0300405B
0300005C
0300105C
0300405C
0300505C
0300205D
0300305D
0300405D
0300005E
0300105E
0300305E
0300505E
0300005F
0300205F
0300305F
03001060
03004060
03005060
03000061
03001061
03002061
03004061
03000062
03003062
03004062
03005062
03002063
03003063
03004063
03001064
03003064
03005064
03000065
03001065
03002065
03005065
03000066
03003066
03004066
03000067
03002067
03004067
03005067
03001068
03003068
03005068
03001069
03002069
03004069
0300006A
0300206A
0300306A
0300406A
0300006B
0300106B
0300306B
0300506B
0300006C
0300206C
0300406C
0300106D
0300206D
0300306D
0300406D
0300506D
0300006E
0300106E
0300306E
0300306F
0300406F
0300506F
03000070
03002070
03000071
03001071
03004071
03005071
03000072
03001072
03002072
03003072
03003073
03004073
03005073
03002074
03003074
03004074
03000075
03001075
03004075
03005075
03000076
03001076
03002076
03000077
03003077
03004077
03005077
03001078
03002078
03003078
03003079
03005079
0300007A
0300107A
0300207A
0300407A
0300007B
0300107B
0300307B
0300407B
0300507B
0300007C
0300207C
0300407C
0300307D
0300407D
0300507D
0300007E
0300107E
0300207E
0300107F
0300307F
0300407F
0300507F
03000080
03002080
03003080
03000081
03003081
03005081
03000082
03001082
03002082
03004082
03001083
03003083
03004083
03005083
03002084
03004084
03000085
03001085
03003085
03005085
03000086
03002086
03003086
03004086
03000087
03001087
03004087
03005087
03001088
03002088
03003088
03004089
03005089
0300008A
0300208A
0300408A
0300008B
0300108B
0300308B
0300508B
0300008C
0300108C
0300208C
0300308C
0300308D
0300408D
0300508D
0300208E
0300308E
0300408E
0300008F
0300108F
0300308F
0300408F
0300508F
03000090
03001090
03002090
03004090
03000091
03005091
03001092
03002092
03003092
03004092
03005093
03000094
03001094
03002094
03003094
03004094
03000095
03001095
03003095
03005095
03000096
03002096
03004096
03003097
03004097
03005097
03001098
03002098
03004098
03000099
03001099
03003099
03005099
0300009A
0300209A
0300309A
0300409A
0300509A
0300009B
0300309B
0300109C
0300209C
0300409C
0300509C
0300109D
0300209D
0300309D
0300409D
0300509D
0300009E
0300009F
0300109F
0300209F
0300309F
0300409F
030000A0
030020A0
030050A0
030010A1
030030A1
030040A1
030000A2
030010A2
030020A2
030030A2
030040A2
030050A2
030040A3
030000A4
030020A4
030030A4
030050A4
030000A5
030010A5
030030A5
030010A6
030020A6
030040A6
030050A6
030000A7
030030A7
030040A7
030000A8
030020A8
030050A8
030010A9
030030A9
030040A9
030010AA
030020AA
030030AA
030040AA
030050AA
030000AB
030040AB
030000AC
030010AC
030020AC
030030AC
030050AC
030000AD
030010AE
030020AE
030030AE
030040AE
030050AE
030010AF
030030AF
030040AF
030000B0
030020B0
030050B0
030000B1
030030B1
030040B1
030000B2
030010B2
030020B2
030030B2
030040B2
030050B2
030010B3
030040B3
030000B4
030020B4
030030B4
030050B4
030000B6
030010B6
030020B6
030030B6
030040B6
030050B6
030000B7
030010B7
030040B7
030000B8
030020B8
030030B8
030050B8
030010B9
030030B9
030040B9
030020BA
030030BA
030040BA
030050BA
030000BB
030010BB
030040BB
030000BC
030010BC
030020BC
030030BC
030050BC
030000BD
030040BD
030020BE
030030BE
030050BE
030010BF
030030BF
030040BF
030000C0
030010C0
030020C0
030040C0
030050C0
030000C1
030000C2
030020C2
030030C2
030040C2
030050C2
030010C3
030030C3
030040C3
030000C4
030010C4
030020C4
030030C4
030050C4
030030C5
030040C5
030000C6
030010C6
030020C6
030040C6
030050C6
030000C7
030030C7
010000C8
03000000
03001000
03003000
03004000
03005000
03000001
03002001
03003001
03004001
03001002
03002002
03005002
03000003
03001003
03002003
03003003
03004003
03005003
02000000
03000004
03001004
03003004
03004004
03005004
03000005
03002005
03003005
03004005
03000006
03001006
03002006
03005006
03001007
03002007
03003007
03004007
03005007
03000008
03001008
03003008
03004008
03005008
03000009
03002009
03003009
03004009
0300000A
0300100A
0300200A
0300300A
0300400A
0300500A
0300000B
0300100B
0300200B
0300300B
0300400B
0300500B
0300100C
0300400C
0300500C
0300000D
0300200D
0300300D
0300000E
0300100E
0300200E
0300300E
0300400E
0300500E
0300000F
0300100F
0300200F
0300500F
03000010
03001010
03003010
03004010
03005010
03002011
03003011
03004011
03000012
03001012
03002012
03003012
03004012
03005012
03000013
03001013
03002013
03003013
03004013
03005013
03000014
03001014
03003014
03004014
03005014
03000015
03002015
03003015
03004015
03001016
03002016
03004016
03005016
03000017
03001017
03002017
03005017
03000018
03001018
03003018
03005018
03000019
03002019
03003019
03004019
0300001A
0300101A
0300201A
0300301A
0300401A
0300501A
0300101B
0300201B
0300301B
0300401B
0300501B
0300001C
0300101C
0300301C
0300401C
0300501C
0300001D
0300201D
0300301D
0300401D
0300001E
0300101E
0300201E
0300301E
0300401E
0300501E
0300001F
0300101F
0300201F
0300401F
0300501F
03001020
03003020
03004020
03005020
03000021
03002021
03000022
03001022
03002022
03003022
03004022
03005022
03000023
03001023
03002023
03003023
03005023
03000024
03001024
03003024
03004024
03005024
03002025
03003025
03004025
03000026
03001026
03002026
03003026
03004026
03005026
03000027
03001027
03002027
03004027
03005027
03000028
03001028
03003028
03004028
03005028
03000029
03002029
03003029
03004029
0300102A
0300202A
0300302A
0300402A
0300502A
0300002B
0300102B
0300202B
0300402B
0300502B
0300002C
0300102C
0300302C
0300502C
0300002D
0300202D
0300302D
0300002E
0300102E
0300202E
0300302E
0300402E
0300502E
0300102F
0300202F
0300302F
0300402F
0300502F
03000030
03001030
03004030
03005030
03000031
03002031
03003031
03004031
03000032
03001032
03002032
03003032
03004032
03005032
03000033
03001033
03002033
03003033
03004033
03005033
03001034
03004034
03005034
03000035
03002035
03003035
03004035
03000036
03001036
03002036
03003036
03005036
03000037
03001037
03002037
03003037
03004037
03005037
03000038
03001038
03003038
03004038
03005038
03002039
0300003A
0300103A
0300203A
0300303A
0300403A
0300503A
0300003B
0300103B
0300203B
0300303B
0300403B
0300503B
0300003C
0300103C
0300303C
0300403C
0300503C
0300003D
0300203D
0300303D
0300403D
0300103E
0300203E
0300403E
0300503E
0300003F
0300103F
0300203F
0300303F
0300403F
0300503F
03000040
03001040
03003040
03004040
03005040
03000041
03002041
03003041
03004041
03000042
03001042
03002042
03005042
03001043
03002043
03003043
03005043
03000044
03001044
03003044
03004044
03005044
03000045
03002045
03003045
03004045
03000046
03001046
03002046
03003046
03004046
03005046
03000047
03001047
03002047
03003047
03004047
03005047
03001048
03004048
03005048
03000049
03002049
03003049
03004049
0300004A
0300104A
0300204A
0300304A
0300404A
0300504A
0300004B
0300104B
0300204B
0300404B
0300504B
0300004C
0300104C
0300304C
0300504C
0300204D
0300304D
0300404D
0300004E
0300104E
0300204E
0300304E
0300504E
0300004F
0300104F
0300204F
0300304F
0300404F
0300504F
03000050
03001050
03003050
03004050
03005050
03000051
03002051
03003051
03004051
03001052
03002052
03004052
03005052
03000053
03001053
03002053
03003053
03004053
03005053
03000054
03001054
03003054
03004054
03005054
03000055
03002055
03004055
03000056
03001056
03002056
03003056
03004056
03005056
03001057
03002057
03003057
03005057
03000058
03001058
03003058
03005058
03000059
03002059
03003059
03004059
0300005A
0300105A
0300205A
0300305A
0300405A
0300505A
0300005B
0300105B
0300205B
0300405B
0300505B
0300105C
0300305C
0300405C
0300505C
0300005D
0300205D
0300305D
0300405D
0300005E
0300105E
0300205E
0300305E
0300405E
0300505E
0300005F
0300105F
0300205F
0300305F
0300405F
0300505F
03000060
03001060
03004060
03005060
03002061
03003061
03000062
03001062
03002062
03003062
03005062
03000063
03001063
03002063
03003063
03004063
03005063
03000064
03001064
03004064
03005064
03000065
03002065
03003065
03004065
03001066
03002066
03003066
03004066
03005066
03000067
03001067
03002067
03003067
03004067
03005067
03000068
03001068
03003068
03004068
03005068
03000069
03002069
03003069
03004069
0300006A
0300106A
0300206A
0300406A
0300506A
0300106B
0300206B
0300306B
0300506B
0300006C
0300106C
0300306C
0300406C
0300506C
0300006D
0300206D
0300306D
0300006E
0300106E
0300206E
0300406E
0300506E
0300006F
0300106F
0300206F
0300306F
0300406F
0300506F
03001070
03003070
03004070
03005070
03000071
03002071
03003071
03004071
03000072
03001072
03002072
03003072
03004072
03005072
03000073
03001073
03002073
03004073
03005073
03000074
03001074
03003074
03004074
03005074
03002075
03003075
03000076
03001076
03002076
03003076
03004076
03005076
03000077
03001077
03002077
03003077
03004077
03005077
03000078
03001078
03005078
03000079
03002079
03003079
03004079
0300107A
0300207A
0300307A
0300407A
0300507A
0300007B
0300107B
0300207B
0300307B
0300407B
0300507B
0300007C
0300107C
0300407C
0300507C
0300007D
0300207D
0300307D
0300407D
0300007E
0300107E
0300207E
0300307E
0300407E
0300507E
0300107F
0300207F
0300307F
0300507F
03000080
03001080
03003080
03004080
03005080
03000081
03002081
03004081
03000082
03001082
03002082
03003082
03004082
03005082
03000083
03001083
03002083
03003083
03005083
03001084
03003084
03004084
03005084
03000085
03002085
03003085
03004085
03000086
03001086
03002086
03004086
03005086
03000087
03001087
03002087
03004087
03005087
03000088
03001088
03003088
03004088
03005088
03002089
03003089
03004089
0300008A
0300108A
0300208A
0300308A
0300508A
0300008B
0300108B
0300208B
0300308B
0300408B
0300508B
0300008C
0300108C
0300308C
0300508C
0300008D
0300208D
0300308D
0300408D
0300108E
0300208E
0300308E
0300408E
0300508E
0300008F
0300108F
0300208F
0300308F
0300408F
0300508F
03000090
03001090
03004090
03005090
03000091
03002091
03004091
03000092
03001092
03002092
03003092
03004092
03005092
03001093
03002093
03003093
03004093
03005093
03000094
03001094
03003094
03005094
03000095
03002095
03003095
03004095
03000096
03001096
03002096
03005096
03000097
03001097
03002097
03003097
03004097
03005097
03001098
03003098
03004098
03005098
03000099
03002099
03003099
03004099
0300009A
0300109A
0300209A
0300309A
0300409A
0300509A
0300009B
0300109B
0300209B
0300309B
0300409B
0300509B
0300009C
0300109C
0300309C
0300409C
0300509C
0300209D
0300409D
0300009E
0300109E
0300209E
0300309E
0300409E
0300509E
0300009F
0300109F
0300209F
0300509F
030000A0
030010A0
030030A0
030040A0
030050A0
030000A1
030020A1
030030A1
030010A2
030020A2
030030A2
030040A2
030050A2
030000A3
030010A3
030020A3
030030A3
030040A3
030050A3
030000A4
030010A4
030030A4
030040A4
030050A4
030000A5
030020A5
030040A5
030000A6
030010A6
030020A6
030030A6
030040A6
030050A6
030010A7
030020A7
030030A7
030040A7
030050A7
030000A8
030010A8
030030A8
030040A8
030050A8
030000A9
030020A9
030030A9
030040A9
030000AA
030010AA
030020AA
030050AA
030000AB
030010AB
030020AB
030030AB
030040AB
030050AB
030010AC
030030AC
030050AC
030000AD
030020AD
030030AD
030040AD
030000AE
030010AE
030020AE
030040AE
030050AE
030000AF
030010AF
030020AF
030030AF
030040AF
030050AF
030000B0
030010B0
030030B0
030040B0
030050B0
030020B1
030030B1
030040B1
030000B2
030010B2
030020B2
030030B2
030040B2
030050B2
030000B3
030010B3
030020B3
030030B3
030040B3
030050B3
030000B4
030010B4
030040B4
030050B4
030000B5
030020B5
030030B5
030010B6
030020B6
030030B6
030040B6
030050B6
030000B7
030010B7
030020B7
030050B7
030000B8
030010B8
030030B8
030040B8
030050B8
030000B9
030020B9
030030B9
030040B9
030000BA
030010BA
030020BA
030030BA
030040BA
030050BA
030010BB
030020BB
030030BB
030040BB
030050BB
030000BC
030010BC
030030BC
030040BC
030050BC
030000BD
030020BD
030030BD
030040BD
030000BE
030010BE
030020BE
030040BE
030050BE
030000BF
030010BF
030020BF
030030BF
030050BF
030010C0
030030C0
030040C0
030050C0
030000C1
030020C1
030040C1
030000C2
030010C2
030020C2
030030C2
030050C2
030000C3
030010C3
030020C3
030030C3
030040C3
030050C3
030000C4
030010C4
030030C4
030040C4
030050C4
030020C5
030030C5
030040C5
030000C6
030010C6
030020C6
030030C6
030040C6
030050C6
030000C7
030010C7
030020C7
030040C7
030050C7
010000C8
03000000
03000001
03001001
03002001
03003001
03004001
03005001
03001002
03003002
03004002
03000003
03002003
03004003
03005003
02001000
03001004
03003004
03000005
03002005
03003005
03004005
03005005
03000006
03001006
03001007
03002007
03003007
03004007
03005007
03000008
03004008
03001009
03002009
03003009
03005009
0300000A
0300300A
0300400A
0300000B
0300100B
0300200B
0300400B
0300500B
0300100C
0300300C
0300000D
0300200D
0300400D
0300500D
0300300E
0300400E
0300000F
0300100F
0300200F
0300300F
0300400F
0300500F
03000010
03001010
03002011
03003011
03005011
03000012
03001012
03004012
03005012
03002013
03003013
03004013
03000014
03001014
03003014
03004014
03005014
03000015
03001015
03002015
03003015
03004016
03005016
03000017
03002017
03001018
03002018
03003018
03004018
03005018
03000019
03001019
03003019
03004019
0300001A
0300201A
0300501A
0300201B
0300301B
0300401B
0300001C
0300101C
0300301C
0300401C
0300501C
0300101D
0300001E
0300201E
0300301E
0300401E
0300501E
0300001F
0300101F
03002020
03003020
03004020
03005020
03000021
03001021
03003021
03004021
03000022
03001022
03002022
03005022
03003023
03004023
03000024
03002024
03003024
03005024
03001025
03004025
03000026
03001026
03002026
03003026
03004026
03005026
03000027
03004027
03002028
03003028
03005028
03000029
03001029
03003029
0300102A
0300202A
0300402A
0300502A
0300002B
0300302B
0300402B
0300002C
0300102C
0300202C
0300302C
0300402C
0300502C
0300002E
0300102E
0300202E
0300302E
0300502E
0300002F
0300102F
0300402F
03002030
03003030
03004030
03005030
03000031
03003031
03004031
03001032
03002032
03005032
03000033
03001033
03003033
03004033
03000034
03002034
03005034
03003035
03004035
03000036
03001036
03002036
03003036
03004036
03005036
03001037
03003037
03000038
03002038
03004038
03005038
03000039
03001039
03004039
0300203A
0300303A
0300503A
0300003B
0300103B
0300303B
0300403B
0300003C
0300203C
0300303C
0300503C
0300103D
0300403D
0300203E
0300303E
0300403E
0300503E
0300003F
0300103F
0300403F
03000040
03002040
03003040
03005040
03000041
03001041
03004041
03001042
03002042
03003042
03004042
03005042
03003043
03000044
03002044
03005044
03000045
03001045
03003045
03004045
03005045
03000046
03001046
03002046
03003046
03004046
03004047
03005047
03000048
03001048
03002048
03003048
03005048
03004049
0300004A
0300104A
0300204A
0300304A
0300404A
0300504A
0300004B
0300104B
0300204B
0300304B
0300504C
0300004D
0300204D
0300304D
0300404D
0300104E
0300204E
0300404E
0300504E
0300004F
0300104F
0300304F
0300404F
03000050
03002050
03003050
03005050
03004051
03000052
03001052
03002052
03003052
03005052
03001053
03003053
03004053
03000054
03002054
03004054
03005054
03000055
03001055
03002056
03003056
03005056
03000057
03001057
03003057
03004057
03001058
03002058
03003058
03004058
03005058
03000059
03004059
0300005A
0300205A
0300305A
0300405A
0300505A
0300105B
0300005C
0300105C
0300205C
0300305C
0300505C
0300005D
0300305D
0300405D
0300105E
0300205E
0300405E
0300505E
0300305F
03000060
03001060
03002060
03004060
03005060
03000061
03001061
03003061
03004061
03000062
03002062
03003062
03005062
03004063
03001064
03002064
03003064
03005064
03000065
03001065
03004065
03000066
03002066
03003066
03004066
03005066
03000067
03003067
03004067
03001068
03002068
03003068
03005068
03000069
03001069
03004069
0300206A
0300506A
0300006B
0300306B
0300406B
0300006C
0300106C
0300206C
0300306C
0300406C
0300506C
0300106D
0300306D
0300006E
0300206E
0300406E
0300506E
0300006F
0300106F
0300406F
03002070
03003070
03005070
03000071
03001071
03003071
03004071
03001072
03002072
03003072
03004072
03005072
03000073
03000074
03002074
03003074
03004074
03005074
03001075
03004075
03000076
03001076
03002076
03003076
03005076
03003077
03004077
03000078
03002078
03004078
03005078
03000079
03001079
03003079
03005079
0300107A
0300207A
0300007B
0300307B
0300407B
0300507B
0300007C
0300107C
0300207C
0300307C
0300407C
0300307D
0300407D
0300507D
0300007E
0300107E
0300207E
0300107F
0300207F
0300407F
0300507F
03000080
03003080
03004080
03000081
03002081
03003081
03005081
03001082
03002082
03000083
03001083
03003083
03004083
03005083
03003084
03004084
03000085
03002085
03003085
03004085
03005085
03000086
03001086
03001087
03002087
03005087
03000088
03003088
03004088
03000089
03001089
03002089
03003089
03004089
03005089
0300308A
0300408A
0300008B
0300108B
0300208B
0300508B
0300108C
0300308C
0300408C
0300008D
0300208D
0300508D
0300008E
0300308E
0300408E
0300108F
0300208F
0300308F
0300408F
0300508F
03000090
03001090
03002091
03003091
03004091
03005091
03000092
03000093
03001093
03002093
03003093
03004093
03005093
03001094
03003094
03004094
03000095
03002095
03005095
03000096
03003096
03004096
03001097
03002097
03003097
03004097
03005097
03000098
03001098
03002099
03003099
03004099
03005099
0300009A
0300109A
0300309A
0300009B
0300209B
0300409B
0300509B
0300109C
0300409C
0300009D
0300209D
0300309D
0300409D
0300509D
0300109E
0300309E
0300009F
0300209F
0300309F
0300509F
030000A0
030010A0
030040A0
030020A1
030030A1
030040A1
030050A1
030000A2
030010A2
030040A2
030000A3
030020A3
030030A3
030040A3
030050A3
030010A4
030030A4
030000A5
030020A5
030050A5
030010A6
030030A6
030040A6
030000A7
030020A7
030040A7
030050A7
030000A8
030010A8
030030A8
030040A8
030020A9
030030A9
030050A9
030000AA
030010AA
030030AA
030040AA
030020AB
030050AB
030000AC
030010AC
030040AC
030050AC
030000AD
030020AD
030030AD
030040AD
030010AE
030030AE
030050AE
030000AF
030020AF
030030AF
030040AF
030050AF
030000B0
030010B0
030040B0
030020B1
030000B2
030010B2
030020B2
030030B2
030040B2
030050B2
030030B3
030000B4
030010B4
030020B4
030030B4
030040B4
030050B4
030000B5
030020B5
030040B5
030010B6
030030B6
030050B6
030000B7
030020B7
030040B7
030010B8
030030B8
030040B8
030050B8
030000B9
030020B9
030000BA
030010BA
030030BA
030050BA
030010BB
030020BB
030030BB
030040BB
030000BC
030030BC
030040BC
030050BC
030000BD
030020BD
030040BD
030010BE
030030BE
030050BE
030010BF
030020BF
030040BF
030000C0
030030C0
030040C0
030050C0
030000C1
030010C1
030020C1
030000C2
030030C2
030050C2
030010C3
030020C3
030040C3
030010C4
030030C4
030040C4
030050C4
030000C5
030020C5
030030C5
030040C5
030000C6
030010C6
030030C6
030050C6
030000C7
030020C7
030040C7
010000C8
03000000
03001000
03002000
03003000
03004000
03001001
03003001
03004001
03005001
03000002
03002002
03004002
03005002
03000003
03001003
03002003
03004003
03005003
02000000
03000004
03001004
03002004
03003004
03000005
03001005
03003005
03005005
03002006
03003006
03004006
03005006
03000007
03001007
03002007
03003007
03004007
03005007
03000008
03001008
03002008
03003008
03004008
03000009
03001009
03003009
03004009
03005009
0300000A
0300200A
0300300A
0300400A
0300500A
0300100B
0300200B
0300300B
0300400B
0300500B
0300000C
0300100C
0300200C
0300300C
0300400C
0300000D
0300100D
0300500D
0300000E
0300200E
0300300E
0300400E
0300500E
0300000F
0300100F
0300200F
0300400F
0300500F
03001010
03002010
03004010
03000011
03001011
03003011
03005011
03000012
03002012
03003012
03004012
03005012
03000013
03001013
03002013
03003013
03004013
03005013
03000014
03001014
03002014
03003014
03004014
03001015
03003015
03004015
03005015
03000016
03002016
03003016
03005016
03000017
03001017
03002017
03003017
03004017
03005017
03000018
03001018
03002018
03003018
03004018
03000019
03001019
03003019
03004019
03005019
0300201A
0300401A
0300501A
0300001B
0300101B
0300201B
0300301B
0300401B
0300501B
0300001C
0300101C
0300201C
0300001D
0300101D
0300401D
0300501D
0300001E
0300201E
0300301E
0300401E
0300501E
0300101F
0300201F
0300301F
0300401F
0300501F
03000020
03001020
03002020
03003020
03004020
03000021
03001021
03003021
03005021
03000022
03002022
03003022
03004022
03005022
03000023
03001023
03002023
03003023
03004023
03005023
03001024
03002024
03003024
03004024
03000025
03001025
03003025
03004025
03005025
03000026
03002026
03003026
03004026
03005026
03000027
03001027
03002027
03004027
03005027
03000028
03001028
03002028
03003028
03001029
03004029
03005029
0300002A
0300202A
0300402A
0300502A
0300002B
0300102B
0300202B
0300302B
0300402B
0300502B
0300002C
0300102C
0300202C
0300302C
0300002D
0300102D
0300302D
0300402D
0300502D
0300202E
0300302E
0300402E
0300502E
0300002F
0300102F
0300202F
0300302F
0300402F
0300502F
03000030
03001030
03002030
03003030
03004030
03000031
03001031
03003031
03004031
03005031
03000032
03002032
03003032
03004032
03005032
03001033
03002033
03003033
03005033
03000034
03001034
03002034
03004034
03000035
03001035
03003035
03004035
03005035
03000036
03002036
03005036
03000037
03001037
03002037
03003037
03004037
03005037
03001038
03002038
03003038
03004038
03000039
03001039
03004039
03005039
0300003A
0300203A
0300303A
0300403A
0300503A
0300003B
0300103B
0300203B
0300303B
0300403B
0300503B
0300003C
0300103C
0300203C
0300303C
0300403C
0300103D
0300303D
0300403D
0300503D
0300003E
0300203E
0300303E
0300503E
0300003F
0300103F
0300203F
0300303F
0300503F
03000040
03001040
03002040
03003040
03004040
03000041
03001041
03003041
03004041
03005041
03002042
03004042
03005042
03000043
03001043
03002043
03004043
03005043
03000044
03001044
03002044
03003044
03004044
03000045
03001045
03003045
03004045
03005045
03000046
03002046
03003046
03004046
03005046
03001047
03002047
03003047
03004047
03005047
03000048
03001048
03002048
03003048
03000049
03001049
03003049
03005049
0300004A
0300204A
0300404A
0300504A
0300004B
0300104B
0300204B
0300304B
0300404B
0300504B
0300104C
0300204C
0300304C
0300404C
0300004D
0300104D
0300304D
0300404D
0300504D
0300004E
0300204E
0300404E
0300504E
0300004F
0300104F
0300204F
0300304F
0300404F
0300504F
03000050
03001050
03002050
03003050
03004050
03001051
03003051
03004051
03005051
03000052
03002052
03003052
03005052
03000053
03001053
03002053
03003053
03004053
03005053
03000054
03001054
03002054
03000055
03001055
03003055
03004055
03005055
03002056
03003056
03004056
03005056
03000057
03001057
03002057
03003057
03004057
03005057
03000058
03001058
03002058
03004058
03000059
03001059
03003059
03004059
03005059
0300005A
0300205A
0300305A
0300405A
0300505A
0300105B
0300205B
0300305B
0300405B
0300505B
0300005C
0300105C
0300205C
0300305C
0300405C
0300005D
0300105D
0300505D
0300005E
0300205E
0300305E
0300505E
0300005F
0300105F
0300205F
0300305F
0300405F
0300505F
03001060
03002060
03003060
03004060
03000061
03001061
03003061
03004061
03005061
03000062
03002062
03004062
03005062
03000063
03001063
03002063
03003063
03004063
03005063
03000064
03001064
03002064
03003064
03004064
03001065
03003065
03004065
03005065
03000066
03002066
03003066
03004066
03005066
03000067
03001067
03002067
03005067
03000068
03001068
03002068
03003068
03000069
03001069
03003069
03004069
03005069
0300206A
0300406A
0300506A
0300006B
0300106B
0300206B
0300306B
0300406B
0300506B
0300006C
0300106C
0300206C
0300306C
0300406C
0300006D
0300106D
0300306D
0300406D
0300506D
0300006E
0300206E
0300306E
0300406E
0300506E
0300106F
0300206F
0300306F
0300406F
0300506F
03000070
03001070
03002070
03003070
03004070
03000071
03001071
03005071
03000072
03002072
03003072
03005072
03000073
03001073
03002073
03004073
03005073
03001074
03002074
03003074
03004074
03000075
03001075
03003075
03004075
03005075
03000076
03002076
03003076
03004076
03005076
03000077
03001077
03002077
03003077
03004077
03005077
03000078
03001078
03002078
03003078
03004078
03001079
03004079
03005079
0300007A
0300207A
0300307A
0300407A
0300507A
0300007B
0300107B
0300207B
0300307B
0300507B
0300007C
0300107C
0300207C
0300307C
0300007D
0300107D
0300307D
0300407D
0300507D
0300207E
0300407E
0300507E
0300007F
0300107F
0300207F
0300307F
0300407F
0300507F
03000080
03001080
03002080
03004080
03000081
03001081
03003081
03004081
03005081
03000082
03002082
03003082
03004082
03005082
03001083
03002083
03003083
03004083
03005083
03000084
03001084
03002084
03003084
03004084
03000085
03001085
03003085
03005085
03000086
03002086
03003086
03004086
03005086
03000087
03001087
03002087
03003087
03004087
03005087
03001088
03002088
03000089
03001089
03004089
03005089
0300008A
0300208A
0300308A
0300408A
0300508A
0300008B
0300108B
0300208B
0300308B
0300408B
0300508B
0300008C
0300108C
0300208C
0300308C
0300408C
0300108D
0300308D
0300408D
0300508D
0300008E
0300208E
0300308E
0300408E
0300508E
0300008F
0300108F
0300208F
0300308F
0300408F
0300508F
03000090
03001090
03002090
03004090
03000091
03001091
03003091
03005091
03002092
03003092
03005092
03000093
03001093
03002093
03004093
03005093
03000094
03001094
03002094
03003094
03004094
03000095
03001095
03003095
03004095
03005095
03000096
03002096
03003096
03004096
03005096
03001097
03002097
03003097
03004097
03005097
03000098
03001098
03002098
03003098
03004098
03000099
03001099
03003099
03004099
03005099
0300009A
0300209A
0300409A
0300509A
0300009B
0300109B
0300209B
0300309B
0300509B
0300109C
0300209C
0300409C
0300009D
0300109D
0300309D
0300509D
0300009E
0300209E
0300309E
0300409E
0300509E
0300009F
0300109F
0300209F
0300309F
0300409F
0300509F
030000A0
030010A0
030020A0
030030A0
030040A0
030010A1
030030A1
030040A1
030050A1
030000A2
030020A2
030030A2
030040A2
030050A2
030000A3
030010A3
030020A3
030040A3
030050A3
030000A4
030010A4
030020A4
030030A4
030040A4
030000A5
030010A5
030030A5
030040A5
030050A5
030020A6
030050A6
030000A7
030010A7
030020A7
030030A7
030050A7
030000A8
030010A8
030020A8
030030A8
030040A8
030000A9
030010A9
030030A9
030040A9
030050A9
030000AA
030020AA
030030AA
030040AA
030050AA
030010AB
030020AB
030030AB
030040AB
030050AB
030000AC
030010AC
030020AC
030030AC
030040AC
030000AD
030010AD
030040AD
030050AD
030000AE
030020AE
030030AE
030040AE
030050AE
030000AF
030010AF
030020AF
030040AF
030050AF
030010B0
030020B0
030030B0
030000B1
030010B1
030030B1
030050B1
030000B2
030020B2
030030B2
030040B2
030050B2
030000B3
030010B3
030020B3
030030B3
030040B3
030050B3
030000B4
030010B4
030020B4
030030B4
030040B4
030010B5
030030B5
030040B5
030050B5
030000B6
030020B6
030030B6
030040B6
030050B6
030000B7
030010B7
030020B7
030040B7
030050B7
030000B8
030010B8
030020B8
030030B8
030040B8
030000B9
030010B9
030040B9
030050B9
030020BA
030030BA
030050BA
030000BB
030010BB
030020BB
030030BB
030040BB
030050BB
030000BC
030010BC
030020BC
030030BC
030000BD
030010BD
030030BD
030040BD
030050BD
030000BE
030020BE
030030BE
030040BE
030050BE
030010BF
030020BF
030030BF
030040BF
030050BF
030000C0
030010C0
030020C0
030040C0
030000C1
030010C1
030030C1
030040C1
030050C1
030000C2
030020C2
030030C2
030040C2
030050C2
030000C3
030010C3
030020C3
030040C3
030050C3
030010C4
030020C4
030030C4
030040C4
030000C5
030010C5
030030C5
030050C5
030000C6
030020C6
030030C6
030050C6
030000C7
030010C7
030020C7
030030C7
030040C7
030050C7
010000C8
03000001
03001001
03002001
03003001
03005001
03000002
03001002
03004002
03002003
03003003
03004003
03005003
02001000
03000004
03003004
03004004
03001005
03002005
03005005
03000006
03001006
03003006
03004006
03000007
03002007
03005007
03003008
03004008
03000009
03001009
03002009
03003009
03004009
03005009
0300100A
0300300A
0300000B
0300200B
0300400B
0300500B
0300000C
0300100C
0300400C
0300200D
0300300D
0300500D
0300000E
0300100E
0300300E
0300400E
0300000F
0300200F
0300300F
0300500F
03001010
03004010
03002011
03003011
03004011
03005011
03000012
03001012
03004012
03000013
03002013
03003013
03005013
03000014
03001014
03004014
03001015
03002015
03003015
03004015
03005015
03003016
03000017
03002017
03005017
03000018
03001018
03003018
03004018
03005018
03000019
03001019
03002019
03003019
03004019
0300401A
0300501A
0300001B
0300101B
0300201B
0300301B
0300501B
0300401C
0300001D
0300101D
0300201D
0300301D
0300401D
0300501D
0300001E
0300101E
0300201E
0300301E
0300501F
03000020
03002020
03003020
03004020
03001021
03002021
03004021
03005021
03000022
03001022
03003022
03004022
03000023
03002023
03003023
03005023
03004024
03000025
03001025
03002025
03003025
03005025
03001026
03003026
03004026
03000027
03002027
03004027
03005027
03000028
03001028
03002029
03003029
03005029
0300002A
0300102A
0300302A
0300402A
0300102B
0300202B
0300302B
0300402B
0300502B
0300002C
0300402C
0300002D
0300202D
0300302D
0300402D
0300502D
0300102E
0300002F
0300102F
0300202F
0300302F
0300502F
03000030
03003030
03004030
03001031
03002031
03004031
03005031
03003032
03000033
03001033
03002033
03004033
03005033
03000034
03001034
03003034
03004034
03000035
03002035
03003035
03005035
03004036
03001037
03002037
03003037
03005037
03000038
03001038
03004038
03000039
03002039
03003039
03004039
03005039
0300003A
0300303A
0300403A
0300103B
0300203B
0300303B
0300503B
0300003C
0300103C
0300403C
0300203D
0300503D
0300003E
0300303E
0300403E
0300003F
0300103F
0300203F
0300303F
0300403F
0300503F
03001040
03003040
03000041
03002041
03004041
03005041
03000042
03001042
03004042
03002043
03003043
03005043
03000044
03001044
03003044
03004044
03001045
03002045
03003045
03004045
03005045
03000046
03000047
03002047
03003047
03004047
03005047
03001048
03004048
03000049
03001049
03002049
03003049
03005049
0300304A
0300404A
0300004B
0300204B
0300404B
0300504B
0300004C
0300104C
0300304C
0300504C
0300104D
0300204D
0300004E
0300304E
0300404E
0300504E
0300004F
0300104F
0300204F
0300304F
0300404F
03003050
03004050
03005050
03000051
03001051
03002051
03001052
03002052
03004052
03005052
03000053
03003053
03004053
03000054
03002054
03003054
03005054
03001055
03002055
03000056
03001056
03003056
03004056
03005056
03003057
03004057
03000058
03002058
03003058
03004058
03005058
03000059
03001059
0300105A
0300205A
0300505A
0300005B
0300305B
0300405B
0300005C
0300105C
0300205C
0300305C
0300405C
0300505C
0300305D
0300405D
0300005E
0300105E
0300205E
0300505E
0300105F
0300305F
0300405F
03000060
03002060
03005060
03000061
03003061
03004061
03001062
03002062
03003062
03004062
03005062
03000063
03001063
03002064
03003064
03004064
03005064
03000065
03000066
03001066
03002066
03003066
03004066
03005066
03001067
03003067
03004067
03000068
03002068
03005068
03000069
03003069
03004069
0300106A
0300206A
0300306A
0300406A
0300506A
0300006B
0300106B
0300206C
0300306C
0300406C
0300506C
0300006D
0300106D
0300306D
0300006E
0300206E
0300406E
0300506E
0300106F
0300406F
03000070
03002070
03003070
03004070
03005070
03001071
03003071
03000072
03002072
03003072
03005072
03000073
03001073
03004073
03002074
03003074
03004074
03005074
03000075
03001075
03004075
03000076
03002076
03003076
03004076
03005076
03001077
03003077
03000078
03002078
03005078
03001079
03003079
03004079
0300007A
0300207A
0300407A
0300507A
0300007B
0300107B
0300307B
0300407B
0300207C
0300307C
0300507C
0300007D
0300107D
0300307D
0300407D
0300207E
0300507E
0300007F
0300107F
0300407F
0300507F
03000080
03002080
03003080
03004080
03001081
03003081
03005081
03000082
03002082
03003082
03004082
03005082
03000083
03001083
03004083
03002084
03000085
03001085
03002085
03003085
03004085
03005085
03003086
03000087
03001087
03002087
03003087
03004087
03005087
03000088
03002088
03004088
03001089
03003089
03005089
0300008A
0300208A
0300408A
0300108B
0300308B
0300408B
0300508B
0300008C
0300208C
0300008D
0300108D
0300308D
0300508D
0300108E
0300208E
0300308E
0300408E
0300008F
0300308F
0300408F
0300508F
03000090
03002090
03004090
03001091
03003091
03005091
03001092
03002092
03004092
03000093
03003093
03004093
03005093
03000094
03001094
03002094
03000095
03003095
03005095
03001096
03002096
03004096
03001097
03003097
03004097
03005097
03000098
03002098
03003098
03004098
03000099
03001099
03003099
03005099
0300009A
0300209A
0300409A
0300109B
0300309B
0300509B
0300009C
0300209C
0300409C
0300109D
0300309D
0300409D
0300509D
0300009E
0300209E
0300309E
0300009F
0300109F
0300409F
0300509F
030020A0
030040A0
030000A1
030010A1
030030A1
030050A1
030010A2
030020A2
030030A2
030040A2
030000A3
030030A3
030050A3
030000A4
030020A4
030040A4
030010A5
030030A5
030040A5
030050A5
030000A6
030010A6
030020A6
030040A6
030030A7
030050A7
030000A8
030010A8
030020A8
030030A8
030040A8
030000A9
030050A9
030010AA
030020AA
030030AA
030040AA
030000AB
030010AB
030040AB
030050AB
030020AC
030030AC
030040AC
030000AD
030010AD
030030AD
030050AD
030000AE
030020AE
030030AE
030010AF
030040AF
030050AF
030000B0
030010B0
030020B0
030040B0
030000B1
030030B1
030040B1
030050B1
030020B2
030030B2
030040B2
030010B3
030030B3
030050B3
030000B4
030010B4
030020B4
030050B4
030000B5
030030B5
030040B5
030000B6
030020B6
030040B6
030050B6
030010B7
030030B7
030050B7
030010B8
030020B8
030040B8
030000B9
030020B9
030030B9
030040B9
030000BA
030010BA
030030BA
030050BA
030000BB
030020BB
030040BB
030010BC
030020BC
030030BC
030040BC
030050BC
030000BD
030010BD
030030BD
030030BE
030040BE
030050BE
030000BF
030020BF
030000C0
030010C0
030040C0
030050C0
030000C1
030010C1
030020C1
030030C1
030030C2
030040C2
030050C2
030020C3
030030C3
030040C3
030000C4
030010C4
030040C4
030050C4
030000C5
030010C5
030020C5
030000C6
030030C6
030040C6
030050C6
030010C7
030020C7
030030C7
010000C8
03001000
03002000
03005000
03000001
03003001
03004001
03000002
03001002
03002002
03003002
03004002
03005002
03003003
03004003
02001000
03000004
03001004
03002004
03005004
03001005
03003005
03004005
03000006
03002006
03005006
03000007
03003007
03004007
03001008
03002008
03003008
03004008
03005008
03000009
03001009
0300200A
0300300A
0300400A
0300500A
0300000B
0300000C
0300100C
0300200C
0300300C
0300400C
0300500C
0300100D
0300300D
0300400D
0300000E
0300200E
0300500E
0300000F
0300300F
0300400F
03001010
03002010
03003010
03004010
03005010
03000011
03001011
03002012
03003012
03004012
03005012
03000013
03001013
03003013
03000014
03002014
03004014
03005014
03001015
03004015
03000016
03002016
03003016
03004016
03005016
03001017
03003017
03000018
03002018
03003018
03005018
03000019
03001019
03004019
0300201A
0300301A
0300401A
0300501A
0300001B
0300101B
0300401B
0300001C
0300201C
0300301C
0300401C
0300501C
0300101D
0300301D
0300001E
0300201E
0300501E
0300101F
0300301F
0300401F
03000020
03002020
03004020
03005020
03000021
03001021
03003021
03004021
03002022
03003022
03005022
03000023
03001023
03003023
03004023
03002024
03005024
03000025
03001025
03004025
03005025
03000026
03002026
03003026
03004026
03001027
03003027
03005027
03000028
03002028
03003028
03004028
03005028
03000029
03001029
03004029
0300202A
0300002B
0300102B
0300202B
0300302B
0300402B
0300502B
0300302C
0300002D
0300102D
0300202D
0300302D
0300402D
0300502D
0300002E
0300202E
0300402E
0300102F
0300302F
0300502F
03000030
03002030
03004030
03001031
03003031
03004031
03005031
03000032
03002032
03000033
03001033
03003033
03005033
03001034
03002034
03003034
03004034
03000035
03003035
03004035
03005035
03000036
03002036
03004036
03001037
03003037
03005037
03001038
03002038
03004038
03000039
03003039
03004039
03005039
0300003A
0300103A
0300203A
0300003B
0300303B
0300503B
0300103C
0300203C
0300403C
0300103D
0300303D
0300403D
0300503D
0300003E
0300203E
0300303E
0300403E
0300003F
0300103F
0300303F
0300503F
03000040
03002040
03004040
03001041
03003041
03005041
03000042
03002042
03004042
03001043
03003043
03004043
03005043
03000044
03002044
03003044
03000045
03001045
03004045
03005045
03002046
03004046
03000047
03001047
03003047
03005047
03001048
03002048
03003048
03004048
03000049
03003049
03005049
0300004A
0300204A
0300404A
0300104B
0300304B
0300404B
0300504B
0300004C
0300104C
0300204C
0300404C
0300304D
0300504D
0300004E
0300104E
0300204E
0300304E
0300404E
0300004F
0300504F
03001050
03002050
03003050
03004050
03000051
03001051
03004051
03005051
03002052
03003052
03004052
03000053
03001053
03003053
03005053
03000054
03002054
03003054
03001055
03004055
03005055
03000056
03001056
03002056
03004056
03000057
03003057
03004057
03005057
03002058
03003058
03004058
03001059
03003059
03005059
0300005A
0300105A
0300205A
0300505A
0300005B
0300305B
0300405B
0300005C
0300205C
0300405C
0300505C
0300105D
0300305D
0300505D
0300105E
0300205E
0300405E
0300005F
0300205F
0300305F
0300405F
03000060
03001060
03003060
03005060
03000061
03002061
03004061
03001062
03002062
03003062
03004062
03005062
03000063
03001063
03003063
03003064
03004064
03005064
03000065
03002065
03000066
03001066
03004066
03005066
03000067
03001067
03002067
03003067
03003068
03004068
03005068
03002069
03003069
03004069
0300006A
0300106A
0300406A
0300506A
0300006B
0300106B
0300206B
0300006C
0300306C
0300406C
0300506C
0300106D
0300206D
0300306D
0300306E
0300506E
0300006F
0300106F
0300206F
0300406F
03000070
03001070
03003070
03004070
03005070
03000071
03002071
03004071
03003072
03004072
03005072
03000073
03001073
03002073
03001074
03003074
03004074
03005074
03000075
03002075
03003075
03000076
03003076
03005076
03000077
03001077
03002077
03004077
03001078
03003078
03004078
03005078
03002079
03004079
0300007A
0300107A
0300307A
0300507A
0300007B
0300207B
0300307B
0300407B
0300007C
0300107C
0300407C
0300507C
0300107D
0300207D
0300307D
0300407E
0300507E
0300007F
0300207F
0300407F
03000080
03001080
03003080
03005080
03000081
03001081
03002081
03003081
03003082
03004082
03005082
03002083
03003083
03004083
03000084
03001084
03003084
03004084
03005084
03000085
03001085
03002085
03004085
03000086
03005086
03001087
03002087
03003087
03004087
03005088
03000089
03001089
03002089
03003089
03004089
0300008A
0300108A
0300308A
0300508A
0300008B
0300208B
0300408B
0300308C
0300408C
0300508C
0300108D
0300208D
0300408D
0300008E
0300108E
0300308E
0300508E
0300008F
0300208F
0300308F
0300408F
0300508F
03000090
03003090
03001091
03002091
03004091
03005091
03001092
03002092
03003092
03004092
03005092
03000093
03000094
03001094
03002094
03003094
03004094
03000095
03002095
03005095
03001096
03003096
03004096
03000097
03001097
03002097
03003097
03004097
03005097
03004098
03000099
03002099
03003099
03005099
0300009A
0300109A
0300309A
0300109B
0300209B
0300409B
0300509B
0300009C
0300309C
0300409C
0300009D
0300209D
0300509D
0300109E
0300309E
0300409E
0300109F
0300209F
0300309F
0300409F
0300509F
030000A0
030040A0
030000A1
030010A1
030020A1
030030A1
030050A1
030000A2
030010A3
030020A3
030030A3
030040A3
030050A3
030010A4
030030A4
030040A4
030000A5
030020A5
030050A5
030000A6
030030A6
030040A6
030000A7
030010A7
030020A7
030030A7
030040A7
030050A7
030010A8
030040A8
030000A9
030020A9
030030A9
030050A9
030000AB
030010AB
030020AB
030030AB
030040AB
030050AB
030000AC
030010AC
030040AC
030000AD
030020AD
030030AD
030050AD
030010AE
030030AE
030040AE
030020AF
030030AF
030040AF
030050AF
030000B0
030010B0
030040B0
030000B1
030010B1
030020B1
030030B1
030050B1
030000B2
030040B2
030020B3
030030B3
030050B3
030010B4
030030B4
030040B4
030000B5
030010B5
030020B5
030040B5
030050B5
030000B6
030000B7
030020B7
030030B7
030040B7
030050B7
030010B8
030030B8
030040B8
030000B9
030010B9
030020B9
030030B9
030050B9
030030BA
030040BA
030000BB
030010BB
030020BB
030040BB
030050BB
030000BC
030030BC
030010BD
030020BD
030040BD
030050BD
030000BE
030040BE
030000BF
030010BF
030020BF
030030BF
030050BF
030030C0
030040C0
030010C1
030020C1
030030C1
030050C1
030000C2
030030C2
030040C2
030000C3
030010C3
030020C3
030040C3
030050C3
030000C4
030050C4
030010C5
030020C5
030030C5
030040C5
030020C6
030030C6
030040C6
030050C6
030000C7
030010C7
030030C7
010000C8
03002000
03004000
03005000
03000001
03001001
03002001
03003001
03004001
03005001
03000002
03001002
03002002
03003002
03000003
03001003
03003003
03004003
03005003
02000000
03000004
03002004
03003004
03004004
03005004
03001005
03002005
03004005
03005005
03000006
03001006
03002006
03003006
03004006
03000007
03001007
03003007
03004007
03005007
03000008
03002008
03003008
03004008
03005008
03000009
03001009
03002009
03003009
03004009
03005009
0300100A
0300200A
0300300A
0300000B
0300100B
0300500B
0300000C
0300200C
0300300C
0300400C
0300500C
0300000D
0300100D
0300200D
0300300D
0300400D
0300500D
0300000E
0300100E
0300200E
0300400E
0300100F
0300300F
0300400F
0300500F
03000010
03002010
03003010
03004010
03005010
03000011
03001011
03002011
03003011
03004011
03005011
03000012
03001012
03002012
03003012
03004012
03000013
03001013
03003013
03005013
03002014
03003014
03004014
03005014
03000015
03001015
03002015
03004015
03005015
03000016
03001016
03002016
03003016
03000017
03001017
03004017
03005017
03000018
03002018
03003018
03004018
03005018
03001019
03002019
03003019
03004019
03005019
0300001A
0300101A
0300201A
0300301A
0300401A
0300001B
0300101B
0300301B
0300401B
0300501B
0300001C
0300201C
0300301C
0300401C
0300501C
0300001D
0300101D
0300201D
0300301D
0300401D
0300501D
0300101E
0300201E
0300301E
0300001F
0300101F
0300501F
03000020
03002020
03004020
03005020
03000021
03001021
03002021
03003021
03004021
03005021
03000022
03001022
03002022
03003022
03004022
03001023
03003023
03004023
03005023
03000024
03002024
03003024
03004024
03005024
03000025
03001025
03002025
03003025
03004025
03005025
03000026
03001026
03002026
03003026
03004026
03000027
03001027
03005027
03002028
03003028
03004028
03005028
03000029
03001029
03002029
03003029
03004029
03005029
0300002A
0300102A
0300202A
0300302A
0300002B
0300102B
0300402B
0300502B
0300002C
0300202C
0300302C
0300402C
0300502C
0300102D
0300202D
0300302D
0300402D
0300502D
0300002E
0300102E
0300202E
0300302E
0300402E
0300002F
0300102F
0300302F
0300402F
0300502F
03000030
03002030
03004030
03005030
03000031
03001031
03002031
03003031
03004031
03005031
03001032
03002032
03000033
03001033
03003033
03004033
03005033
03000034
03002034
03003034
03004034
03005034
03000035
03001035
03002035
03003035
03005035
03000036
03001036
03002036
03003036
03004036
03001037
03003037
03004037
03005037
03000038
03002038
03003038
03004038
03005038
03000039
03001039
03002039
03003039
03004039
03005039
0300003A
0300103A
0300203A
0300403A
0300003B
0300103B
0300303B
0300403B
0300503B
0300203C
0300403C
0300503C
0300003D
0300103D
0300203D
0300303D
0300503D
0300003E
0300103E
0300203E
0300303E
0300003F
0300103F
0300303F
0300403F
0300503F
03000040
03002040
03004040
03005040
03001041
03002041
03003041
03004041
03005041
03000042
03001042
03002042
03003042
03004042
03000043
03001043
03003043
03004043
03005043
03000044
03002044
03003044
03004044
03005044
03000045
03001045
03002045
03003045
03004045
03005045
03001046
03002046
03003046
03004046
03000047
03001047
03003047
03005047
03000048
03002048
03004048
03005048
03000049
03001049
03002049
03005049
0300004A
0300104A
0300204A
0300304A
0300404A
0300104B
0300304B
0300404B
0300504B
0300004C
0300204C
0300304C
0300404C
0300504C
0300004D
0300104D
0300204D
0300304D
0300404D
0300504D
0300004E
0300104E
0300204E
0300304E
0300404E
0300004F
0300104F
0300404F
0300504F
03002050
03003050
03004050
03005050
03000051
03001051
03002051
03003051
03004051
03005051
03000052
03001052
03002052
03003052
03000053
03001053
03003053
03005053
03000054
03002054
03003054
03004054
03005054
03001055
03002055
03004055
03005055
03000056
03001056
03002056
03003056
03004056
03000057
03001057
03004057
03005057
03000058
03002058
03003058
03004058
03005058
03000059
03001059
03002059
03003059
03004059
03005059
0300105A
0300205A
0300305A
0300405A
0300005B
0300105B
0300305B
0300405B
0300505B
0300005C
0300205C
0300305C
0300505C
0300005D
0300105D
0300205D
0300305D
0300405D
0300505D
0300005E
0300105E
0300205E
0300305E
0300105F
0300405F
0300505F
03000060
03002060
03004060
03005060
03000061
03001061
03002061
03003061
03004061
03005061
03000062
03001062
03002062
03003062
03004062
03000063
03001063
03003063
03004063
03005063
03002064
03003064
03004064
03005064
03000065
03001065
03002065
03003065
03004065
03005065
03000066
03001066
03002066
03003066
03004066
03000067
03001067
03003067
03005067
03000068
03002068
03004068
03005068
03001069
03002069
03003069
03005069
0300006A
0300106A
0300206A
0300306A
0300406A
0300006B
0300106B
0300406B
0300506B
0300006C
0300206C
0300306C
0300406C
0300506C
0300006D
0300106D
0300206D
0300306D
0300406D
0300506D
0300106E
0300206E
0300306E
0300406E
0300006F
0300106F
0300306F
0300406F
0300506F
03000070
03002070
03003070
03004070
03005070
03000071
03001071
03002071
03005071
03000072
03001072
03002072
03003072
03004072
03001073
03003073
03004073
03005073
03000074
03002074
03003074
03005074
03000075
03001075
03002075
03004075
03005075
03000076
03001076
03002076
03003076
03004076
03000077
03001077
03003077
03004077
03005077
03002078
03003078
03004078
03005078
03000079
03001079
03002079
03003079
03004079
03005079
0300007A
0300107A
0300207A
0300307A
0300407A
0300007B
0300107B
0300507B
0300007C
0300207C
0300307C
0300407C
0300507C
0300107D
0300207D
0300307D
0300407D
0300507D
0300007E
0300107E
0300207E
0300407E
0300007F
0300107F
0300307F
0300507F
03000080
03002080
03003080
03004080
03005080
03000081
03001081
03002081
03003081
03004081
03005081
03001082
03002082
03003082
03004082
03000083
03001083
03003083
03004083
03005083
03000084
03002084
03004084
03005084
03000085
03001085
03002085
03003085
03005085
03000086
03001086
03002086
03003086
03004086
03001087
03003087
03004087
03005087
03000088
03002088
03003088
03004088
03005088
03000089
03001089
03002089
03005089
0300008A
0300108A
0300208A
0300308A
0300408A
0300008B
0300108B
0300408B
0300508B
0300208C
0300308C
0300408C
0300508C
0300008D
0300108D
0300208D
0300308D
0300408D
0300508D
0300008E
0300108E
0300208E
0300308E
0300408E
0300008F
0300108F
0300308F
0300508F
03000090
03002090
03003090
03004090
03005090
03001091
03002091
03003091
03004091
03005091
03000092
03001092
03002092
03003092
03004092
03000093
03001093
03004093
03005093
03000094
03002094
03003094
03005094
03000095
03001095
03002095
03004095
03005095
03001096
03002096
03003096
03004096
03000097
03001097
03003097
03004097
03005097
03000098
03002098
03003098
03004098
03005098
03000099
03001099
03002099
03003099
03004099
03005099
0300009A
0300109A
0300209A
0300409A
0300109B
0300309B
0300509B
0300009C
0300209C
0300309C
0300409C
0300509C
0300009D
0300109D
0300209D
0300309D
0300509D
0300009E
0300109E
0300209E
0300309E
0300409E
0300009F
0300109F
0300309F
0300409F
0300509F
030020A0
030040A0
030050A0
030000A1
030010A1
030020A1
030030A1
030040A1
030050A1
030000A2
030010A2
030020A2
030030A2
030040A2
030000A3
030010A3
030040A3
030050A3
030000A4
030020A4
030030A4
030040A4
030050A4
030010A5
030020A5
030030A5
030050A5
030000A6
030010A6
030020A6
030030A6
030040A6
030000A7
030010A7
030030A7
030050A7
030000A8
030020A8
030030A8
030040A8
030050A8
030000A9
030010A9
030020A9
030040A9
030050A9
030010AA
030020AA
030030AA
030040AA
030000AB
030010AB
030030AB
030040AB
030050AB
030000AC
030020AC
030040AC
030050AC
030000AD
030010AD
030020AD
030030AD
030040AD
030050AD
030000AE
030010AE
030020AE
030030AE
030040AE
030010AF
030030AF
030040AF
030050AF
030000B0
030020B0
030030B0
030050B0
030000B1
030010B1
030020B1
030030B1
030040B1
030050B1
030000B2
030010B2
030020B2
030030B2
030000B3
030010B3
030040B3
030050B3
030020B4
030030B4
030040B4
030050B4
030000B5
030010B5
030020B5
030040B5
030050B5
030000B6
030010B6
030020B6
030030B6
030040B6
030000B7
030010B7
030030B7
030040B7
030050B7
030000B8
030020B8
030030B8
030040B8
030050B8
030010B9
030020B9
030030B9
030040B9
030050B9
030000BA
030010BA
030020BA
030030BA
030040BA
030000BB
030010BB
030030BB
030050BB
030000BC
030020BC
030050BC
030000BD
030010BD
030020BD
030030BD
030040BD
030050BD
030010BE
030020BE
030030BE
030040BE
030000BF
030010BF
030040BF
030050BF
030000C0
030020C0
030030C0
030040C0
030050C0
030000C1
030010C1
030020C1
030030C1
030040C1
030050C1
030000C2
030010C2
030020C2
030030C2
030040C2
030010C3
030030C3
030040C3
030050C3
030000C4
030020C4
030030C4
030040C4
030050C4
030000C5
030010C5
030020C5
030030C5
030050C5
030000C6
030010C6
030020C6
030040C6
030000C7
030010C7
030030C7
030050C7
010000C8
03001000
03000001
03002001
03003001
03004001
03005001
03000002
03001002
03002003
03003003
03004003
03005003
02001000
03000004
03001004
03003004
03004004
03000005
03001005
03002005
03005005
03003006
03004006
03000007
03002007
03003007
03005007
03001008
03004008
03000009
03001009
03002009
03003009
03004009
03005009
0300000A
0300400A
0300200B
0300300B
0300500B
0300000C
0300100C
0300300C
0300100D
0300200D
0300400D
0300500D
0300000E
0300300E
0300400E
0300000F
0300100F
0300200F
0300300F
0300400F
0300500F
03000011
03001011
03002011
03003011
03005011
03000012
03001012
03004012
03002013
03003013
03004013
03005013
03000014
03003014
03004014
03001015
03002015
03005015
03000016
03001016
03003016
03004016
03000017
03002017
03005017
03003018
03004018
03000019
03001019
03002019
03003019
03004019
03005019
0300101A
0300301A
0300001B
0300201B
0300401B
0300501B
0300001C
0300101C
0300401C
0300201D
0300301D
0300501D
0300001E
0300101E
0300301E
0300401E
0300001F
0300201F
0300301F
0300501F
03001020
03004020
03002021
03003021
03004021
03005021
03000022
03001022
03004022
03000023
03002023
03003023
03005023
03000024
03001024
03004024
03001025
03002025
03003025
03004025
03005025
03003026
03000027
03002027
03005027
03000028
03001028
03003028
03004028
03005028
03000029
03001029
03002029
03003029
03004029
0300402A
0300502A
0300002B
0300102B
0300202B
0300302B
0300502B
0300402C
0300002D
0300102D
0300202D
0300302D
0300402D
0300502D
0300002E
0300102E
0300202E
0300302E
0300502F
03000030
03002030
03003030
03004030
03001031
03002031
03004031
03005031
03000032
03001032
03003032
03004032
03000033
03002033
03003033
03005033
03004034
03000035
03001035
03002035
03003035
03005035
03001036
03003036
03004036
03000037
03002037
03004037
03005037
03000038
03001038
03002039
03003039
03005039
0300003A
0300103A
0300303A
0300403A
0300103B
0300203B
0300303B
0300403B
0300503B
0300003C
0300403C
0300003D
0300203D
0300303D
0300403D
0300503D
0300103E
0300003F
0300103F
0300203F
0300303F
0300503F
03000040
03003040
03004040
03001041
03002041
03004041
03005041
03003042
03000043
03001043
03002043
03004043
03005043
03000044
03001044
03003044
03004044
03000045
03002045
03003045
03005045
03004046
03001047
03002047
03003047
03005047
03000048
03001048
03004048
03000049
03002049
03003049
03004049
03005049
0300004A
0300304A
0300404A
0300104B
0300204B
0300304B
0300504B
0300004C
0300104C
0300404C
0300204D
0300504D
0300004E
0300304E
0300404E
0300004F
0300104F
0300204F
0300304F
0300404F
0300504F
03001050
03003050
03000051
03002051
03004051
03005051
03000052
03001052
03004052
03002053
03003053
03005053
03000054
03001054
03003054
03004054
03001055
03002055
03003055
03004055
03005055
03000056
03000057
03002057
03003057
03004057
03005057
03001058
03004058
03000059
03001059
03002059
03003059
03005059
0300305A
0300405A
0300005B
0300205B
0300405B
0300505B
0300005C
0300105C
0300305C
0300505C
0300105D
0300205D
0300005E
0300305E
0300405E
0300505E
0300005F
0300105F
0300205F
0300305F
0300405F
03003060
03004060
03005060
03000061
03001061
03002061
03001062
03002062
03004062
03005062
03000063
03003063
03004063
03000064
03002064
03003064
03005064
03001065
03002065
03000066
03001066
03003066
03004066
03005066
03003067
03004067
03000068
03002068
03003068
03004068
03005068
03000069
03001069
0300106A
0300206A
0300506A
0300006B
0300306B
0300406B
0300006C
0300106C
0300206C
0300306C
0300406C
0300506C
0300306D
0300406D
0300006E
0300106E
0300206E
0300506E
0300106F
0300306F
0300406F
03000070
03002070
03005070
03000071
03003071
03004071
03001072
03002072
03003072
03004072
03005072
03000073
03001073
03002074
03003074
03004074
03005074
03000075
03000076
03001076
03002076
03003076
03004076
03005076
03001077
03003077
03004077
03000078
03002078
03005078
03000079
03003079
03004079
0300107A
0300207A
0300307A
0300407A
0300507A
0300007B
0300107B
0300207C
0300307C
0300407C
0300507C
0300007D
0300107D
0300307D
0300007E
0300207E
0300407E
0300507E
0300107F
0300407F
03000080
03002080
03003080
03004080
03005080
03001081
03003081
03000082
03002082
03003082
03005082
03000083
03001083
03004083
03002084
03003084
03004084
03005084
03000085
03001085
03004085
03000086
03002086
03003086
03004086
03005086
03001087
03003087
03000088
03002088
03005088
03001089
03003089
03004089
0300008A
0300208A
0300408A
0300508A
0300008B
0300108B
0300308B
0300408B
0300208C
0300308C
0300508C
0300008D
0300108D
0300308D
0300408D
0300208E
0300508E
0300008F
0300108F
0300408F
0300508F
03000090
03002090
03003090
03004090
03001091
03003091
03005091
03000092
03002092
03003092
03004092
03005092
03000093
03001093
03004093
03002094
03000095
03001095
03002095
03003095
03004095
03005095
03003096
03000097
03001097
03002097
03003097
03004097
03005097
03000098
03002098
03004098
03001099
03003099
03005099
0300009A
0300209A
0300409A
0300109B
0300309B
0300409B
0300509B
0300009C
0300209C
0300009D
0300109D
0300309D
0300509D
0300109E
0300209E
0300309E
0300409E
0300009F
0300309F
0300409F
0300509F
030000A0
030020A0
030040A0
030010A1
030030A1
030050A1
030010A2
030020A2
030040A2
030000A3
030030A3
030040A3
030050A3
030000A4
030010A4
030020A4
030000A5
030030A5
030050A5
030010A6
030020A6
030040A6
030010A7
030030A7
030040A7
030050A7
030000A8
030020A8
030030A8
030040A8
030000A9
030010A9
030030A9
030050A9
030000AA
030020AA
030040AA
030010AB
030030AB
030050AB
030000AC
030020AC
030040AC
030010AD
030030AD
030040AD
030050AD
030000AE
030020AE
030030AE
030000AF
030010AF
030040AF
030050AF
030020B0
030040B0
030000B1
030010B1
030030B1
030050B1
030010B2
030020B2
030030B2
030040B2
030000B3
030030B3
030050B3
030000B4
030020B4
030040B4
030010B5
030030B5
030040B5
030050B5
030000B6
030010B6
030020B6
030040B6
030030B7
030050B7
030000B8
030010B8
030020B8
030030B8
030040B8
030000B9
030050B9
030010BA
030020BA
030030BA
030040BA
030000BB
030010BB
030040BB
030050BB
030020BC
030030BC
030040BC
030000BD
030010BD
030030BD
030050BD
030000BE
030020BE
030030BE
030010BF
030040BF
030050BF
030000C0
030010C0
030020C0
030040C0
030000C1
030030C1
030040C1
030050C1
030020C2
030030C2
030040C2
030010C3
030030C3
030050C3
030000C4
030010C4
030020C4
030050C4
030000C5
030030C5
030040C5
030000C6
030020C6
030040C6
030050C6
030010C7
030030C7
030050C7
010000C8
03000000
03002000
03004000
03005000
03000001
03001001
03002001
03003001
03005001
03000002
03001002
03002002
03003002
03004002
03000003
03001003
03003003
03004003
03005003
02000000
03002004
03003004
03004004
03005004
03000005
03001005
03002005
03004005
03005005
03000006
03001006
03002006
03003006
03004006
03000007
03001007
03003007
03005007
03000008
03002008
03003008
03004008
03005008
03001009
03002009
03003009
03004009
03005009
0300000A
0300100A
0300200A
0300300A
0300400A
0300000B
0300100B
0300400B
0300500B
0300000C
0300200C
0300300C
0300500C
0300000D
0300100D
0300200D
0300400D
0300500D
0300100E
0300200E
0300300E
0300400E
0300000F
0300100F
0300300F
0300400F
0300500F
03000010
03002010
03003010
03004010
03005010
03000011
03001011
03002011
03003011
03005011
03000012
03001012
03002012
03003012
03004012
03001013
03003013
03004013
03005013
03000014
03002014
03003014
03004014
03005014
03000015
03001015
03002015
03004015
03005015
03000016
03001016
03002016
03003016
03004016
03000017
03001017
03005017
03002018
03003018
03004018
03005018
03000019
03001019
03002019
03003019
03004019
03005019
0300001A
0300101A
0300201A
0300301A
0300401A
0300001B
0300101B
0300301B
0300501B
0300001C
0300201C
0300301C
0300401C
0300501C
0300101D
0300201D
0300401D
0300501D
0300001E
0300101E
0300201E
0300301E
0300401E
0300001F
0300101F
0300301F
0300401F
0300501F
03000020
03002020
03003020
03004020
03005020
03000021
03001021
03002021
03003021
03004021
03005021
03001022
03002022
03000023
03001023
03003023
03004023
03005023
03000024
03002024
03003024
03005024
03000025
03001025
03002025
03004025
03005025
03000026
03001026
03002026
03003026
03004026
03001027
03003027
03004027
03005027
03000028
03002028
03003028
03004028
03005028
03000029
03001029
03002029
03003029
03004029
03005029
0300002A
0300102A
0300202A
0300302A
0300402A
0300002B
0300102B
0300302B
0300402B
0300502B
0300202C
0300502C
0300002D
0300102D
0300202D
0300402D
0300502D
0300002E
0300102E
0300202E
0300302E
0300402E
0300002F
0300102F
0300302F
0300502F
03000030
03002030
03003030
03004030
03005030
03001031
03002031
03003031
03004031
03005031
03000032
03001032
03002032
03003032
03004032
03000033
03001033
03003033
03004033
03005033
03000034
03002034
03003034
03004034
03005034
03000035
03001035
03002035
03004035
03005035
03001036
03002036
03004036
03000037
03001037
03003037
03005037
03000038
03002038
03003038
03004038
03005038
03000039
03001039
03002039
03003039
03004039
03005039
0300003A
0300103A
0300203A
0300303A
0300103B
0300303B
0300403B
0300503B
0300003C
0300203C
0300303C
0300403C
0300503C
0300003D
0300103D
0300203D
0300303D
0300403D
0300503D
0300003E
0300103E
0300203E
0300403E
0300003F
0300103F
0300403F
0300503F
03002040
03003040
03004040
03005040
03000041
03001041
03002041
03003041
03004041
03005041
03000042
03001042
03002042
03003042
03000043
03001043
03003043
03004043
03005043
03000044
03002044
03003044
03005044
03001045
03002045
03003045
03004045
03005045
03000046
03001046
03002046
03003046
03004046
03000047
03001047
03004047
03005047
03000048
03002048
03003048
03004048
03005048
03000049
03001049
03002049
03004049
03005049
0300104A
0300204A
0300304A
0300404A
0300004B
0300104B
0300304B
0300404B
0300504B
0300004C
0300204C
0300304C
0300404C
0300504C
0300004D
0300104D
0300204D
0300304D
0300504D
0300004E
0300104E
0300204E
0300304E
0300104F
0300304F
0300404F
0300504F
03000050
03002050
03004050
03005050
03000051
03001051
03002051
03003051
03004051
03005051
03000052
03001052
03002052
03003052
03004052
03000053
03001053
03004053
03005053
03002054
03003054
03004054
03005054
03000055
03001055
03002055
03003055
03004055
03005055
03000056
03001056
03002056
03003056
03004056
03000057
03001057
03003057
03005057
03000058
03002058
03003058
03004058
03005058
03001059
03002059
03003059
03004059
03005059
0300005A
0300105A
0300205A
0300005B
0300105B
0300405B
0300505B
0300005C
0300205C
0300305C
0300405C
0300505C
0300005D
0300105D
0300205D
0300305D
0300405D
0300505D
0300105E
0300205E
0300305E
0300405E
0300005F
0300105F
0300305F
0300405F
0300505F
03000060
03002060
03003060
03004060
03005060
03000061
03001061
03002061
03003061
03004061
03005061
03000062
03001062
03002062
03003062
03001063
03003063
03004063
03005063
03000064
03002064
03004064
03005064
03000065
03001065
03002065
03005065
03000066
03001066
03002066
03003066
03004066
03000067
03001067
03003067
03004067
03005067
03002068
03003068
03004068
03005068
03000069
03001069
03002069
03003069
03004069
03005069
0300006A
0300106A
0300206A
0300306A
0300406A
0300006B
0300106B
0300306B
0300406B
0300506B
0300006C
0300206C
0300506C
0300106D
0300206D
0300306D
0300406D
0300506D
0300006E
0300106E
0300206E
0300306E
0300406E
0300006F
0300106F
0300306F
0300406F
0300506F
03000070
03002070
03003070
03005070
03000071
03001071
03002071
03004071
03005071
03001072
03002072
03003072
03004072
03000073
03001073
03003073
03004073
03005073
03000074
03002074
03004074
03005074
03000075
03001075
03002075
03003075
03004075
03005075
03000076
03001076
03002076
03003076
03001077
03003077
03004077
03005077
03000078
03002078
03003078
03004078
03005078
03000079
03001079
03002079
03003079
03004079
03005079
0300007A
0300107A
0300207A
0300307A
0300007B
0300107B
0300407B
0300507B
0300207C
0300307C
0300407C
0300507C
0300007D
0300107D
0300207D
0300307D
0300407D
0300507D
0300007E
0300107E
0300207E
0300407E
0300007F
0300107F
0300307F
0300407F
0300507F
03000080
03002080
03003080
03005080
03001081
03002081
03003081
03004081
03005081
03000082
03001082
03002082
03003082
03004082
03000083
03001083
03005083
03000084
03002084
03003084
03004084
03005084
03000085
03001085
03002085
03003085
03004085
03005085
03001086
03002086
03003086
03004086
03000087
03001087
03003087
03004087
03005087
03000088
03002088
03003088
03004088
03005088
03000089
03001089
03002089
03004089
03005089
0300008A
0300108A
0300208A
0300408A
0300108B
0300308B
0300508B
0300008C
0300208C
0300308C
0300508C
0300008D
0300108D
0300208D
0300308D
0300408D
0300508D
0300008E
0300108E
0300208E
0300308E
0300408E
0300008F
0300108F
0300308F
0300408F
0300508F
03002090
03003090
03004090
03005090
03000091
03001091
03002091
03003091
03004091
03005091
03000092
03001092
03002092
03004092
03000093
03001093
03003093
03004093
03005093
03000094
03002094
03004094
03005094
03001095
03002095
03003095
03004095
03005095
03000096
03001096
03002096
03003096
03000097
03001097
03003097
03005097
03000098
03002098
03003098
03004098
03005098
03000099
03001099
03002099
03003099
03004099
03005099
0300109A
0300209A
0300409A
0300009B
0300109B
0300309B
0300409B
0300509B
0300009C
0300209C
0300309C
0300409C
0300509C
0300009D
0300109D
0300209D
0300309D
0300409D
0300509D
0300009E
0300109E
0300209E
0300409E
0300109F
0300309F
0300409F
0300509F
030000A0
030020A0
030030A0
030040A0
030050A0
030000A1
030010A1
030020A1
030030A1
030050A1
030000A2
030010A2
030020A2
030030A2
030000A3
030010A3
030040A3
030050A3
030020A4
030030A4
030040A4
030050A4
030000A5
030010A5
030020A5
030030A5
030040A5
030050A5
030000A6
030010A6
030020A6
030030A6
030040A6
030000A7
030010A7
030030A7
030040A7
030050A7
030000A8
030020A8
030040A8
030050A8
030010A9
030020A9
030030A9
030040A9
030050A9
030000AA
030010AA
030020AA
030030AA
030040AA
030000AB
030010AB
030050AB
030000AC
030020AC
030030AC
030040AC
030050AC
030000AD
030010AD
030020AD
030030AD
030040AD
030050AD
030010AE
030020AE
030030AE
030000AF
030010AF
030030AF
030040AF
030050AF
030000B0
030020B0
030030B0
030040B0
030050B0
030000B1
030010B1
030020B1
030030B1
030040B1
030050B1
030000B2
030010B2
030020B2
030040B2
030010B3
030030B3
030040B3
030050B3
030000B4
030020B4
030030B4
030040B4
030050B4
030000B5
030010B5
030020B5
030040B5
030050B5
030000B6
030010B6
030020B6
030030B6
030000B7
030010B7
030030B7
030040B7
030050B7
030020B8
030030B8
030040B8
030050B8
030000B9
030010B9
030020B9
030030B9
030050B9
030000BA
030010BA
030020BA
030040BA
030000BB
030010BB
030030BB
030040BB
030050BB
030000BC
030020BC
030030BC
030040BC
030050BC
030010BD
030020BD
030030BD
030040BD
030050BD
030000BE
030010BE
030020BE
030030BE
030040BE
030000BF
030010BF
030030BF
030040BF
030050BF
030000C0
030020C0
030040C0
030050C0
030000C1
030010C1
030020C1
030030C1
030050C1
030010C2
030020C2
030030C2
030000C3
030010C3
030040C3
030050C3
030000C4
030020C4
030030C4
030040C4
030050C4
030000C5
030010C5
030020C5
030030C5
030040C5
030050C5
030000C6
030010C6
030020C6
030030C6
030040C6
030010C7
030030C7
030040C7
030050C7
010000C8
03000000
03001000
03002000
03003000
03004000
03005000
03000001
03001001
03002001
03004001
03005001
03000002
03001002
03000003
03002003
03003003
03005003
02000000
03001004
03002004
03003004
03004004
03005004
03000005
03001005
03002005
03003005
03004005
03005005
03000006
03001006
03003006
03004006
03000007
03002007
03003007
03004007
03005007
03000008
03001008
03002008
03003008
03004008
03005008
03001009
03002009
03003009
03004009
03005009
0300000A
0300100A
0300400A
0300000B
0300200B
0300400B
0300500B
0300000C
0300100C
0300200C
0300300C
0300500C
0300000D
0300100D
0300200D
0300300D
0300500D
0300100E
0300300E
0300400E
0300000F
0300200F
0300300F
0300400F
0300500F
03000010
03001010
03002010
03003010
03004010
03005010
03000011
03001011
03002011
03003011
03004011
03005011
03000012
03001012
03003012
03004012
03002013
03004013
03005013
03000014
03001014
03002014
03004014
03005014
03000015
03001015
03002015
03003015
03004015
03005015
03000016
03001016
03003016
03004016
03000017
03002017
03003017
03005017
03001018
03002018
03003018
03005018
03000019
03001019
03002019
03003019
03004019
03005019
0300001A
0300101A
0300301A
0300401A
0300001B
0300201B
0300301B
0300401B
0300501B
0300001C
0300101C
0300201C
0300401C
0300501C
0300101D
0300201D
0300301D
0300401D
0300501D
0300001E
0300101E
0300401E
0300001F
0300201F
0300301F
0300401F
0300501F
03000020
03001020
03002020
03003020
03004020
03005020
03000021
03001021
03002021
03003021
03004021
03005021
03001022
03003022
03000023
03002023
03003023
03005023
03000024
03001024
03002024
03003024
03004024
03005024
03000025
03001025
03002025
03004025
03005025
03000026
03001026
03003026
03004026
03002027
03003027
03004027
03005027
03000028
03001028
03002028
03004028
03005028
03000029
03001029
03002029
03003029
03004029
03005029
0300002A
0300102A
0300302A
0300402A
0300002B
0300202B
0300302B
0300402B
0300502B
0300102C
0300202C
0300302C
0300502C
0300002D
0300102D
0300202D
0300302D
0300402D
0300502D
0300002E
0300102E
0300302E
0300402E
0300002F
0300202F
0300502F
03000030
03001030
03002030
03004030
03005030
03001031
03002031
03003031
03004031
03005031
03000032
03001032
03003032
03004032
03000033
03002033
03003033
03004033
03005033
03000034
03001034
03002034
03003034
03004034
03005034
03000035
03001035
03002035
03003035
03004035
03005035
03001036
03003036
03004036
03000037
03002037
03003037
03005037
03000038
03001038
03002038
03003038
03005038
03000039
03001039
03002039
03004039
03005039
0300003A
0300103A
0300403A
0300203B
0300303B
0300403B
0300503B
0300003C
0300103C
0300203C
0300303C
0300403C
0300503C
0300003D
0300103D
0300203D
0300303D
0300403D
0300503D
0300003E
0300103E
0300303E
0300403E
0300003F
0300203F
0300303F
0300403F
0300503F
03001040
03002040
03003040
03005040
03000041
03001041
03002041
03004041
03005041
03000042
03001042
03003042
03000043
03002043
03003043
03004043
03005043
03000044
03001044
03002044
03003044
03004044
03005044
03001045
03002045
03004045
03005045
03000046
03001046
03003046
03004046
03000047
03002047
03003047
03004047
03005047
03000048
03001048
03002048
03003048
03004048
03005048
03000049
03001049
03002049
03003049
03004049
03005049
0300104A
0300304A
0300004B
0300204B
0300404B
0300504B
0300004C
0300104C
0300204C
0300404C
0300504C
0300004D
0300104D
0300204D
0300304D
0300504D
0300004E
0300104E
0300304E
0300404E
0300204F
0300304F
0300404F
0300504F
03000050
03001050
03002050
03003050
03004050
03005050
03000051
03001051
03002051
03003051
03004051
03005051
03000052
03001052
03003052
03004052
03000053
03002053
03003053
03004053
03005053
03001054
03002054
03003054
03005054
03000055
03001055
03002055
03004055
03005055
03000056
03001056
03004056
03000057
03002057
03003057
03005057
03000058
03001058
03002058
03003058
03004058
03005058
03001059
03002059
03003059
03004059
03005059
0300005A
0300105A
0300305A
0300405A
0300005B
0300205B
0300405B
0300505B
0300005C
0300105C
0300205C
0300305C
0300405C
0300505C
0300005D
0300105D
0300205D
0300305D
0300405D
0300505D
0300105E
0300305E
0300005F
0300205F
0300305F
0300405F
0300505F
03000060
03001060
03002060
03003060
03004060
03005060
03000061
03001061
03002061
03003061
03004061
03005061
03000062
03001062
03002063
03003063
03004063
03005063
03000064
03001064
03002064
03004064
03005064
03000065
03001065
03002065
03003065
03004065
03005065
03000066
03001066
03003066
03004066
03000067
03002067
03003067
03004067
03005067
03001068
03002068
03003068
03004068
03005068
03000069
03001069
03002069
03005069
0300006A
0300106A
0300306A
0300406A
0300006B
0300206B
0300306B
0300406B
0300506B
0300006C
0300106C
0300206C
0300306C
0300506C
0300106D
0300206D
0300306D
0300406D
0300506D
0300006E
0300106E
0300306E
0300406E
0300006F
0300206F
0300406F
0300506F
03000070
03001070
03002070
03003070
03004070
03005070
03000071
03001071
03002071
03003071
03004071
03005071
03001072
03004072
03000073
03002073
03003073
03005073
03000074
03001074
03002074
03003074
03004074
03005074
03000075
03001075
03002075
03003075
03004075
03005075
03000076
03001076
03003076
03004076
03002077
03003077
03005077
03000078
03001078
03002078
03004078
03005078
03000079
03001079
03002079
03003079
03004079
03005079
0300007A
0300107A
0300407A
0300007B
0300207B
0300307B
0300407B
0300507B
0300107C
0300207C
0300307C
0300407C
0300507C
0300007D
0300107D
0300207D
0300307D
0300407D
0300507D
0300007E
0300107E
0300307E
0300407E
0300007F
0300207F
0300307F
0300507F
03000080
03001080
03002080
03003080
03004080
03005080
03001081
03002081
03003081
03005081
03000082
03001082
03004082
03000083
03002083
03003083
03004083
03005083
03000084
03001084
03002084
03004084
03005084
03000085
03001085
03002085
03003085
03004085
03005085
03001086
03003086
03004086
03000087
03002087
03003087
03004087
03005087
03000088
03001088
03002088
03003088
03004088
03005088
03000089
03001089
03002089
03005089
0300008A
0300108A
0300308A
0300408A
0300208B
0300308B
0300408B
0300508B
0300008C
0300108C
0300208C
0300308C
0300508C
0300008D
0300108D
0300208D
0300308D
0300408D
0300508D
0300008E
0300108E
0300308E
0300408E
0300008F
0300208F
0300308F
0300408F
0300508F
03001090
03002090
03004090
03005090
03000091
03001091
03002091
03003091
03004091
03005091
03000092
03001092
03004092
03000093
03002093
03003093
03004093
03005093
03000094
03001094
03002094
03003094
03005094
03001095
03002095
03003095
03004095
03005095
03000096
03001096
03003096
03004096
03000097
03002097
03003097
03005097
03000098
03001098
03002098
03003098
03004098
03005098
03000099
03001099
03002099
03004099
03005099
0300109A
0300309A
0300409A
0300009B
0300209B
0300309B
0300409B
0300509B
0300009C
0300109C
0300209C
0300409C
0300509C
0300009D
0300109D
0300209D
0300309D
0300409D
0300509D
0300009E
0300109E
0300309E
0300209F
0300309F
0300409F
0300509F
030000A0
030010A0
030020A0
030030A0
030040A0
030050A0
030000A1
030010A1
030020A1
030030A1
030050A1
030000A2
030010A2
030030A2
030040A2
030000A3
030020A3
030040A3
030050A3
030010A4
030020A4
030030A4
030040A4
030050A4
030000A5
030010A5
030020A5
030030A5
030040A5
030050A5
030000A6
030010A6
030040A6
030000A7
030020A7
030030A7
030050A7
030000A8
030010A8
030020A8
030030A8
030040A8
030050A8
030010A9
030020A9
030030A9
030040A9
030050A9
030000AA
030010AA
030030AA
030040AA
030000AB
030020AB
030040AB
030050AB
030000AC
030010AC
030020AC
030030AC
030050AC
030000AD
030010AD
030020AD
030030AD
030040AD
030050AD
030010AE
030030AE
030040AE
030000AF
030020AF
030030AF
030040AF
030050AF
030000B0
030010B0
030020B0
030030B0
030040B0
030050B0
030000B1
030010B1
030020B1
030050B1
030000B2
030010B2
030030B2
030040B2
030020B3
030030B3
030040B3
030050B3
030000B4
030010B4
030020B4
030040B4
030050B4
030000B5
030010B5
030020B5
030030B5
030040B5
030050B5
030000B6
030010B6
030030B6
030040B6
030000B7
030020B7
030030B7
030050B7
030010B8
030020B8
030030B8
030040B8
030050B8
030000B9
030010B9
030020B9
030040B9
030050B9
030000BA
030010BA
030030BA
030000BB
030020BB
030030BB
030040BB
030050BB
030000BC
030010BC
030020BC
030030BC
030040BC
030050BC
030010BD
030020BD
030030BD
030040BD
030050BD
030000BE
030010BE
030030BE
030040BE
030000BF
030020BF
030040BF
030050BF
030000C0
030010C0
030020C0
030040C0
030050C0
030000C1
030010C1
030020C1
030030C1
030050C1
030010C2
030030C2
030040C2
030000C3
030020C3
030030C3
030040C3
030050C3
030000C4
030010C4
030020C4
030030C4
030040C4
030050C4
030000C5
030010C5
030020C5
030030C5
030050C5
030000C6
030010C6
030030C6
030040C6
030020C7
030030C7
030040C7
030050C7
010000C8
03001000
03000001
03001001
03002001
03003001
03005001
03000002
03003002
03004002
03001003
03002003
03004003
03005003
02001000
03003004
03000005
03001005
03002005
03004005
03005005
03000006
03001006
03003006
03004006
03000007
03002007
03003007
03005007
03004008
03001009
03002009
03003009
03005009
0300000A
0300100A
0300400A
0300000B
0300200B
0300300B
0300400B
0300500B
0300000C
0300300C
0300400C
0300100D
0300200D
0300300D
0300500D
0300000E
0300100E
0300400E
0300200F
0300500F
03000010
03003010
03004010
03000011
03001011
03002011
03003011
03004011
03005011
03001012
03003012
03000013
03002013
03004013
03005013
03000014
03001014
03004014
03002015
03003015
03005015
03000016
03001016
03003016
03004016
03001017
03002017
03003017
03004017
03005017
03000018
03000019
03002019
03003019
03004019
03005019
0300101A
0300401A
0300001B
0300101B
0300201B
0300301B
0300501B
0300301C
0300401C
0300001D
0300201D
0300401D
0300501D
0300001E
0300101E
0300301E
0300501E
0300101F
0300201F
03000020
03003020
03004020
03005020
03000021
03001021
03002021
03003021
03004021
03003022
03004022
03005022
03000023
03001023
03002023
03001024
03002024
03004024
03005024
03000025
03003025
03004025
03000026
03002026
03003026
03005026
03001027
03002027
03000028
03001028
03003028
03004028
03005028
03003029
03004029
0300002A
0300202A
0300302A
0300402A
0300502A
0300002B
0300102B
0300102C
0300202C
0300502C
0300002D
0300302D
0300402D
0300002E
0300102E
0300202E
0300302E
0300402E
0300502E
0300302F
0300402F
03000030
03001030
03002030
03005030
03001031
03003031
03004031
03000032
03002032
03005032
03000033
03003033
03004033
03001034
03002034
03003034
03004034
03005034
03000035
03001035
03002036
03003036
03004036
03005036
03000037
03000038
03001038
03002038
03003038
03004038
03005038
03001039
03003039
03004039
0300003A
0300203A
0300503A
0300003B
0300303B
0300403B
0300103C
0300203C
0300303C
0300403C
0300503C
0300003D
0300103D
0300203E
0300303E
0300403E
0300503E
0300003F
0300103F
0300303F
03000040
03002040
03004040
03005040
03001041
03004041
03000042
03002042
03003042
03004042
03005042
03001043
03003043
03000044
03002044
03003044
03005044
03000045
03001045
03004045
03002046
03003046
03004046
03005046
03000047
03001047
03004047
03000048
03002048
03003048
03004048
03005048
03001049
03003049
0300004A
0300204A
0300504A
0300104B
0300304B
0300404B
0300004C
0300204C
0300404C
0300504C
0300004D
0300104D
0300304D
0300404D
0300204E
0300304E
0300504E
0300004F
0300104F
0300304F
0300404F
03002050
03005050
03000051
03001051
03004051
03005051
03000052
03002052
03003052
03004052
03001053
03003053
03005053
03000054
03002054
03003054
03004054
03005054
03000055
03001055
03004055
03002056
03000057
03001057
03002057
03003057
03004057
03005057
03003058
03000059
03001059
03002059
03003059
03004059
03005059
0300005A
0300205A
0300405A
0300105B
0300305B
0300505B
0300005C
0300205C
0300405C
0300105D
0300305D
0300405D
0300505D
0300005E
0300205E
0300005F
0300105F
0300305F
0300505F
03001060
03002060
03003060
03004060
03000061
03003061
03004061
03005061
03000062
03002062
03004062
03001063
03003063
03005063
03001064
03002064
03004064
03000065
03003065
03004065
03005065
03000066
03001066
03002066
03000067
03003067
03005067
03001068
03002068
03004068
03001069
03003069
03004069
03005069
0300006A
0300206A
0300306A
0300406A
0300006B
0300106B
0300306B
0300506B
0300006C
0300206C
0300406C
0300106D
0300306D
0300506D
0300006E
0300206E
0300406E
0300106F
0300306F
0300406F
0300506F
03000070
03002070
03003070
03000071
03001071
03004071
03005071
03002072
03004072
03000073
03001073
03003073
03005073
03001074
03002074
03003074
03004074
03000075
03003075
03005075
03000076
03002076
03004076
03001077
03003077
03004077
03005077
03000078
03001078
03002078
03004078
03003079
03005079
0300007A
0300107A
0300207A
0300307A
0300407A
0300007B
0300507B
0300107C
0300207C
0300307C
0300407C
0300007D
0300107D
0300407D
0300507D
0300207E
0300307E
0300407E
0300007F
0300107F
0300307F
0300507F
03000080
03002080
03003080
03001081
03004081
03005081
03000082
03001082
03002082
03004082
03000083
03003083
03004083
03005083
03002084
03003084
03004084
03001085
03003085
03005085
03000086
03001086
03002086
03005086
03000087
03003087
03004087
03000088
03002088
03004088
03005088
03001089
03003089
03005089
0300108A
0300208A
0300408A
0300008B
0300208B
0300308B
0300408B
0300008C
0300108C
0300308C
0300508C
0300008D
0300208D
0300408D
0300108E
0300208E
0300308E
0300408E
0300508E
0300008F
0300108F
0300308F
03003090
03004090
03005090
03000091
03002091
03000092
03001092
03004092
03005092
03000093
03001093
03002093
03003093
03003094
03004094
03005094
03002095
03003095
03004095
03000096
03001096
03004096
03005096
03000097
03001097
03002097
03000098
03003098
03004098
03005098
03001099
03002099
03003099
0300309A
0300509A
0300009B
0300109B
0300209B
0300409B
0300009C
0300109C
0300309C
0300409C
0300509C
0300009D
0300209D
0300409D
0300309E
0300409E
0300509E
0300009F
0300109F
0300209F
030010A0
030030A0
030040A0
030050A0
030000A1
030020A1
030030A1
030000A2
030030A2
030050A2
030000A3
030010A3
030020A3
030040A3
030010A4
030030A4
030040A4
030050A4
030020A5
030040A5
030000A6
030010A6
030030A6
030050A6
030000A7
030020A7
030030A7
030040A7
030000A8
030010A8
030040A8
030050A8
030010A9
030020A9
030030A9
030040AA
030050AA
030000AB
030020AB
030040AB
030000AC
030010AC
030030AC
030050AC
030000AD
030010AD
030020AD
030030AD
030030AE
030040AE
030050AE
030020AF
030030AF
030040AF
030000B0
030010B0
030030B0
030040B0
030050B0
030000B1
030010B1
030020B1
030040B1
030000B2
030050B2
030010B3
030020B3
030030B3
030040B3
030050B4
030000B5
030010B5
030020B5
030030B5
030040B5
030000B6
030010B6
030030B6
030050B6
030000B7
030020B7
030040B7
030030B8
030040B8
030050B8
030010B9
030020B9
030040B9
030000BA
030010BA
030030BA
030050BA
030000BB
030020BB
030030BB
030040BB
030050BB
030000BC
030030BC
030010BD
030020BD
030040BD
030050BD
030010BE
030020BE
030030BE
030040BE
030050BE
030000BF
030000C0
030010C0
030020C0
030030C0
030040C0
030000C1
030020C1
030050C1
030010C2
030030C2
030040C2
030000C3
030010C3
030020C3
030030C3
030040C3
030050C3
030040C4
030000C5
030020C5
030030C5
030050C5
030000C6
030010C6
030030C6
030010C7
030020C7
030040C7
030050C7
010000C8
03000000
03001000
03001001
03002001
03003001
03004001
03005001
03000002
03004002
03001003
03002003
03003003
03005003
02001000
03000004
03003004
03004004
03000005
03001005
03002005
03004005
03005005
03001006
03003006
03000007
03002007
03004007
03005007
03003008
03004008
03000009
03001009
03002009
03003009
03004009
03005009
0300000A
0300100A
0300200B
0300300B
0300500B
0300000C
0300100C
0300400C
0300500C
0300200D
0300300D
0300400D
0300000E
0300100E
0300300E
0300400E
0300500E
0300000F
0300100F
0300200F
0300300F
03004010
03005010
03000011
03002011
03001012
03002012
03003012
03004012
03005012
03000013
03001013
03003013
03004013
03000014
03002014
03005014
03002015
03003015
03004015
03000016
03001016
03003016
03004016
03005016
03001017
03000018
03002018
03003018
03004018
03005018
03000019
03001019
0300201A
0300301A
0300401A
0300501A
0300001B
0300101B
0300301B
0300401B
0300001C
0300101C
0300201C
0300501C
0300301D
0300401D
0300001E
0300201E
0300301E
0300501E
0300101F
0300401F
03000020
03001020
03002020
03003020
03004020
03005020
03000021
03004021
03002022
03003022
03005022
03000023
03001023
03003023
03001024
03002024
03004024
03005024
03000025
03003025
03004025
03000026
03001026
03002026
03003026
03004026
03005026
03000028
03001028
03002028
03003028
03005028
03000029
03001029
03004029
0300202A
0300302A
0300402A
0300502A
0300002B
0300302B
0300402B
0300102C
0300202C
0300502C
0300002D
0300102D
0300302D
0300402D
0300002E
0300202E
0300502E
0300302F
0300402F
03000030
03001030
03002030
03003030
03004030
03005030
03001031
03003031
03000032
03002032
03004032
03005032
03000033
03001033
03004033
03002034
03003034
03005034
03000035
03001035
03003035
03004035
03000036
03002036
03003036
03005036
03001037
03004037
03002038
03003038
03004038
03005038
03000039
03001039
03004039
0300003A
0300203A
0300303A
0300503A
0300003B
0300103B
0300403B
0300103C
0300203C
0300303C
0300403C
0300503C
0300303D
0300003E
0300203E
0300503E
0300003F
0300103F
0300303F
0300403F
0300503F
03000040
03001040
03002040
03003040
03004040
03004041
03005041
03000042
03001042
03002042
03003042
03005042
03004043
03000044
03001044
03002044
03003044
03004044
03005044
03000045
03001045
03002045
03003045
03005046
03000047
03002047
03003047
03004047
03001048
03002048
03004048
03005048
03000049
03001049
03003049
03004049
0300004A
0300204A
0300304A
0300504A
0300404B
0300004C
0300104C
0300204C
0300304C
0300504C
0300104D
0300304D
0300404D
0300004E
0300204E
0300404E
0300504E
0300004F
0300104F
03002050
03003050
03005050
03000051
03001051
03003051
03004051
03001052
03002052
03003052
03004052
03005052
03000053
03004053
03000054
03002054
03003054
03004054
03005054
03001055
03000056
03001056
03002056
03003056
03005056
03000057
03003057
03004057
03001058
03002058
03004058
03005058
03003059
0300005A
0300105A
0300205A
0300405A
0300505A
0300005B
0300105B
0300305B
0300405B
0300005C
0300205C
0300305C
0300505C
0300405D
0300105E
0300205E
0300305E
0300505E
0300005F
0300105F
0300405F
03000060
03002060
03003060
03004060
03005060
03000061
03003061
03004061
03001062
03002062
03003062
03005062
03000063
03001063
03004063
03002064
03005064
03000065
03003065
03004065
03000066
03001066
03002066
03003066
03004066
03005066
03001067
03003067
03000068
03002068
03004068
03005068
03000069
03001069
03004069
0300206A
0300306A
0300506A
0300006B
0300106B
0300306B
0300406B
0300106C
0300206C
0300306C
0300406C
0300506C
0300006D
0300006E
0300206E
0300306E
0300406E
0300506E
0300106F
0300406F
03000070
03001070
03002070
03003070
03005070
03003071
03004071
03000072
03002072
03004072
03005072
03000073
03001073
03003073
03005073
03001074
03002074
03000075
03003075
03004075
03005075
03000076
03001076
03002076
03003076
03004076
03003077
03004077
03005077
03000078
03001078
03002078
03001079
03002079
03004079
03005079
0300007A
0300307A
0300407A
0300007B
0300207B
0300307B
0300507B
0300107C
0300207C
0300007D
0300107D
0300307D
0300407D
0300507D
0300307E
0300407E
0300007F
0300207F
0300307F
0300407F
0300507F
03000080
03001080
03001081
03002081
03005081
03000082
03003082
03004082
03000083
03001083
03002083
03003083
03004083
03005083
03003084
03004084
03000085
03001085
03002085
03005085
03001086
03003086
03004086
03000087
03002087
03005087
03000088
03003088
03004088
03001089
03002089
03003089
03004089
03005089
0300008A
0300108A
0300208B
0300308B
0300408B
0300508B
0300008C
0300008D
0300108D
0300208D
0300308D
0300408D
0300508D
0300108E
0300308E
0300408E
0300008F
0300208F
0300508F
03000090
03003090
03004090
03001091
03002091
03003091
03004091
03005091
03000092
03001092
03002093
03003093
03004093
03005093
03000094
03001094
03003094
03000095
03002095
03004095
03005095
03001096
03004096
03000097
03002097
03003097
03004097
03005097
03001098
03003098
03000099
03002099
03003099
03005099
0300009A
0300109A
0300409A
0300209B
0300309B
0300409B
0300509B
0300009C
0300109C
0300409C
0300009D
0300209D
0300309D
0300409D
0300509D
0300109E
0300309E
0300009F
0300209F
0300509F
030010A0
030030A0
030040A0
030000A1
030020A1
030040A1
030050A1
030000A2
030010A2
030030A2
030040A2
030020A3
030030A3
030050A3
030000A4
030010A4
030030A4
030040A4
030020A5
030050A5
030000A6
030010A6
030040A6
030050A6
030000A7
030020A7
030030A7
030040A7
030010A8
030030A8
030050A8
030000A9
030020A9
030030A9
030040A9
030050A9
030000AA
030010AA
030040AA
030020AB
030000AC
030010AC
030020AC
030030AC
030040AC
030050AC
030030AD
030000AE
030010AE
030020AE
030030AE
030040AE
030050AE
030000AF
030020AF
030040AF
030010B0
030030B0
030050B0
030000B1
030020B1
030040B1
030010B2
030030B2
030040B2
030050B2
030000B3
030020B3
030000B4
030010B4
030030B4
030050B4
030010B5
030020B5
030030B5
030040B5
030000B6
030030B6
030040B6
030050B6
030000B7
030020B7
030040B7
030010B8
030030B8
030050B8
030010B9
030020B9
030040B9
030000BA
030030BA
030040BA
030050BA
030000BB
030010BB
030020BB
030000BC
030030BC
030050BC
030010BD
030020BD
030040BD
030010BE
030030BE
030040BE
030050BE
030000BF
030020BF
030030BF
030040BF
030000C0
030010C0
030030C0
030050C0
030000C1
030020C1
030040C1
030010C2
030030C2
030050C2
030000C3
030020C3
030040C3
030010C4
030030C4
030040C4
030050C4
030000C5
030020C5
030030C5
030000C6
030010C6
030040C6
030050C6
030020C7
030040C7
010000C8
03001000
03003000
03004000
03000001
03002001
03004001
03005001
03000002
03001002
03002003
03003003
03005003
02001000
03000004
03001004
03003004
03004004
03001005
03002005
03003005
03004005
03005005
03000006
03004006
03000007
03002007
03003007
03004007
03005007
03001008
03000009
03001009
03002009
03003009
03005009
0300000A
0300300A
0300400A
0300100B
0300200B
0300400B
0300500B
0300300C
0300000D
0300100D
0300200D
0300400D
0300500D
0300000E
0300100E
0300300E
0300400E
0300000F
0300200F
0300300F
0300500F
03004010
03001011
03002011
03003011
03005011
03000012
03001012
03004012
03000013
03002013
03003013
03004013
03005013
03000014
03003014
03004014
03001015
03002015
03003015
03005015
03000016
03001016
03004016
03002017
03005017
03000018
03003018
03004018
03000019
03001019
03002019
03003019
03004019
03005019
0300101A
0300301A
0300001B
0300201B
0300401B
0300501B
0300001C
0300101C
0300401C
0300201D
0300301D
0300501D
0300001E
0300101E
0300301E
0300401E
0300101F
0300201F
0300301F
0300401F
0300501F
03000020
03000021
03002021
03003021
03004021
03005021
03001022
03004022
03000023
03001023
03002023
03003023
03005023
03003024
03004024
03000025
03002025
03004025
03005025
03000026
03001026
03003026
03005026
03001027
03002027
03000028
03003028
03004028
03005028
03000029
03001029
03002029
03003029
03004029
0300302A
0300402A
0300502A
0300002B
0300102B
0300202B
0300102C
0300202C
0300402C
0300502C
0300002D
0300302D
0300402D
0300002E
0300202E
0300302E
0300502E
0300102F
0300202F
03000030
03001030
03003030
03004030
03005030
03003031
03004031
03000032
03002032
03003032
03004032
03005032
03000033
03001033
03001034
03002034
03005034
03000035
03003035
03004035
03000036
03001036
03002036
03003036
03004036
03005036
03003037
03004037
03000038
03001038
03002038
03005038
03001039
03003039
03004039
0300003A
0300203A
0300503A
0300003B
0300303B
0300403B
0300103C
0300203C
0300303C
0300403C
0300503C
0300003D
0300103D
0300203E
0300303E
0300403E
0300503E
0300003F
03000040
03001040
03002040
03003040
03004040
03005040
03001041
03003041
03004041
03000042
03002042
03005042
03000043
03003043
03004043
03001044
03002044
03003044
03004044
03005044
03000045
03001045
03002046
03003046
03004046
03005046
03000047
03001047
03003047
03000048
03002048
03004048
03005048
03001049
03004049
0300004A
0300204A
0300304A
0300404A
0300504A
0300104B
0300304B
0300004C
0300204C
0300304C
0300504C
0300004D
0300104D
0300404D
0300204E
0300304E
0300404E
0300504E
0300004F
0300104F
0300404F
03000050
03002050
03003050
03004050
03005050
03001051
03003051
03000052
03002052
03005052
03001053
03003053
03004053
03000054
03002054
03004054
03005054
03000055
03001055
03003055
03004055
03002056
03003056
03005056
03000057
03001057
03003057
03004057
03002058
03005058
03000059
03001059
03004059
03005059
0300005A
0300205A
0300305A
0300405A
0300105B
0300305B
0300505B
0300005C
0300205C
0300305C
0300405C
0300505C
0300005D
0300105D
0300405D
0300205E
0300005F
0300105F
0300205F
0300305F
0300405F
0300505F
03003060
03000061
03001061
03002061
03003061
03004061
03005061
03000062
03002062
03004062
03001063
03003063
03005063
03000064
03002064
03004064
03001065
03003065
03004065
03005065
03000066
03002066
03000067
03001067
03003067
03005067
03001068
03002068
03003068
03004068
03000069
03003069
03004069
03005069
0300006A
0300206A
0300406A
0300106B
0300306B
0300506B
0300106C
0300206C
0300406C
0300006D
0300306D
0300406D
0300506D
0300006E
0300106E
0300206E
0300006F
0300306F
0300506F
03001070
03002070
03004070
03001071
03003071
03004071
03005071
03000072
03002072
03003072
03004072
03000073
03001073
03003073
03005073
03000074
03002074
03004074
03001075
03003075
03005075
03000076
03002076
03004076
03001077
03003077
03004077
03005077
03000078
03002078
03003078
03000079
03001079
03004079
03005079
0300207A
0300407A
0300007B
0300107B
0300307B
0300507B
0300107C
0300207C
0300307C
0300407C
0300007D
0300307D
0300507D
0300007E
0300207E
0300407E
0300107F
0300307F
0300407F
0300507F
03000080
03001080
03002080
03004080
03003081
03005081
03000082
03001082
03002082
03003082
03004082
03000083
03005083
03001084
03002084
03003084
03004084
03000085
03001085
03004085
03005085
03002086
03003086
03004086
03000087
03001087
03003087
03005087
03000088
03002088
03003088
03001089
03004089
03005089
0300008A
0300108A
0300208A
0300408A
0300008B
0300308B
0300408B
0300508B
0300208C
0300308C
0300408C
0300108D
0300308D
0300508D
0300008E
0300108E
0300208E
0300508E
0300008F
0300308F
0300408F
03000090
03002090
03004090
03005090
03001091
03003091
03005091
03001092
03002092
03004092
03000093
03002093
03003093
03004093
03000094
03001094
03003094
03005094
03000095
03002095
03004095
03001096
03002096
03003096
03004096
03005096
03000097
03001097
03003097
03003098
03004098
03005098
03000099
03002099
0300009A
0300109A
0300409A
0300509A
0300009B
0300109B
0300209B
0300309B
0300309C
0300409C
0300509C
0300209D
0300309D
0300409D
0300009E
0300109E
0300409E
0300509E
0300009F
0300109F
0300209F
030000A0
030030A0
030040A0
030050A0
030010A1
030020A1
030030A1
030030A2
030050A2
030000A3
030010A3
030020A3
030040A3
030000A4
030010A4
030030A4
030040A4
030050A4
030000A5
030020A5
030040A5
030030A6
030040A6
030050A6
030000A7
030010A7
030020A7
030010A8
030030A8
030040A8
030050A8
030000A9
030020A9
030030A9
030000AA
030030AA
030050AA
030000AB
030010AB
030020AB
030040AB
030010AC
030030AC
030040AC
030050AC
030020AD
030040AD
030000AE
030010AE
030030AE
030050AE
030000AF
030020AF
030030AF
030040AF
030000B0
030010B0
030040B0
030050B0
030010B1
030020B1
030030B1
030040B2
030050B2
030000B3
030020B3
030040B3
030000B4
030010B4
030030B4
030050B4
030000B5
030010B5
030020B5
030030B5
030030B6
030040B6
030050B6
030020B7
030030B7
030040B7
030000B8
030010B8
030030B8
030040B8
030050B8
030000B9
030010B9
030020B9
030040B9
030000BA
030050BA
030010BB
030020BB
030030BB
030040BB
030050BC
030000BD
030010BD
030020BD
030030BD
030040BD
030000BE
030010BE
030030BE
030050BE
030000BF
030020BF
030040BF
030030C0
030040C0
030050C0
030010C1
030020C1
030040C1
030000C2
030010C2
030030C2
030050C2
030000C3
030020C3
030030C3
030040C3
030050C3
030000C4
030030C4
030010C5
030020C5
030040C5
030050C5
030010C6
030020C6
030030C6
030040C6
030050C6
030000C7
010000C8
03000000
03002000
03003000
03005000
03000001
03001001
03002001
03005001
03000002
03001002
03002002
03003002
03004002
03005002
03001003
03004003
02000000
03000004
03002004
03003004
03004004
03005004
03000005
03001005
03002005
03003005
03004005
03005005
03000006
03001006
03002006
03003006
03004006
03005006
03000007
03001007
03003007
03004007
03002008
03003008
03004008
03005008
03000009
03001009
03002009
03003009
03005009
0300000A
0300100A
0300200A
0300300A
0300400A
0300500A
0300000B
0300100B
0300400B
0300000C
0300200C
0300300C
0300500C
0300100D
0300200D
0300400D
0300500D
0300000E
0300100E
0300200E
0300300E
0300400E
0300500E
0300000F
0300100F
0300300F
0300400F
03000010
03002010
03003010
03004010
03005010
03000011
03001011
03002011
03004011
03005011
03001012
03002012
03003012
03004012
03005012
03000013
03001013
03003013
03004013
03000014
03002014
03003014
03005014
03000015
03001015
03002015
03003015
03004015
03005015
03000016
03001016
03002016
03003016
03005016
03001017
03003017
03004017
03000018
03002018
03003018
03004018
03005018
03000019
03001019
03002019
03004019
03005019
0300001A
0300101A
0300201A
0300401A
0300501A
0300001B
0300101B
0300301B
0300401B
0300201C
0300301C
0300401C
0300501C
0300001D
0300101D
0300201D
0300301D
0300401D
0300501D
0300001E
0300101E
0300201E
0300301E
0300401E
0300501E
0300001F
0300101F
0300301F
03000020
03002020
03005020
03001021
03002021
03003021
03004021
03005021
03000022
03001022
03002022
03003022
03004022
03005022
03000023
03001023
03003023
03004023
03000024
03002024
03003024
03004024
03005024
03000025
03001025
03002025
03004025
03005025
03001026
03002026
03003026
03004026
03005026
03000027
03001027
03003027
03004027
03000028
03002028
03003028
03004028
03005028
03000029
03001029
03002029
03005029
0300002A
0300102A
0300202A
0300302A
0300402A
0300502A
0300102B
0300302B
0300402B
0300002C
0300202C
0300302C
0300502C
0300002D
0300102D
0300202D
0300302D
0300402D
0300502D
0300002E
0300102E
0300202E
0300402E
0300502E
0300002F
0300102F
0300302F
0300402F
03002030
03003030
03004030
03005030
03000031
03001031
03002031
03003031
03004031
03005031
03000032
03001032
03002032
03004032
03005032
03000033
03001033
03003033
03004033
03000034
03002034
03003034
03005034
03001035
03002035
03003035
03004035
03005035
03000036
03001036
03002036
03003036
03004036
03005036
03000037
03001037
03003037
03000038
03002038
03004038
03005038
03000039
03001039
03002039
03003039
03004039
03005039
0300103A
0300203A
0300303A
0300403A
0300503A
0300003B
0300103B
0300403B
0300003C
0300203C
0300303C
0300403C
0300503C
0300003D
0300103D
0300203D
0300303D
0300403D
0300503D
0300003E
0300103E
0300203E
0300303E
0300403E
0300503E
0300103F
0300303F
03000040
03002040
03003040
03004040
03005040
03000041
03001041
03002041
03005041
03000042
03001042
03002042
03003042
03004042
03005042
03000043
03001043
03003043
03004043
03002044
03003044
03004044
03005044
03000045
03001045
03002045
03004045
03005045
03000046
03001046
03002046
03003046
03004046
03005046
03000047
03001047
03003047
03004047
03000048
03002048
03003048
03004048
03005048
03001049
03002049
03003049
03005049
0300004A
0300104A
0300204A
0300304A
0300404A
0300504A
0300004B
0300104B
0300404B
0300004C
0300204C
0300304C
0300504C
0300004D
0300104D
0300204D
0300304D
0300404D
0300504D
0300104E
0300204E
0300404E
0300504E
0300004F
0300104F
0300304F
0300404F
03000050
03002050
03003050
03004050
03005050
03000051
03001051
03002051
03003051
03004051
03005051
03000052
03001052
03002052
03003052
03004052
03005052
03001053
03003053
03004053
03000054
03002054
03003054
03005054
03000055
03001055
03002055
03004055
03005055
03000056
03001056
03002056
03003056
03005056
03000057
03001057
03004057
03002058
03003058
03004058
03005058
03000059
03001059
03002059
03003059
03004059
03005059
0300005A
0300105A
0300205A
0300305A
0300405A
0300505A
0300005B
0300105B
0300305B
0300405B
0300005C
0300205C
0300305C
0300405C
0300505C
0300105D
0300205D
0300305D
0300405D
0300505D
0300005E
0300105E
0300205E
0300505E
0300005F
0300105F
0300305F
0300405F
03000060
03002060
03003060
03004060
03005060
03000061
03001061
03002061
03003061
03005061
03001062
03002062
03004062
03005062
03000063
03001063
03003063
03004063
03000064
03002064
03003064
03004064
03005064
03000065
03001065
03002065
03004065
03005065
03000066
03001066
03002066
03003066
03004066
03005066
03001067
03003067
03004067
03000068
03002068
03003068
03004068
03005068
03000069
03001069
03002069
03003069
03005069
0300006A
0300106A
0300206A
0300306A
0300406A
0300506A
0300006B
0300106B
0300306B
0300406B
0300206C
0300306C
0300506C
0300006D
0300106D
0300206D
0300406D
0300506D
0300006E
0300106E
0300206E
0300306E
0300406E
0300506E
0300006F
0300106F
0300406F
03000070
03002070
03003070
03004070
03005070
03001071
03002071
03003071
03004071
03005071
03000072
03001072
03002072
03003072
03004072
03005072
03000073
03001073
03004073
03000074
03002074
03003074
03005074
03000075
03001075
03002075
03003075
03005075
03001076
03002076
03003076
03004076
03005076
03000077
03001077
03003077
03004077
03000078
03002078
03003078
03004078
03005078
03000079
03001079
03002079
03003079
03004079
03005079
0300007A
0300107A
0300207A
0300307A
0300407A
0300507A
0300107B
0300407B
0300007C
0300207C
0300307C
0300407C
0300507C
0300007D
0300107D
0300207D
0300407D
0300507D
0300007E
0300107E
0300207E
0300307E
0300507E
0300007F
0300107F
0300307F
03002080
03003080
03004080
03005080
03000081
03001081
03002081
03004081
03005081
03000082
03001082
03002082
03003082
03004082
03005082
03000083
03001083
03003083
03004083
03000084
03002084
03003084
03004084
03005084
03001085
03002085
03003085
03004085
03005085
03000086
03001086
03002086
03003086
03004086
03005086
03000087
03001087
03003087
03004087
03000088
03002088
03003088
03005088
03000089
03001089
03002089
03004089
03005089
0300108A
0300208A
0300308A
0300508A
0300008B
0300108B
0300408B
0300008C
0300208C
0300308C
0300408C
0300508C
0300008D
0300108D
0300208D
0300308D
0300408D
0300508D
0300008E
0300108E
0300208E
0300308E
0300408E
0300508E
0300108F
0300408F
03000090
03002090
03003090
03004090
03005090
03000091
03001091
03002091
03003091
03004091
03005091
03000092
03001092
03002092
03003092
03004092
03005092
03000093
03001093
03003093
03002094
03003094
03005094
03000095
03001095
03002095
03003095
03004095
03005095
03000096
03001096
03002096
03003096
03004096
03005096
03000097
03001097
03004097
03000098
03002098
03004098
03005098
03001099
03002099
03003099
03004099
03005099
0300009A
0300109A
0300209A
0300309A
0300409A
0300509A
0300009B
0300109B
0300309B
0300409B
0300009C
0300209C
0300309C
0300409C
0300509C
0300009D
0300109D
0300209D
0300309D
0300509D
0300109E
0300209E
0300309E
0300409E
0300509E
0300009F
0300109F
0300409F
030000A0
030020A0
030030A0
030050A0
030000A1
030010A1
030020A1
030030A1
030040A1
030050A1
030000A2
030010A2
030020A2
030040A2
030050A2
030010A3
030030A3
030040A3
030000A4
030020A4
030030A4
030040A4
030050A4
030000A5
030010A5
030020A5
030030A5
030040A5
030050A5
030000A6
030010A6
030020A6
030030A6
030040A6
030050A6
030000A7
030010A7
030030A7
030040A7
030020A8
030030A8
030050A8
030000A9
030010A9
030020A9
030040A9
030050A9
030000AA
030010AA
030020AA
030030AA
030040AA
030050AA
030000AB
030010AB
030030AB
030000AC
030020AC
030040AC
030050AC
030010AD
030020AD
030030AD
030040AD
030050AD
030000AE
030010AE
030020AE
030030AE
030040AE
030050AE
030000AF
030010AF
030030AF
030040AF
030000B0
030020B0
030040B0
030050B0
030000B1
030010B1
030020B1
030030B1
030040B1
030050B1
030010B2
030020B2
030030B2
030050B2
030000B3
030010B3
030030B3
030040B3
030000B4
030020B4
030030B4
030040B4
030050B4
030000B5
030010B5
030020B5
030030B5
030040B5
030050B5
030000B6
030010B6
030020B6
030030B6
030050B6
030010B7
030030B7
030040B7
030000B8
030020B8
030040B8
030050B8
030000B9
030010B9
030020B9
030040B9
030050B9
030000BA
030010BA
030020BA
030030BA
030040BA
030050BA
030000BB
030010BB
030030BB
030040BB
030020BC
030030BC
030040BC
030050BC
030000BD
030010BD
030020BD
030030BD
030050BD
030000BE
030010BE
030020BE
030030BE
030040BE
030050BE
030000BF
030010BF
030000C0
030020C0
030030C0
030040C0
030050C0
030010C1
030020C1
030030C1
030040C1
030050C1
030000C2
030010C2
030020C2
030030C2
030040C2
030050C2
030000C3
030010C3
030030C3
030040C3
030000C4
030020C4
030030C4
030040C4
030050C4
030000C5
030010C5
030020C5
030040C5
030050C5
030010C6
030020C6
030030C6
030040C6
030050C6
030000C7
030010C7
030030C7
010000C8
03001000
03003000
03004000
03000001
03002001
03005001
03000002
03003002
03004002
03001003
03002003
03003003
03004003
03005003
02001000
03000004
03001004
03002005
03003005
03004005
03005005
03000006
03000007
03001007
03002007
03003007
03004007
03005007
03001008
03003008
03004008
03000009
03002009
03005009
0300000A
0300300A
0300400A
0300100B
0300200B
0300300B
0300400B
0300500B
0300000C
0300100C
0300200D
0300300D
0300400D
0300500D
0300000E
0300100E
0300300E
0300000F
0300200F
0300400F
0300500F
03001010
03004010
03000011
03002011
03003011
03004011
03005011
03001012
03003012
03000013
03002013
03003013
03005013
03000014
03001014
03004014
03002015
03003015
03004015
03005015
03000016
03001016
03004016
03000017
03002017
03003017
03004017
03005017
03001018
03003018
03000019
03002019
03005019
0300101A
0300301A
0300401A
0300001B
0300201B
0300401B
0300501B
0300001C
0300101C
0300301C
0300401C
0300201D
0300301D
0300501D
0300001E
0300101E
0300301E
0300401E
0300201F
0300501F
03000020
03001020
03004020
03005020
03000021
03002021
03003021
03004021
03001022
03003022
03005022
03000023
03002023
03003023
03004023
03005023
03000024
03001024
03004024
03002025
03000026
03001026
03002026
03003026
03004026
03005026
03003027
03000028
03001028
03002028
03003028
03004028
03005028
03000029
03002029
03004029
0300102A
0300302A
0300502A
0300002B
0300202B
0300402B
0300102C
0300302C
0300402C
0300502C
0300002D
0300202D
0300002E
0300102E
0300302E
0300502E
0300102F
0300202F
0300302F
0300402F
03000030
03003030
03004030
03005030
03000031
03002031
03004031
03001032
03003032
03005032
03001033
03002033
03004033
03000034
03003034
03004034
03005034
03000035
03001035
03002035
03000036
03003036
03005036
03001037
03002037
03004037
03001038
03003038
03004038
03005038
03000039
03002039
03003039
03004039
0300003A
0300103A
0300303A
0300503A
0300003B
0300203B
0300403B
0300103C
0300303C
0300503C
0300003D
0300203D
0300403D
0300103E
0300303E
0300403E
0300503E
0300003F
0300203F
0300303F
03000040
03001040
03004040
03005040
03002041
03004041
03000042
03001042
03003042
03005042
03001043
03002043
03003043
03004043
03000044
03003044
03005044
03000045
03002045
03004045
03001046
03003046
03004046
03005046
03000047
03001047
03002047
03004047
03003048
03005048
03000049
03001049
03002049
03003049
03004049
0300004A
0300504A
0300104B
0300204B
0300304B
0300404B
0300004C
0300104C
0300404C
0300504C
0300204D
0300304D
0300404D
0300004E
0300104E
0300304E
0300504E
0300004F
0300204F
0300304F
03001050
03004050
03005050
03000051
03001051
03002051
03004051
03000052
03003052
03004052
03005052
03002053
03003053
03004053
03001054
03003054
03005054
03000055
03001055
03002055
03005055
03000056
03003056
03004056
03000057
03002057
03004057
03005057
03001058
03003058
03005058
03001059
03002059
03004059
0300005A
0300205A
0300305A
0300405A
0300005B
0300105B
0300305B
0300505B
0300005C
0300205C
0300405C
0300105D
0300205D
0300305D
0300405D
0300505D
0300005E
0300105E
0300305E
0300305F
0300405F
0300505F
03000060
03002060
03000061
03001061
03004061
03005061
03000062
03001062
03002062
03003062
03003063
03004063
03005063
03002064
03003064
03004064
03000065
03001065
03004065
03005065
03000066
03001066
03002066
03000067
03003067
03004067
03005067
03001068
03002068
03003068
03003069
03005069
0300006A
0300106A
0300206A
0300406A
0300006B
0300106B
0300306B
0300406B
0300506B
0300006C
0300206C
0300406C
0300306D
0300406D
0300506D
0300006E
0300106E
0300206E
0300106F
0300306F
0300406F
0300506F
03000070
03002070
03003070
03000071
03003071
03005071
03000072
03001072
03002072
03004072
03001073
03003073
03004073
03005073
03002074
03004074
03000075
03001075
03003075
03005075
03000076
03002076
03003076
03004076
03000077
03001077
03004077
03005077
03001078
03002078
03003078
03004079
03005079
0300007A
0300207A
0300407A
0300007B
0300107B
0300307B
0300507B
0300007C
0300107C
0300207C
0300307C
0300307D
0300407D
0300507D
0300207E
0300307E
0300407E
0300007F
0300107F
0300307F
0300407F
0300507F
03000080
03001080
03002080
03004080
03000081
03005081
03001082
03002082
03003082
03004082
03005083
03000084
03001084
03002084
03003084
03004084
03000085
03001085
03003085
03005085
03000086
03002086
03004086
03003087
03004087
03005087
03001088
03002088
03004088
03000089
03001089
03003089
03005089
0300008A
0300208A
0300308A
0300408A
0300508A
0300008B
0300308B
0300108C
0300208C
0300408C
0300508C
0300108D
0300208D
0300308D
0300408D
0300508D
0300008E
0300008F
0300108F
0300208F
0300308F
0300408F
03000090
03002090
03005090
03001091
03003091
03004091
03000092
03001092
03002092
03003092
03004092
03005092
03004093
03000094
03002094
03003094
03005094
03000095
03001095
03003095
03001096
03002096
03004096
03005096
03000097
03003097
03004097
03000098
03002098
03005098
03001099
03003099
03004099
0300109A
0300209A
0300309A
0300409A
0300509A
0300009B
0300409B
0300009C
0300109C
0300209C
0300309C
0300509C
0300009D
0300109E
0300209E
0300309E
0300409E
0300509E
0300109F
0300309F
0300409F
030000A0
030020A0
030050A0
030000A1
030030A1
030040A1
030000A2
030010A2
030020A2
030030A2
030040A2
030050A2
030010A3
030040A3
030000A4
030020A4
030030A4
030050A4
030000A6
030010A6
030020A6
030030A6
030040A6
030050A6
030000A7
030010A7
030040A7
030000A8
030020A8
030030A8
030050A8
030010A9
030030A9
030040A9
030020AA
030030AA
030040AA
030050AA
030000AB
030010AB
030040AB
030000AC
030010AC
030020AC
030030AC
030050AC
030000AD
030040AD
030020AE
030030AE
030050AE
030010AF
030030AF
030040AF
030000B0
030010B0
030020B0
030040B0
030050B0
030000B1
030000B2
030020B2
030030B2
030040B2
030050B2
030010B3
030030B3
030040B3
030000B4
030010B4
030020B4
030030B4
030050B4
030030B5
030040B5
030000B6
030010B6
030020B6
030040B6
030050B6
030000B7
030030B7
030010B8
030020B8
030040B8
030050B8
030000B9
030040B9
030000BA
030010BA
030020BA
030030BA
030050BA
030030BB
030040BB
030010BC
030020BC
030030BC
030050BC
030000BD
030030BD
030040BD
030000BE
030010BE
030020BE
030040BE
030050BE
030000BF
030050BF
030010C0
030020C0
030030C0
030040C0
030020C1
030030C1
030040C1
030050C1
030000C2
030010C2
030030C2
030000C3
030020C3
030040C3
030050C3
030000C4
030010C4
030020C4
030030C4
030040C5
030050C5
030000C6
030010C6
030020C6
030030C6
030040C6
030030C7
030050C7
010000C8
03000000
03001000
03003000
03004000
03005000
03002001
03003001
03005001
03000002
03001002
03002002
03003002
03004002
03005002
03000003
03001003
03002003
03003003
03004003
02000000
03000004
03001004
03003004
03004004
03005004
03000005
03002005
03004005
03005005
03001006
03002006
03003006
03004006
03005006
03000007
03001007
03002007
03004007
03000008
03001008
03003008
03005008
03000009
03002009
03003009
03004009
03005009
0300000A
0300100A
0300200A
0300300A
0300400A
0300500A
0300100B
0300200B
0300300B
0300400B
0300000C
0300100C
0300400C
0300500C
0300000D
0300200D
0300300D
0300500D
0300000E
0300100E
0300200E
0300300E
0300400E
0300500E
0300000F
0300100F
0300200F
0300300F
0300400F
03001010
03003010
03004010
03005010
03000011
03002011
03003011
03004011
03005011
03000012
03001012
03002012
03003012
03005012
03000013
03001013
03002013
03004013
03000014
03001014
03004014
03005014
03002015
03003015
03004015
03005015
03000016
03001016
03002016
03003016
03004016
03005016
03000017
03001017
03002017
03003017
03004017
03000018
03001018
03003018
03005018
03000019
03002019
03003019
03004019
03005019
0300101A
0300201A
0300301A
0300401A
0300501A
0300001B
0300101B
0300201B
0300301B
0300001C
0300101C
0300401C
0300501C
0300001D
0300201D
0300401D
0300501D
0300001E
0300101E
0300201E
0300301E
0300401E
0300501E
0300101F
0300201F
0300301F
0300401F
03000020
03001020
03003020
03004020
03005020
03000021
03002021
03003021
03004021
03005021
03000022
03001022
03002022
03003022
03004022
03005022
03000023
03001023
03002023
03003023
03001024
03003024
03004024
03005024
03000025
03002025
03003025
03005025
03000026
03001026
03002026
03004026
03005026
03000027
03001027
03002027
03004027
03000028
03001028
03003028
03004028
03005028
03002029
03003029
03004029
03005029
0300002A
0300102A
0300202A
0300302A
0300402A
0300502A
0300002B
0300102B
0300202B
0300302B
0300402B
0300002C
0300102C
0300302C
0300402C
0300502C
0300002D
0300202D
0300402D
0300502D
0300102E
0300202E
0300302E
0300502E
0300002F
0300102F
0300202F
0300302F
03000030
03001030
03003030
03004030
03005030
03000031
03002031
03003031
03004031
03005031
03000032
03001032
03002032
03003032
03004032
03005032
03001033
03002033
03004033
03000034
03001034
03003034
03004034
03005034
03000035
03002035
03003035
03004035
03005035
03000036
03001036
03002036
03004036
03005036
03000037
03001037
03002037
03003037
03004037
03001038
03003038
03005038
03000039
03002039
03003039
03004039
03005039
0300003A
0300103A
0300203A
0300303A
0300403A
0300503A
0300003B
0300103B
0300203B
0300303B
0300003C
0300103C
0300403C
0300503C
0300203D
0300303D
0300403D
0300503D
0300003E
0300103E
0300203E
0300303E
0300403E
0300503E
0300003F
0300103F
0300203F
0300303F
0300403F
03000040
03001040
03004040
03005040
03000041
03002041
03003041
03004041
03005041
03001042
03002042
03003042
03004042
03005042
03000043
03001043
03002043
03003043
03004043
03000044
03001044
03003044
03005044
03000045
03002045
03003045
03005045
03000046
03001046
03002046
03004046
03005046
03001047
03002047
03003047
03004047
03000048
03001048
03003048
03004048
03005048
03000049
03002049
03004049
03005049
0300004A
0300104A
0300204A
0300304A
0300404A
0300504A
0300004B
0300104B
0300204B
0300304B
0300404B
0300104C
0300304C
0300404C
0300504C
0300004D
0300204D
0300304D
0300404D
0300504D
0300004E
0300104E
0300204E
0300304E
0300504E
0300004F
0300104F
0300204F
0300304F
0300404F
03000050
03001050
03005050
03002051
03003051
03004051
03005051
03000052
03001052
03002052
03003052
03004052
03005052
03000053
03001053
03002053
03004053
03000054
03001054
03003054
03004054
03005054
03000055
03002055
03003055
03004055
03005055
03001056
03002056
03003056
03004056
03005056
03000057
03001057
03002057
03003057
03004057
03000058
03001058
03003058
03005058
03000059
03002059
03004059
03005059
0300005A
0300105A
0300205A
0300305A
0300405A
0300505A
0300105B
0300205B
0300305B
0300005C
0300105C
0300305C
0300405C
0300505C
0300005D
0300205D
0300305D
0300405D
0300505D
0300005E
0300105E
0300205E
0300405E
0300505E
0300005F
0300105F
0300205F
0300305F
0300405F
03001060
03003060
03004060
03005060
03000061
03002061
03004061
03005061
03000062
03001062
03002062
03003062
03005062
03000063
03001063
03002063
03003063
03004063
03000064
03001064
03003064
03004064
03005064
03002065
03003065
03005065
03000066
03001066
03002066
03003066
03004066
03005066
03000067
03001067
03002067
03003067
03004067
03000068
03001068
03004068
03005068
03000069
03002069
03003069
03004069
03005069
0300106A
0300206A
0300306A
0300406A
0300506A
0300006B
0300106B
0300206B
0300406B
0300006C
0300106C
0300306C
0300506C
0300006D
0300206D
0300306D
0300406D
0300506D
0300006E
0300106E
0300206E
0300306E
0300406E
0300506E
0300106F
0300206F
0300306F
0300406F
03000070
03001070
03005070
03000071
03002071
03003071
03004071
03005071
03000072
03001072
03002072
03003072
03004072
03005072
03000073
03001073
03002073
03003073
03004073
03001074
03003074
03004074
03005074
03000075
03002075
03004075
03005075
03000076
03001076
03002076
03003076
03004076
03005076
03000077
03001077
03002077
03003077
03004077
03000078
03001078
03003078
03005078
03002079
03003079
03005079
0300007A
0300107A
0300207A
0300407A
0300507A
0300007B
0300107B
0300207B
0300307B
0300407B
0300007C
0300107C
0300307C
0300407C
0300507C
0300007D
0300207D
0300407D
0300507D
0300107E
0300207E
0300307E
0300407E
0300507E
0300007F
0300107F
0300207F
0300307F
0300407F
03000080
03001080
03003080
03004080
03005080
03000081
03002081
03003081
03004081
03005081
03000082
03001082
03002082
03003082
03005082
03001083
03002083
03003083
03000084
03001084
03004084
03005084
03000085
03002085
03003085
03004085
03005085
03000086
03001086
03002086
03004086
03005086
03000087
03001087
03002087
03003087
03004087
03001088
03003088
03004088
03005088
03000089
03002089
03003089
03004089
03005089
0300008A
0300108A
0300208A
0300308A
0300408A
0300508A
0300008B
0300108B
0300208B
0300308B
0300408B
0300008C
0300108C
0300308C
0300508C
0300208D
0300408D
0300508D
0300008E
0300108E
0300208E
0300308E
0300408E
0300508E
0300008F
0300108F
0300208F
03000090
03001090
03003090
03004090
03005090
03000091
03002091
03003091
03004091
03005091
03001092
03002092
03003092
03004092
03005092
03000093
03001093
03002093
03003093
03004093
03000094
03001094
03003094
03004094
03005094
03000095
03002095
03003095
03004095
03005095
03000096
03001096
03002096
03004096
03005096
03001097
03002097
03003097
03000098
03001098
03003098
03004098
03005098
03000099
03002099
03004099
03005099
0300009A
0300109A
0300209A
0300309A
0300509A
0300009B
0300109B
0300209B
0300309B
0300409B
0300109C
0300309C
0300409C
0300509C
0300009D
0300209D
0300309D
0300409D
0300509D
0300009E
0300109E
0300209E
0300309E
0300409E
0300509E
0300009F
0300109F
0300209F
0300409F
030000A0
030010A0
030030A0
030040A0
030050A0
030020A1
030030A1
030040A1
030050A1
030000A2
030010A2
030020A2
030030A2
030050A2
030000A3
030010A3
030020A3
030040A3
030000A4
030010A4
030030A4
030040A4
030050A4
030000A5
030020A5
030030A5
030050A5
030010A6
030020A6
030030A6
030040A6
030050A6
030000A7
030010A7
030020A7
030030A7
030040A7
030000A8
030010A8
030030A8
030040A8
030050A8
030000A9
030020A9
030040A9
030050A9
030000AA
030010AA
030020AA
030030AA
030040AA
030050AA
030010AB
030020AB
030030AB
030040AB
030000AC
030010AC
030040AC
030050AC
030000AD
030020AD
030030AD
030050AD
030000AE
030010AE
030020AE
030030AE
030040AE
030050AE
030000AF
030010AF
030020AF
030030AF
030010B0
030030B0
030040B0
030050B0
030000B1
030020B1
030030B1
030040B1
030050B1
030000B2
030010B2
030020B2
030030B2
030040B2
030050B2
030000B3
030010B3
030020B3
030040B3
030000B4
030010B4
030030B4
030040B4
030050B4
030020B5
030030B5
030040B5
030050B5
030000B6
030010B6
030020B6
030040B6
030050B6
030000B7
030010B7
030020B7
030030B7
030000B8
030010B8
030030B8
030040B8
030050B8
030000B9
030020B9
030030B9
030040B9
030050B9
030010BA
030020BA
030030BA
030050BA
030000BB
030010BB
030020BB
030030BB
030040BB
030000BC
030010BC
030040BC
030050BC
030000BD
030020BD
030030BD
030040BD
030050BD
030000BE
030010BE
030020BE
030030BE
030040BE
030050BE
030010BF
030020BF
030030BF
030040BF
030000C0
030010C0
030030C0
030040C0
030050C0
030000C1
030020C1
030040C1
030050C1
030000C2
030010C2
030020C2
030030C2
030050C2
030000C3
030010C3
030020C3
030030C3
030010C4
030030C4
030040C4
030050C4
030000C5
030020C5
030040C5
030050C5
030000C6
030010C6
030020C6
030030C6
030040C6
030050C6
030000C7
030010C7
030020C7
030030C7
030040C7
010000C8
03000000
03001000
03004000
03002001
03003001
03005001
03000002
03001002
03003002
03004002
03000003
03002003
03003003
03005003
02001000
03001004
03004004
03002005
03003005
03004005
03005005
03000006
03001006
03004006
03000007
03002007
03003007
03005007
03000008
03001008
03004008
03001009
03002009
03003009
03004009
03005009
0300300A
0300000B
0300200B
0300500B
0300000C
0300100C
0300300C
0300400C
0300500C
0300000D
0300100D
0300200D
0300300D
0300400D
0300400E
0300500E
0300000F
0300100F
0300200F
0300300F
0300500F
03004010
03000011
03001011
03002011
03003011
03004011
03005011
03000012
03001012
03002012
03003012
03005013
03000014
03002014
03003014
03004014
03001015
03002015
03004015
03005015
03000016
03001016
03003016
03004016
03000017
03002017
03003017
03005017
03004018
03000019
03001019
03002019
03003019
03005019
0300101A
0300301A
0300401A
0300001B
0300201B
0300401B
0300501B
0300001C
0300101C
0300201D
0300301D
0300501D
0300001E
0300101E
0300301E
0300401E
0300101F
0300201F
0300301F
0300401F
0300501F
03000020
03004020
03000021
03002021
03003021
03004021
03005021
03001022
03000023
03001023
03002023
03003023
03005023
03000024
03003024
03004024
03001025
03002025
03004025
03005025
03003026
03000027
03001027
03002027
03004027
03005027
03000028
03001028
03003028
03004028
03000029
03002029
03003029
03005029
0300402A
0300102B
0300202B
0300302B
0300502B
0300002C
0300102C
0300402C
0300002D
0300202D
0300302D
0300402D
0300502D
0300002E
0300302E
0300402E
0300102F
0300202F
0300302F
0300502F
03000030
03001030
03004030
03002031
03005031
03000032
03003032
03004032
03000033
03001033
03002033
03003033
03004033
03005033
03001034
03003034
03000035
03002035
03004035
03005035
03000036
03001036
03004036
03002037
03003037
03005037
03000038
03001038
03003038
03004038
03001039
03002039
03003039
03004039
03005039
0300003A
0300003B
0300203B
0300303B
0300403B
0300503B
0300103C
0300403C
0300003D
0300103D
0300203D
0300303D
0300503D
0300303E
0300403E
0300003F
0300203F
0300403F
0300503F
03000040
03001040
03003040
03005040
03001041
03002041
03000042
03003042
03004042
03005042
03000043
03001043
03002043
03003043
03004043
03003044
03004044
03005044
03000045
03001045
03002045
03001046
03002046
03004046
03005046
03000047
03003047
03004047
03000048
03002048
03003048
03005048
03001049
03002049
0300004A
0300104A
0300304A
0300404A
0300504A
0300304B
0300404B
0300004C
0300204C
0300304C
0300404C
0300504C
0300004D
0300104D
0300104E
0300204E
0300504E
0300004F
0300304F
0300404F
03000050
03001050
03002050
03003050
03004050
03005050
03003051
03004051
03000052
03001052
03002052
03005052
03001053
03003053
03004053
03000054
03002054
03005054
03000055
03003055
03004055
03001056
03002056
03003056
03004056
03005056
03000057
03001057
03002058
03003058
03004058
03005058
03000059
0300005A
0300105A
0300205A
0300305A
0300405A
0300505A
0300105B
0300305B
0300405B
0300005C
0300205C
0300505C
0300005D
0300305D
0300405D
0300105E
0300205E
0300305E
0300405E
0300505E
0300005F
0300105F
03002060
03003060
03004060
03005060
03000061
03001061
03003061
03000062
03002062
03004062
03005062
03001063
03004063
03000064
03002064
03003064
03004064
03005064
03001065
03003065
03000066
03002066
03003066
03005066
03000067
03001067
03004067
03002068
03003068
03004068
03005068
03000069
03001069
03004069
0300006A
0300206A
0300306A
0300406A
0300506A
0300106B
0300306B
0300006C
0300206C
0300506C
0300106D
0300306D
0300406D
0300006E
0300206E
0300406E
0300506E
0300006F
0300106F
0300306F
0300406F
03002070
03003070
03005070
03000071
03001071
03003071
03004071
03002072
03005072
03000073
03001073
03004073
03005073
03000074
03002074
03003074
03004074
03001075
03003075
03005075
03000076
03002076
03003076
03004076
03005076
03000077
03001077
03004077
03002078
03000079
03001079
03002079
03003079
03004079
03005079
0300307A
0300007B
0300107B
0300207B
0300307B
0300407B
0300507B
0300007C
0300207C
0300407C
0300107D
0300307D
0300507D
0300007E
0300207E
0300407E
0300107F
0300307F
0300407F
0300507F
03000080
03002080
03000081
03001081
03003081
03005081
03001082
03002082
03003082
03004082
03000083
03003083
03004083
03005083
03000084
03002084
03004084
03001085
03003085
03005085
03001086
03002086
03004086
03000087
03003087
03004087
03005087
03000088
03001088
03002088
03000089
03003089
03005089
0300108A
0300208A
0300408A
0300108B
0300308B
0300408B
0300508B
0300008C
0300208C
0300308C
0300408C
0300008D
0300108D
0300308D
0300508D
0300008E
0300208E
0300408E
0300108F
0300308F
0300508F
03000090
03002090
03004090
03001091
03003091
03004091
03005091
03000092
03002092
03003092
03000093
03001093
03004093
03005093
03002094
03004094
03000095
03001095
03003095
03005095
03001096
03002096
03003096
03004096
03000097
03003097
03005097
03000098
03002098
03004098
03001099
03003099
03004099
03005099
0300009A
0300109A
0300209A
0300409A
0300309B
0300509B
0300009C
0300109C
0300209C
0300309C
0300409C
0300009D
0300509D
0300109E
0300209E
0300309E
0300409E
0300009F
0300109F
0300409F
0300509F
030020A0
030030A0
030040A0
030000A1
030010A1
030030A1
030050A1
030000A2
030020A2
030030A2
030010A3
030040A3
030050A3
030000A4
030010A4
030020A4
030040A4
030000A5
030030A5
030040A5
030050A5
030020A6
030030A6
030040A6
030010A7
030030A7
030050A7
030000A8
030010A8
030020A8
030050A8
030000A9
030030A9
030040A9
030000AA
030020AA
030040AA
030050AA
030010AB
030030AB
030050AB
030010AC
030020AC
030040AC
030000AD
030020AD
030030AD
030040AD
030000AE
030010AE
030030AE
030050AE
030000AF
030020AF
030040AF
030010B0
030020B0
030030B0
030040B0
030050B0
030000B1
030010B1
030030B1
030030B2
030040B2
030050B2
030000B3
030020B3
030000B4
030010B4
030040B4
030050B4
030000B5
030010B5
030020B5
030030B5
030030B6
030040B6
030050B6
030020B7
030030B7
030040B7
030000B8
030010B8
030040B8
030050B8
030000B9
030010B9
030020B9
030000BA
030030BA
030040BA
030050BA
030010BB
030020BB
030030BB
030030BC
030050BC
030000BD
030010BD
030020BD
030040BD
030000BE
030010BE
030030BE
030040BE
030050BE
030000BF
030020BF
030040BF
030030C0
030040C0
030050C0
030000C1
030010C1
030020C1
030010C2
030030C2
030040C2
030050C2
030000C3
030020C3
030030C3
030000C4
030030C4
030050C4
030000C5
030010C5
030020C5
030040C5
030010C6
030030C6
030040C6
030050C6
030020C7
030040C7
010000C8
03000000
03001000
03002000
03003000
03004000
03005000
03001001
03003001
03004001
03000002
03002002
03004002
03005002
03000003
03001003
03002003
03003003
03004003
03005003
02000000
03000004
03001004
03002004
03003004
03005004
03000005
03001005
03003005
03002006
03003006
03004006
03005006
03000007
03001007
03002007
03004007
03005007
03000008
03001008
03002008
03003008
03004008
03005008
03000009
03001009
03003009
03004009
0300000A
0300200A
0300400A
0300500A
0300100B
0300200B
0300300B
0300400B
0300500B
0300000C
0300100C
0300200C
0300300C
0300400C
0300500C
0300000D
0300100D
0300300D
0300400D
0300000E
0300200E
0300300E
0300500E
0300000F
0300100F
0300200F
0300300F
0300400F
0300500F
03001010
03002010
03003010
03004010
03005010
03000011
03001011
03000012
03002012
03004012
03005012
03000013
03001013
03002013
03003013
03004013
03005013
03000014
03001014
03002014
03003014
03004014
03005014
03001015
03003015
03004015
03000016
03002016
03003016
03004016
03005016
03000017
03001017
03002017
03003017
03004017
03005017
03000018
03001018
03002018
03003018
03004018
03005018
03000019
03001019
03003019
03004019
0300201A
0300501A
0300001B
0300101B
0300201B
0300301B
0300501B
0300001C
0300101C
0300201C
0300401C
0300501C
0300001D
0300101D
0300301D
0300401D
0300001E
0300201E
0300301E
0300401E
0300501E
0300101F
0300201F
0300301F
0300401F
0300501F
03000020
03001020
03002020
03003020
03004020
03005020
03000021
03001021
03003021
03004021
03000022
03002022
03004022
03005022
03000023
03001023
03002023
03003023
03004023
03005023
03001024
03002024
03003024
03005024
03000025
03001025
03003025
03004025
03000026
03002026
03003026
03005026
03000027
03001027
03002027
03004027
03005027
03000028
03001028
03002028
03003028
03004028
03005028
03001029
03003029
03004029
0300002A
0300202A
0300302A
0300402A
0300502A
0300002B
0300102B
0300202B
0300402B
0300502B
0300002C
0300102C
0300202C
0300302C
0300402C
0300502C
0300002D
0300102D
0300302D
0300402D
0300202E
0300302E
0300402E
0300502E
0300002F
0300102F
0300202F
0300302F
0300502F
03000030
03001030
03002030
03003030
03005030
03000031
03001031
03004031
03000032
03002032
03003032
03004032
03005032
03001033
03002033
03004033
03005033
03000034
03001034
03002034
03003034
03004034
03005034
03000035
03001035
03003035
03004035
03000036
03002036
03003036
03004036
03005036
03000037
03001037
03002037
03003037
03004037
03005037
03001038
03002038
03003038
03004038
03005038
03000039
03001039
03003039
0300003A
0300203A
0300303A
0300503A
0300003B
0300103B
0300203B
0300403B
0300503B
0300003C
0300103C
0300203C
0300303C
0300403C
0300503C
0300103D
0300403D
0300003E
0300203E
0300303E
0300403E
0300503E
0300003F
0300103F
0300203F
0300303F
0300403F
0300503F
03000040
03001040
03002040
03003040
03004040
03005040
03000041
03001041
03003041
03004041
03002042
03003042
03004042
03005042
03000043
03001043
03002043
03005043
03000044
03001044
03002044
03003044
03004044
03005044
03000045
03001045
03003045
03000046
03002046
03003046
03004046
03005046
03001047
03002047
03003047
03004047
03005047
03000048
03001048
03002048
03003048
03004048
03005048
03000049
03001049
03004049
0300004A
0300204A
0300304A
0300404A
0300504A
0300004B
0300104B
0300204B
0300404B
0300504B
0300104C
0300204C
0300304C
0300404C
0300504C
0300004D
0300104D
0300304D
0300404D
0300004E
0300204E
0300304E
0300504E
0300004F
0300104F
0300204F
0300304F
0300504F
03000050
03001050
03002050
03003050
03004050
03005050
03001051
03003051
03004051
03000052
03002052
03003052
03004052
03005052
03000053
03001053
03002053
03004053
03005053
03000054
03001054
03002054
03004054
03005054
03000055
03001055
03003055
03004055
03002056
03003056
03004056
03005056
03000057
03001057
03002057
03003057
03004057
03005057
03000058
03001058
03002058
03003058
03005058
03000059
03001059
03003059
0300005A
0300205A
0300305A
0300405A
0300505A
0300105B
0300205B
0300305B
0300405B
0300505B
0300005C
0300105C
0300205C
0300405C
0300505C
0300005D
0300105D
0300305D
0300405D
0300005E
0300205E
0300405E
0300505E
0300005F
0300105F
0300205F
0300305F
0300405F
0300505F
03001060
03002060
03003060
03004060
03005060
03000061
03001061
03003061
03004061
03000062
03002062
03003062
03005062
03000063
03001063
03002063
03003063
03005063
03000064
03001064
03002064
03004064
03005064
03001065
03003065
03004065
03000066
03002066
03003066
03004066
03005066
03000067
03001067
03002067
03003067
03004067
03005067
03000068
03001068
03002068
03003068
03004068
03005068
03000069
03001069
03004069
0300206A
0300306A
0300406A
0300506A
0300006B
0300106B
0300206B
0300306B
0300406B
0300506B
0300006C
0300106C
0300206C
0300506C
0300006D
0300106D
0300306D
0300406D
0300006E
0300206E
0300306E
0300506E
0300106F
0300206F
0300306F
0300406F
0300506F
03000070
03001070
03002070
03003070
03004070
03005070
03000071
03001071
03003071
03004071
03000072
03002072
03003072
03004072
03005072
03000073
03001073
03002073
03004073
03005073
03001074
03002074
03004074
03005074
03000075
03001075
03003075
03004075
03000076
03002076
03003076
03004076
03005076
03000077
03001077
03002077
03003077
03005077
03000078
03001078
03002078
03003078
03004078
03005078
03001079
03003079
0300007A
0300207A
0300307A
0300407A
0300507A
0300007B
0300107B
0300207B
0300307B
0300407B
0300507B
0300007C
0300107C
0300207C
0300407C
0300507C
0300007D
0300107D
0300307D
0300407D
0300207E
0300407E
0300507E
0300007F
0300107F
0300207F
0300307F
0300407F
0300507F
03000080
03001080
03002080
03003080
03004080
03005080
03000081
03001081
03003081
03004081
03000082
03002082
03003082
03005082
03001083
03002083
03003083
03004083
03005083
03000084
03001084
03002084
03005084
03000085
03001085
03003085
03004085
03000086
03002086
03003086
03004086
03005086
03000087
03001087
03002087
03003087
03004087
03005087
03001088
03002088
03003088
03004088
03005088
03000089
03001089
03004089
0300008A
0300208A
0300308A
0300408A
0300508A
0300008B
0300108B
0300208B
0300308B
0300408B
0300508B
0300008C
0300108C
0300208C
0300308C
0300408C
0300508C
0300108D
0300008E
0300208E
0300308E
0300408E
0300508E
0300008F
0300108F
0300208F
0300308F
0300508F
03000090
03001090
03002090
03003090
03004090
03005090
03000091
03001091
03003091
03004091
03002092
03004092
03005092
03000093
03001093
03002093
03003093
03004093
03005093
03000094
03001094
03002094
03003094
03004094
03005094
03000095
03001095
03003095
03004095
03000096
03002096
03003096
03004096
03005096
03001097
03002097
03003097
03004097
03005097
03000098
03001098
03002098
03005098
03000099
03001099
03003099
0300009A
0300209A
0300409A
0300509A
0300009B
0300109B
0300209B
0300309B
0300409B
0300509B
0300109C
0300209C
0300309C
0300409C
0300509C
0300009D
0300109D
0300309D
0300409D
0300009E
0300209E
0300309E
0300409E
0300509E
0300009F
0300109F
0300209F
0300309F
0300409F
0300509F
030000A0
030010A0
030020A0
030030A0
030040A0
030050A0
030010A1
030030A1
030040A1
030000A2
030020A2
030050A2
030000A3
030010A3
030020A3
030030A3
030050A3
030000A4
030010A4
030020A4
030040A4
030050A4
030000A5
030010A5
030030A5
030040A5
030020A6
030030A6
030040A6
030050A6
030000A7
030010A7
030020A7
030030A7
030040A7
030050A7
030000A8
030010A8
030020A8
030030A8
030040A8
030050A8
030000A9
030010A9
030030A9
030040A9
030000AA
030020AA
030030AA
030040AA
030050AA
030010AB
030020AB
030040AB
030050AB
030000AC
030010AC
030020AC
030030AC
030050AC
030000AD
030010AD
030030AD
030040AD
030000AE
030020AE
030050AE
030000AF
030010AF
030020AF
030030AF
030040AF
030050AF
030010B0
030020B0
030030B0
030040B0
030050B0
030000B1
030010B1
030030B1
030040B1
030000B2
030020B2
030030B2
030040B2
030050B2
030000B3
030010B3
030020B3
030030B3
030040B3
030050B3
030000B4
030010B4
030020B4
030030B4
030040B4
030050B4
030010B5
030040B5
030000B6
030020B6
030040B6
030050B6
030000B7
030010B7
030020B7
030030B7
030050B7
030000B8
030010B8
030020B8
030030B8
030050B8
030000B9
030010B9
030030B9
030040B9
030020BA
030030BA
030040BA
030050BA
030000BB
030010BB
030020BB
030030BB
030040BB
030050BB
030000BC
030010BC
030020BC
030030BC
030040BC
030050BC
030000BD
030010BD
030030BD
030040BD
030000BE
030020BE
030040BE
030050BE
030010BF
030020BF
030030BF
030040BF
030050BF
030000C0
030010C0
030020C0
030030C0
030040C0
030050C0
030000C1
030010C1
030000C2
030020C2
030030C2
030050C2
030000C3
030010C3
030020C3
030030C3
030040C3
030050C3
030010C4
030020C4
030040C4
030050C4
030000C5
030010C5
030030C5
030040C5
030000C6
030020C6
030030C6
030040C6
030050C6
030000C7
030010C7
030020C7
030030C7
030040C7
030050C7
010000C8
03000000
03004000
03000001
03002001
03003001
03004001
03005001
03001002
03000003
03001003
03002003
03003003
03005003
02001000
03000004
03003004
03004004
03001005
03002005
03004005
03005005
03003006
03000007
03001007
03002007
03004007
03005007
03000008
03001008
03003008
03004008
03000009
03002009
03003009
03005009
0300400A
0300100B
0300200B
0300300B
0300500B
0300000C
0300100C
0300400C
0300000D
0300200D
0300300D
0300400D
0300500D
0300000E
0300300E
0300400E
0300100F
0300200F
0300300F
0300500F
03000010
03001010
03004010
03002011
03005011
03000012
03003012
03004012
03000013
03001013
03002013
03003013
03004013
03005013
03001014
03003014
03000015
03002015
03004015
03005015
03000016
03001016
03004016
03002017
03003017
03005017
03000018
03001018
03003018
03004018
03001019
03002019
03003019
03004019
03005019
0300001A
0300001B
0300201B
0300301B
0300401B
0300501B
0300101C
0300401C
0300001D
0300101D
0300201D
0300301D
0300501D
0300301E
0300401E
0300001F
0300201F
0300401F
0300501F
03000020
03001020
03003020
03005020
03001021
03002021
03000022
03003022
03004022
03005022
03000023
03001023
03002023
03003023
03004023
03003024
03004024
03005024
03000025
03001025
03002025
03001026
03002026
03004026
03005026
03000027
03003027
03004027
03000028
03002028
03003028
03005028
03001029
03002029
0300002A
0300102A
0300302A
0300402A
0300502A
0300302B
0300402B
0300002C
0300202C
0300302C
0300402C
0300502C
0300002D
0300102D
0300102E
0300202E
0300502E
0300002F
0300302F
0300402F
03000030
03001030
03002030
03003030
03004030
03005030
03003031
03004031
03000032
03001032
03002032
03005032
03001033
03003033
03004033
03000034
03002034
03005034
03000035
03003035
03004035
03001036
03002036
03003036
03004036
03005036
03000037
03001037
03002038
03003038
03004038
03005038
03000039
0300003A
0300103A
0300203A
0300303A
0300403A
0300503A
0300103B
0300303B
0300403B
0300003C
0300203C
0300503C
0300003D
0300303D
0300403D
0300103E
0300203E
0300303E
0300403E
0300503E
0300003F
0300103F
03002040
03003040
03004040
03005040
03000041
03001041
03003041
03000042
03002042
03004042
03005042
03001043
03004043
03000044
03002044
03003044
03004044
03005044
03001045
03003045
03000046
03002046
03003046
03005046
03000047
03001047
03004047
03002048
03003048
03004048
03005048
03000049
03001049
03004049
0300004A
0300204A
0300304A
0300404A
0300504A
0300104B
0300304B
0300004C
0300204C
0300504C
0300104D
0300304D
0300404D
0300004E
0300204E
0300404E
0300504E
0300004F
0300104F
0300304F
0300404F
03002050
03003050
03005050
03000051
03001051
03003051
03004051
03002052
03005052
03000053
03001053
03004053
03005053
03000054
03002054
03003054
03004054
03001055
03003055
03005055
03000056
03002056
03003056
03004056
03005056
03000057
03001057
03004057
03002058
03000059
03001059
03002059
03003059
03004059
03005059
0300305A
0300005B
0300105B
0300205B
0300305B
0300405B
0300505B
0300005C
0300205C
0300405C
0300105D
0300305D
0300505D
0300005E
0300205E
0300405E
0300105F
0300305F
0300405F
0300505F
03000060
03002060
03000061
03001061
03003061
03005061
03001062
03002062
03003062
03004062
03000063
03003063
03004063
03005063
03000064
03002064
03004064
03001065
03003065
03005065
03001066
03002066
03004066
03000067
03003067
03004067
03005067
03000068
03001068
03002068
03000069
03003069
03005069
0300106A
0300206A
0300406A
0300106B
0300306B
0300406B
0300506B
0300006C
0300206C
0300306C
0300406C
0300006D
0300106D
0300306D
0300506D
0300006E
0300206E
0300406E
0300106F
0300306F
0300506F
03000070
03002070
03004070
03001071
03003071
03004071
03005071
03000072
03002072
03003072
03000073
03001073
03004073
03005073
03002074
03004074
03000075
03001075
03003075
03005075
03001076
03002076
03003076
03004076
03000077
03003077
03005077
03000078
03002078
03004078
03001079
03003079
03004079
03005079
0300007A
0300107A
0300207A
0300407A
0300307B
0300507B
0300007C
0300107C
0300207C
0300307C
0300407C
0300007D
0300507D
0300107E
0300207E
0300307E
0300407E
0300007F
0300107F
0300407F
0300507F
03002080
03003080
03004080
03000081
03001081
03003081
03005081
03000082
03002082
03003082
03001083
03004083
03005083
03000084
03001084
03002084
03004084
03000085
03003085
03004085
03005085
03002086
03003086
03004086
03001087
03003087
03005087
03000088
03001088
03002088
03005088
03000089
03003089
03004089
0300008A
0300208A
0300408A
0300508A
0300108B
0300308B
0300508B
0300108C
0300208C
0300408C
0300008D
0300208D
0300308D
0300408D
0300008E
0300108E
0300308E
0300508E
0300008F
0300208F
0300408F
03001090
03002090
03003090
03004090
03005090
03000091
03001091
03003091
03003092
03004092
03005092
03000093
03002093
03000094
03001094
03004094
03005094
03000095
03001095
03002095
03003095
03003096
03004096
03005096
03002097
03003097
03004097
03000098
03001098
03004098
03005098
03000099
03001099
03002099
0300009A
0300309A
0300409A
0300509A
0300109B
0300209B
0300309B
0300309C
0300509C
0300009D
0300109D
0300209D
0300409D
0300009E
0300109E
0300309E
0300409E
0300509E
0300009F
0300209F
0300409F
030030A0
030040A0
030050A0
030000A1
030010A1
030020A1
030010A2
030030A2
030040A2
030050A2
030000A3
030020A3
030030A3
030000A4
030030A4
030050A4
030000A5
030010A5
030020A5
030040A5
030010A6
030030A6
030040A6
030050A6
030020A7
030040A7
030000A8
030010A8
030030A8
030050A8
030000A9
030020A9
030030A9
030040A9
030000AA
030010AA
030040AA
030050AA
030010AB
030020AB
030030AB
030040AC
030050AC
030000AD
030020AD
030040AD
030000AE
030010AE
030030AE
030050AE
030000AF
030010AF
030020AF
030030AF
030030B0
030040B0
030050B0
030020B1
030030B1
030040B1
030000B2
030010B2
030030B2
030040B2
030050B2
030000B3
030010B3
030020B3
030040B3
030000B4
030050B4
030010B5
030020B5
030030B5
030040B5
030050B6
030000B7
030010B7
030020B7
030030B7
030040B7
030000B8
030010B8
030030B8
030050B8
030000B9
030020B9
030040B9
030030BA
030040BA
030050BA
030010BB
030020BB
030040BB
030000BC
030010BC
030030BC
030050BC
030000BD
030020BD
030030BD
030040BD
030050BD
030000BE
030030BE
030010BF
030020BF
030040BF
030050BF
030010C0
030020C0
030030C0
030040C0
030050C0
030000C1
030000C2
030010C2
030020C2
030030C2
030040C2
030000C3
030020C3
030050C3
030010C4
030030C4
030040C4
030000C5
030010C5
030020C5
030030C5
030040C5
030050C5
030040C6
030000C7
030020C7
030030C7
030050C7
010000C8
03002000
03003000
03004000
03005000
03000001
03000002
03001002
03002002
03003002
03004002
03005002
03001003
03003003
03004003
02001000
03000004
03002004
03004004
03005004
03001005
03003005
03000006
03002006
03003006
03004006
03005006
03000007
03001007
03001008
03002008
03003008
03004008
03005008
03000009
03004009
0300100A
0300200A
0300300A
0300500A
0300000B
0300300B
0300400B
0300000C
0300100C
0300200C
0300400C
0300500C
0300100D
0300300D
0300000E
0300200E
0300400E
0300500E
0300300F
0300400F
03000010
03001010
03002010
03003010
03004010
03005010
03000011
03001011
03002012
03003012
03005012
03000013
03001013
03004013
03005013
03002014
03003014
03004014
03000015
03001015
03003015
03004015
03005015
03000016
03001016
03002016
03003016
03004017
03005017
03000018
03002018
03001019
03002019
03003019
03004019
03005019
0300001A
0300101A
0300301A
0300401A
0300001B
0300201B
0300501B
0300201C
0300301C
0300401C
0300001D
0300101D
0300301D
0300401D
0300501D
0300101E
0300001F
0300201F
0300301F
0300401F
0300501F
03000020
03001020
03002021
03003021
03004021
03005021
03000022
03001022
03003022
03004022
03000023
03001023
03002023
03005023
03003024
03004024
03000025
03002025
03003025
03005025
03001026
03004026
03000027
03001027
03002027
03003027
03004027
03005027
03000028
03004028
03002029
03003029
03005029
0300002A
0300102A
0300302A
0300102B
0300202B
0300402B
0300502B
0300002C
0300302C
0300402C
0300002D
0300102D
0300202D
0300302D
0300402D
0300502D
0300002F
0300102F
0300202F
0300302F
0300502F
03000030
03001030
03004030
03002031
03003031
03004031
03005031
03000032
03003032
03004032
03001033
03002033
03005033
03000034
03001034
03003034
03004034
03000035
03002035
03005035
03003036
03004036
03000037
03001037
03002037
03003037
03004037
03005037
03001038
03003038
03000039
03002039
03004039
03005039
0300003A
0300103A
0300403A
0300203B
0300303B
0300503B
0300003C
0300103C
0300303C
0300403C
0300003D
0300203D
0300303D
0300503D
0300103E
0300403E
0300203F
0300303F
0300403F
0300503F
03000040
03001040
03004040
03000041
03002041
03003041
03005041
03000042
03001042
03004042
03001043
03002043
03003043
03004043
03005043
03003044
03000045
03002045
03005045
03000046
03001046
03003046
03004046
03005046
03000047
03001047
03002047
03003047
03004047
03004048
03005048
03000049
03001049
03002049
03003049
03005049
0300404A
0300004B
0300104B
0300204B
0300304B
0300404B
0300504B
0300004C
0300104C
0300204C
0300304C
0300504D
0300004E
0300204E
0300304E
0300404E
0300104F
0300204F
0300404F
0300504F
03000050
03001050
03003050
03004050
03000051
03002051
03003051
03005051
03004052
03000053
03001053
03002053
03003053
03005053
03001054
03003054
03004054
03000055
03002055
03004055
03005055
03000056
03001056
03002057
03003057
03005057
03000058
03001058
03003058
03004058
03001059
03002059
03003059
03004059
03005059
0300005A
0300405A
0300005B
0300205B
0300305B
0300405B
0300505B
0300105C
0300005D
0300105D
0300205D
0300305D
0300505D
0300005E
0300305E
0300405E
0300105F
0300205F
0300405F
0300505F
03003060
03000061
03001061
03002061
03004061
03005061
03000062
03001062
03003062
03004062
03000063
03002063
03003063
03005063
03004064
03001065
03002065
03003065
03005065
03000066
03001066
03004066
03000067
03002067
03003067
03004067
03005067
03000068
03003068
03004068
03001069
03002069
03003069
03005069
0300006A
0300106A
0300406A
0300206B
0300506B
0300006C
0300306C
0300406C
0300006D
0300106D
0300206D
0300306D
0300406D
0300506D
0300106E
0300306E
0300006F
0300206F
0300406F
0300506F
03000070
03001070
03004070
03002071
03003071
03005071
03000072
03001072
03003072
03004072
03001073
03002073
03003073
03004073
03005073
03000074
03000075
03002075
03003075
03004075
03005075
03001076
03004076
03000077
03001077
03002077
03003077
03005077
03003078
03004078
03000079
03002079
03004079
03005079
0300007A
0300107A
0300307A
0300507A
0300107B
0300207B
0300007C
0300307C
0300407C
0300507C
0300007D
0300107D
0300207D
0300307D
0300407D
0300307E
0300407E
0300507E
0300007F
0300107F
0300207F
03001080
03002080
03004080
03005080
03000081
03003081
03004081
03000082
03002082
03003082
03005082
03001083
03002083
03000084
03001084
03003084
03004084
03005084
03003085
03004085
03000086
03002086
03003086
03004086
03005086
03000087
03001087
03001088
03002088
03005088
03000089
03003089
03004089
0300008A
0300108A
0300208A
0300308A
0300408A
0300508A
0300308B
0300408B
0300008C
0300108C
0300208C
0300508C
0300108D
0300308D
0300408D
0300008E
0300208E
0300508E
0300008F
0300308F
0300408F
03001090
03002090
03003090
03004090
03005090
03000091
03001091
03002092
03003092
03004092
03005092
03000093
03000094
03001094
03002094
03003094
03004094
03005094
03001095
03003095
03004095
03000096
03002096
03005096
03000097
03003097
03004097
03001098
03002098
03003098
03004098
03005098
03000099
03001099
0300209A
0300309A
0300409A
0300509A
0300009B
0300109B
0300309B
0300009C
0300209C
0300409C
0300509C
0300109D
0300409D
0300009E
0300209E
0300309E
0300409E
0300509E
0300109F
0300309F
030000A0
030020A0
030030A0
030050A0
030000A1
030010A1
030040A1
030020A2
030030A2
030040A2
030050A2
030000A3
030010A3
030040A3
030000A4
030020A4
030030A4
030040A4
030050A4
030010A5
030030A5
030000A6
030020A6
030050A6
030010A7
030030A7
030040A7
030000A8
030020A8
030040A8
030050A8
030000A9
030010A9
030030A9
030040A9
030020AA
030030AA
030050AA
030000AB
030010AB
030030AB
030040AB
030020AC
030050AC
030000AD
030010AD
030040AD
030050AD
030000AE
030020AE
030030AE
030040AE
030010AF
030030AF
030050AF
030000B0
030020B0
030030B0
030040B0
030050B0
030000B1
030010B1
030040B1
030020B2
030000B3
030010B3
030020B3
030030B3
030040B3
030050B3
030030B4
030000B5
030010B5
030020B5
030030B5
030040B5
030050B5
030000B6
030020B6
030040B6
030010B7
030030B7
030050B7
030000B8
030020B8
030040B8
030010B9
030030B9
030040B9
030050B9
030000BA
030020BA
030000BB
030010BB
030030BB
030050BB
030010BC
030020BC
030030BC
030040BC
030000BD
030030BD
030040BD
030050BD
030000BE
030020BE
030040BE
030010BF
030030BF
030050BF
030010C0
030020C0
030040C0
030000C1
030030C1
030040C1
030050C1
030000C2
030010C2
030020C2
030000C3
030030C3
030050C3
030010C4
030020C4
030040C4
030010C5
030030C5
030040C5
030050C5
030000C6
030020C6
030030C6
030040C6
030000C7
030010C7
030030C7
030050C7
010000C8
